Gene	CDSLength	ExonsNb	Protein	GO Annot	Function	ALength	QCover	Score	Evalue	PIdent	Species
ATCG00020.1	1061	1	Photosystem II protein D1	GO:0009535;GO:0009523;GO:0016168;GO:0009055;GO:0005506;GO:0016682;GO:0010242;GO:0009772;GO:0009635	Photosystem II (PSII) is a light-driven water:plastoquinone oxidoreductase that uses light energy to abstract electrons from H(2)O, generating O(2) and a proton gradient subsequently used for ATP formation. It consists of a core antenna complex that captures photons, and an electron transfer chain that converts photonic excitation into a charge separation. The D1/D2 (PsbA/PsbD) reaction center heterodimer binds P680, the primary electron donor of PSII as well as several subsequent electron acceptors.	353	99	721.0	0.0	100.000	Platanus occidentalis
AT2G01008.1	1086	3	NA	NA	NA	NA	NA	NA	NA	NA	NA
AT4G00005.1	356	1	PRA1 family protein B5	GO:0005783;GO:0010008;GO:0005794;GO:0016192	May be involved in both secretory and endocytic intracellular trafficking in the endosomal/prevacuolar compartments.	100	84	181.0	8.72e-59	93.000	Arabidopsis thaliana
AT5G01010.1	3536	15	NA	NA	NA	NA	NA	NA	NA	NA	NA
AT5G01010.2	3536	16	NA	NA	NA	NA	NA	NA	NA	NA	NA
AT5G01010.4	3536	16	NA	NA	NA	NA	NA	NA	NA	NA	NA
AT5G01010.5	3536	16	NA	NA	NA	NA	NA	NA	NA	NA	NA
AT5G01010.3	3397	14	NA	NA	NA	NA	NA	NA	NA	NA	NA
AT3G01015.1	2219	8	Microtubule-destabilizing protein 60	GO:0005880;GO:0005819;GO:0008017;GO:0030295;GO:0043622;GO:0007019;GO:0090307;GO:0060236;GO:1905421;GO:0009723;GO:0009416;GO:1990785;GO:0009826	Binds directly to microtubules (PubMed:29167353). Microtubule-destabilizing protein involved in the PIF3-dependent positive regulation of hypocotyl cell elongation via the modulation of cortical microtubules dynamic in response to light and ethylene signaling (PubMed:29167353, PubMed:31638649). Promotes submergence-induced and ethylene-dependent underwater hypocotyl elongation (PubMed:31638649).	488	99	983.0	0.0	100.000	Arabidopsis thaliana
AT4G00020.2	7469	22	Protein BREAST CANCER SUSCEPTIBILITY 2 homolog A	GO:0005634;GO:0003697;GO:0000724;GO:0009793;GO:0009553;GO:0048314;GO:0051321;GO:0031347;GO:0006355	Involved in double-strand break repair and/or homologous recombination by mediating RAD51- and DMC1-facilitated DNA repair. Plays an essential role in both somatic and meiotic homologous recombination. Is crucial for the formation of RAD51 and DMC1 foci during male meiotic homologous recombination in prophase I.	1153	97	2300.0	0.0	97.485	Arabidopsis thaliana
AT4G00020.1	6257	20	Protein BREAST CANCER SUSCEPTIBILITY 2 homolog A	GO:0005634;GO:0003697;GO:0000724;GO:0009793;GO:0009553;GO:0048314;GO:0051321;GO:0031347;GO:0006355	Involved in double-strand break repair and/or homologous recombination by mediating RAD51- and DMC1-facilitated DNA repair. Plays an essential role in both somatic and meiotic homologous recombination. Is crucial for the formation of RAD51 and DMC1 foci during male meiotic homologous recombination in prophase I.	1151	99	2389.0	0.0	100.000	Arabidopsis thaliana
AT4G00020.5	6165	19	Protein BREAST CANCER SUSCEPTIBILITY 2 homolog A	GO:0005634;GO:0003697;GO:0000724;GO:0009793;GO:0009553;GO:0048314;GO:0051321;GO:0031347;GO:0006355	Involved in double-strand break repair and/or homologous recombination by mediating RAD51- and DMC1-facilitated DNA repair. Plays an essential role in both somatic and meiotic homologous recombination. Is crucial for the formation of RAD51 and DMC1 foci during male meiotic homologous recombination in prophase I.	1143	99	2349.0	0.0	99.388	Arabidopsis thaliana
AT4G00020.4	5888	18	Protein BREAST CANCER SUSCEPTIBILITY 2 homolog A	GO:0005634;GO:0003697;GO:0000724;GO:0009793;GO:0009553;GO:0048314;GO:0051321;GO:0031347;GO:0006355	Involved in double-strand break repair and/or homologous recombination by mediating RAD51- and DMC1-facilitated DNA repair. Plays an essential role in both somatic and meiotic homologous recombination. Is crucial for the formation of RAD51 and DMC1 foci during male meiotic homologous recombination in prophase I.	1085	99	2227.0	0.0	99.078	Arabidopsis thaliana
AT4G00020.3	5391	16	Protein BREAST CANCER SUSCEPTIBILITY 2 homolog A	GO:0005634;GO:0003697;GO:0000724;GO:0009793;GO:0009553;GO:0048314;GO:0051321;GO:0031347;GO:0006355	Involved in double-strand break repair and/or homologous recombination by mediating RAD51- and DMC1-facilitated DNA repair. Plays an essential role in both somatic and meiotic homologous recombination. Is crucial for the formation of RAD51 and DMC1 foci during male meiotic homologous recombination in prophase I.	983	99	2043.0	0.0	100.000	Arabidopsis thaliana
ATCG00050.1	1104	2	Small ribosomal subunit protein bS16cz	GO:0009507;GO:0015935;GO:0003735;GO:0006412		79	99	164.0	7.89e-54	100.000	Arabidopsis thaliana
AT5G01015.1	434	2	NA	NA	NA	NA	NA	NA	NA	NA	NA
AT5G01017.1	254	1	NA	NA	NA	NA	NA	NA	NA	NA	NA
AT5G01015.2	253	2	NA	NA	NA	NA	NA	NA	NA	NA	NA
ATMG00160.1;id2=cds-DAB41495.1;parent2=gene-cox2	2125	2	NA	NA	NA	NA	NA	NA	NA	NA	NA
AT2G01021.1	101	1	NA	NA	NA	NA	NA	NA	NA	NA	NA
AT1G01020.1	1751	9	Protein ARV 1	GO:0032541;GO:0005783;GO:0005789;GO:0005794;GO:0032366;GO:0097036;GO:0006665;GO:0016125	Mediator of sterol homeostasis involved in sterol uptake, trafficking and distribution into membranes. Also regulates the sphingolipid metabolism.	245	99	475.0	3.88e-172	100.000	Arabidopsis thaliana
AT1G01020.3	1527	7	Protein ARV 1	GO:0032541;GO:0005783;GO:0005789;GO:0005794;GO:0032366;GO:0097036;GO:0006665;GO:0016125	Mediator of sterol homeostasis involved in sterol uptake, trafficking and distribution into membranes. Also regulates the sphingolipid metabolism.	197	83	368.0	3.22e-130	100.000	Arabidopsis thaliana
AT1G01020.4	1527	7	Protein ARV 1	GO:0032541;GO:0005783;GO:0005789;GO:0005794;GO:0032366;GO:0097036;GO:0006665;GO:0016125	Mediator of sterol homeostasis involved in sterol uptake, trafficking and distribution into membranes. Also regulates the sphingolipid metabolism.	197	83	368.0	3.22e-130	100.000	Arabidopsis thaliana
AT1G01020.5	1504	8	Protein ARV 1	GO:0032541;GO:0005783;GO:0005789;GO:0005794;GO:0032366;GO:0097036;GO:0006665;GO:0016125	Mediator of sterol homeostasis involved in sterol uptake, trafficking and distribution into membranes. Also regulates the sphingolipid metabolism.	198	99	372.0	3.31e-132	100.000	Arabidopsis thaliana
ATCG00070.1	185	1	Photosystem II reaction center protein K	GO:0009535;GO:0009523;GO:0009539;GO:0015979	One of the components of the core complex of photosystem II (PSII). PSII is a light-driven water:plastoquinone oxidoreductase that uses light energy to abstract electrons from H(2)O, generating O(2) and a proton gradient subsequently used for ATP formation. It consists of a core antenna complex that captures photons, and an electron transfer chain that converts photonic excitation into a charge separation.	61	98	118.0	2.33e-36	100.000	Arabidopsis thaliana
AT1G01020.2	1351	7	Protein ARV 1	GO:0032541;GO:0005783;GO:0005789;GO:0005794;GO:0032366;GO:0097036;GO:0006665;GO:0016125	Mediator of sterol homeostasis involved in sterol uptake, trafficking and distribution into membranes. Also regulates the sphingolipid metabolism.	170	89	324.0	1.35e-113	100.000	Arabidopsis thaliana
AT1G01020.6	1104	4	Protein ARV 1	GO:0032541;GO:0005783;GO:0005789;GO:0005794;GO:0032366;GO:0097036;GO:0006665;GO:0016125	Mediator of sterol homeostasis involved in sterol uptake, trafficking and distribution into membranes. Also regulates the sphingolipid metabolism.	123	79	113.0	3.39e-32	58.537	Arabidopsis thaliana
ATCG00080.1	110	1	Photosystem II reaction center protein I	GO:0009535;GO:0009539;GO:0015979	One of the components of the core complex of photosystem II (PSII), required for its stability and/or assembly. PSII is a light-driven water:plastoquinone oxidoreductase that uses light energy to abstract electrons from H(2)O, generating O(2) and a proton gradient subsequently used for ATP formation. It consists of a core antenna complex that captures photons, and an electron transfer chain that converts photonic excitation into a charge separation.	36	97	73.9	3.73e-19	100.000	Illicium oligandrum
AT2G01023.1	119	1	NA	NA	NA	NA	NA	NA	NA	NA	NA
ATMG00110.1;id2=cds-DAB41496.1;parent2=gene-ccmB	620	1	NA	NA	NA	NA	NA	NA	NA	NA	NA
ATMG00090.1	3253	2	NA	NA	NA	NA	NA	NA	NA	NA	NA
AT5G01080.1	554	1	NA	NA	NA	NA	NA	NA	NA	NA	NA
ATCG00220.1	104	1	Photosystem II reaction center protein M	GO:0009535;GO:0009523;GO:0019684	One of the components of the core complex of photosystem II (PSII). PSII is a light-driven water:plastoquinone oxidoreductase that uses light energy to abstract electrons from H(2)O, generating O(2) and a proton gradient subsequently used for ATP formation. It consists of a core antenna complex that captures photons, and an electron transfer chain that converts photonic excitation into a charge separation. This subunit is found at the monomer-monomer interface.	34	97	67.1	1.35e-16	100.000	Solanum tuberosum
ATCG00360.1	1167	2	Photosystem I assembly protein Ycf3	GO:0009535;GO:0015979	Essential for the assembly of the photosystem I (PSI) complex. May act as a chaperone-like factor to guide the assembly of the PSI subunits.	126	99	268.0	3.42e-93	100.000	Brassica juncea
ATMG01170.1	1157	1	NA	NA	NA	NA	NA	NA	NA	NA	NA
AT2G01035.1	1142	3	NA	NA	NA	NA	NA	NA	NA	NA	NA
AT4G00140.1	2283	4	NA	NA	NA	NA	NA	NA	NA	NA	NA
AT2G01045.1	1142	3	NA	NA	NA	NA	NA	NA	NA	NA	NA
ATMG01275.1	1166	2	NA	NA	NA	NA	NA	NA	NA	NA	NA
ATCG00510.1	113	1	Photosystem I reaction center subunit VIII	GO:0009535;GO:0009522;GO:0015979	May help in the organization of the PsaL subunit.	37	97	74.7	1.8e-19	100.000	Arabidopsis thaliana
AT4G00155.1	332	1	NA	NA	NA	NA	NA	NA	NA	NA	NA
ATCG00550.1	122	1	Photosystem II reaction center protein J	GO:0009535;GO:0009523;GO:0009539;GO:0015979	One of the components of the core complex of photosystem II (PSII). PSII is a light-driven water:plastoquinone oxidoreductase that uses light energy to abstract electrons from H(2)O, generating O(2) and a proton gradient subsequently used for ATP formation. It consists of a core antenna complex that captures photons, and an electron transfer chain that converts photonic excitation into a charge separation.	40	98	77.0	2.36e-20	100.000	Arabidopsis thaliana
ATCG00560.1	116	1	Photosystem II reaction center protein L	GO:0009535;GO:0009539;GO:0015979	One of the components of the core complex of photosystem II (PSII). PSII is a light-driven water:plastoquinone oxidoreductase that uses light energy to abstract electrons from H(2)O, generating O(2) and a proton gradient subsequently used for ATP formation. It consists of a core antenna complex that captures photons, and an electron transfer chain that converts photonic excitation into a charge separation. This subunit is found at the monomer-monomer interface and is required for correct PSII assembly and/or dimerization.	38	97	77.8	9.81e-21	100.000	Typha angustifolia
ATCG00570.1	119	1	Cytochrome b559 subunit beta	GO:0009535;GO:0009539;GO:0009055;GO:0020037;GO:0005506;GO:0009767	This b-type cytochrome is tightly associated with the reaction center of photosystem II (PSII). PSII is a light-driven water:plastoquinone oxidoreductase that uses light energy to abstract electrons from H(2)O, generating O(2) and a proton gradient subsequently used for ATP formation. It consists of a core antenna complex that captures photons, and an electron transfer chain that converts photonic excitation into a charge separation.	39	98	82.0	2.43e-22	100.000	Trochodendron aralioides
ATCG00580.1	251	1	Cytochrome b559 subunit alpha	GO:0009535;GO:0009539;GO:0009579;GO:0009055;GO:0020037;GO:0005506;GO:0009767	This b-type cytochrome is tightly associated with the reaction center of photosystem II (PSII). PSII is a light-driven water:plastoquinone oxidoreductase that uses light energy to abstract electrons from H(2)O, generating O(2) and a proton gradient subsequently used for ATP formation. It consists of a core antenna complex that captures photons, and an electron transfer chain that converts photonic excitation into a charge separation.	83	99	169.0	7.22e-56	100.000	Solanum tuberosum
ATCG00590.1	95	1	Cytochrome b6-f complex subunit 6	GO:0009535;GO:0009512;GO:0009055;GO:0015979	Component of the cytochrome b6-f complex, which mediates electron transfer between photosystem II (PSII) and photosystem I (PSI), cyclic electron flow around PSI, and state transitions. PetL is important for photoautotrophic growth as well as for electron transfer efficiency and stability of the cytochrome b6-f complex.	31	97	60.1	8.38e-14	100.000	Nasturtium officinale
ATCG00600.1	113	1	Cytochrome b6-f complex subunit 5	GO:0009535;GO:0009512;GO:0017004;GO:0015979	Component of the cytochrome b6-f complex, which mediates electron transfer between photosystem II (PSII) and photosystem I (PSI), cyclic electron flow around PSI, and state transitions. PetG is required for either the stability or assembly of the cytochrome b6-f complex.	37	97	74.5	2.15e-19	100.000	Nymphaea alba
ATCG00630.1	134	1	Photosystem I reaction center subunit IX	GO:0009535;GO:0009522;GO:0015979	May help in the organization of the PsaE and PsaF subunits.	44	98	89.1	5.24e-25	100.000	Nandina domestica
ATMG01190.1	1523	1	NA	NA	NA	NA	NA	NA	NA	NA	NA
ATCG00640.1	200	1	Large ribosomal subunit protein bL33c	GO:0009507;GO:0009536;GO:1990904;GO:0005840;GO:0003735;GO:0006412		66	99	138.0	5.32e-44	100.000	Arabidopsis thaliana
ATCG00650.1	305	1	Small ribosomal subunit protein bS18c	GO:0009507;GO:0005763;GO:0070181;GO:0003735;GO:0006412		101	99	197.0	1.72e-66	100.000	Nasturtium officinale
AT2G01050.1	1547	1	Uncharacterized protein At4g02000			157	29	51.9	2.7e-06	22.930	Arabidopsis thaliana
ATCG00660.1	353	1	Large ribosomal subunit protein bL20c	GO:0009507;GO:0009941;GO:0009570;GO:0009536;GO:1990904;GO:0005840;GO:0003729;GO:0019843;GO:0003735;GO:0000027;GO:0006412	Binds directly to 23S ribosomal RNA and is necessary for the in vitro assembly process of the 50S ribosomal subunit. It is not involved in the protein synthesizing functions of that subunit (By similarity).	117	99	236.0	2.13e-81	100.000	Arabidopsis thaliana
ATCG00065.1	113	1	Small ribosomal subunit protein uS12cz/uS12cy	GO:0009507;GO:0015935;GO:0019843;GO:0003735;GO:0006412	With S4 and S5 plays an important role in translational accuracy. Located at the interface of the 30S and 50S subunits (By similarity).	38	100	80.9	2.33e-21	100.000	Lactuca sativa
ATCG00670.1	1972	3	ATP-dependent Clp protease proteolytic subunit	GO:0009570;GO:0009368;GO:0004176;GO:0051117;GO:0004252;GO:0006515	Cleaves peptides in various proteins in a process that requires ATP hydrolysis. Has a chymotrypsin-like activity. Plays a major role in the degradation of misfolded proteins.	196	99	407.0	9.68e-147	99.490	Crucihimalaya wallichii
AT2G01060.1	1446	6	Myb family transcription factor PHL7	GO:0005634;GO:0003677;GO:0003700;GO:0006355;GO:0048768		286	99	585.0	0.0	100.000	Arabidopsis thaliana
AT2G01060.2	1100	5	Myb family transcription factor PHL7	GO:0005634;GO:0003677;GO:0003700;GO:0006355;GO:0048768		237	99	480.0	7.95e-174	100.000	Arabidopsis thaliana
ATCG00690.1	101	1	Photosystem II reaction center protein T	GO:0009535;GO:0009539;GO:0015979	Found at the monomer-monomer interface of the photosystem II (PS II) dimer, plays a role in assembly and dimerization of PSII. PSII is a light-driven water plastoquinone oxidoreductase, using light energy to abstract electrons from H(2)O, generating a proton gradient subsequently used for ATP formation.	33	97	66.6	2.45e-16	100.000	Spinacia oleracea
ATCG00820.1	278	1	Small ribosomal subunit protein uS19c	GO:0009507;GO:0005763;GO:0019843;GO:0003735;GO:0000028;GO:0006412	Protein S19 forms a complex with S13 that binds strongly to the 16S ribosomal RNA.	92	99	187.0	9.55e-63	98.913	Nasturtium officinale
ATCG00840.1	281	1	Large ribosomal subunit protein uL23c	GO:0009507;GO:1990904;GO:0005840;GO:0003729;GO:0019843;GO:0003735;GO:0006412	Binds to 23S rRNA.	93	99	194.0	1.34e-65	100.000	Sinapis alba
AT3G01319.1	140	1	NA	NA	NA	NA	NA	NA	NA	NA	NA
ATCG01020.1	158	1	Large ribosomal subunit protein bL32c	GO:0009507;GO:0015934;GO:0003735;GO:0006412		52	98	100.0	2.38e-29	98.077	Draba nemorosa
ATCG01040.1	986	1	Cytochrome c biogenesis protein CcsA	GO:0009535;GO:0020037;GO:0017004	Required during biogenesis of c-type cytochromes (cytochrome c6 and cytochrome f) at the step of heme attachment.	328	99	656.0	0.0	100.000	Arabidopsis thaliana
ATMG01360.1	1583	1	NA	NA	NA	NA	NA	NA	NA	NA	NA
AT3G01326.1	305	1	NA	NA	NA	NA	NA	NA	NA	NA	NA
AT4G00280.1	442	3	Putative leucine-rich repeat receptor-like serine/threonine-protein kinase At2g19230	GO:0005886;GO:0005524;GO:0106310;GO:0004674		29	40	57.3	2.11e-10	75.862	Arabidopsis thaliana
ATCG01120.1	266	1	Small ribosomal subunit protein uS15c	GO:0009507;GO:0009570;GO:0009536;GO:1990904;GO:0005840;GO:0003735;GO:0006412		88	99	174.0	8.74e-58	100.000	Arabidopsis thaliana
AT3G01345.1	1400	1	NA	NA	NA	NA	NA	NA	NA	NA	NA
AT1G01335.1	122	1	Auxin-responsive endogenous peptide 1	GO:0005737;GO:0016020;GO:0005634;GO:0009734;GO:0010930;GO:0048364	Negative regulator of the auxin response.	40	98	84.0	4.15e-23	100.000	Arabidopsis thaliana
ATCG01230.1	794	2	Small ribosomal subunit protein uS12c	GO:0009536;GO:0015935;GO:0019843;GO:0003735;GO:0006412	With S4 and S5 plays an important role in translational accuracy. Located at the interface of the 30S and 50S subunits (By similarity).	85	99	172.0	1.37e-56	100.000	Cuscuta europaea
ATCG01270.1	233	1	Uncharacterized protein ycf15	GO:0009507		77	99	157.0	2.53e-51	100.000	Arabidopsis thaliana
AT4G00342.1	179	1	NA	NA	NA	NA	NA	NA	NA	NA	NA
AT2G01310.1	161	1	Cyclin-A3-2	GO:0000307;GO:0005737;GO:0005634;GO:0016538;GO:0051301;GO:0000082		53	98	75.0	2.48e-17	88.679	Arabidopsis thaliana
ATCG01300.1	281	1	Large ribosomal subunit protein uL23c	GO:0009507;GO:1990904;GO:0005840;GO:0003729;GO:0019843;GO:0003735;GO:0006412	Binds to 23S rRNA.	93	99	194.0	1.34e-65	100.000	Sinapis alba
AT3G01415.1	636	2	NA	NA	NA	NA	NA	NA	NA	NA	NA
ATMG00290.1	1088	1	NA	NA	NA	NA	NA	NA	NA	NA	NA
ATMG00270.1	617	1	NA	NA	NA	NA	NA	NA	NA	NA	NA
AT2G01379.1	245	1	NA	NA	NA	NA	NA	NA	NA	NA	NA
AT5G01440.1	1461	7	Nardilysin-like	GO:0005829;GO:0046872;GO:0004222;GO:0006508	Cleaves peptide substrates on the N-terminus of arginine residues in dibasic pairs.	200	65	160.0	3.21e-44	44.500	Arabidopsis thaliana
ATMG00220.1	1181	1	NA	NA	NA	NA	NA	NA	NA	NA	NA
ATMG00210.1	557	1	NA	NA	NA	NA	NA	NA	NA	NA	NA
ATMG00180.1	2317	2	NA	NA	NA	NA	NA	NA	NA	NA	NA
ATMG00650.1	7982	4	Uncharacterized mitochondrial protein AtMg00710	GO:0005739		33	7	53.1	1.03e-07	87.879	Arabidopsis thaliana
ATMG00570.1	842	1	NA	NA	NA	NA	NA	NA	NA	NA	NA
ATMG00560.1	2700	2	NA	NA	NA	NA	NA	NA	NA	NA	NA
AT3G01572.1	113	1	NA	NA	NA	NA	NA	NA	NA	NA	NA
ATMG00520.1	1970	1	NA	NA	NA	NA	NA	NA	NA	NA	NA
ATMG00510.1	6080	5	Uncharacterized mitochondrial protein AtMg00910	GO:0031966		87	22	172.0	2.83e-52	94.253	Arabidopsis thaliana
ATMG00480.1	476	1	NA	NA	NA	NA	NA	NA	NA	NA	NA
AT2G01554.1	494	3	NA	NA	NA	NA	NA	NA	NA	NA	NA
ATMG01080.1	224	1	NA	NA	NA	NA	NA	NA	NA	NA	NA
AT4G00651.1	392	2	Superoxide dismutase [Fe] 2, chloroplastic	GO:0009507;GO:0042644;GO:0009534;GO:0005634;GO:0000427;GO:0009579;GO:0046872;GO:0004784;GO:0009411	Destroys superoxide anion radicals which are normally produced within the cells and which are toxic to biological systems (By similarity). Plays important role in chloroplast development, particularly in the maintenance of thylakoids membranes. Seems to act as a heterodimer with FSD3.	77	80	96.1	4.58e-25	76.623	Arabidopsis thaliana
ATMG00980.1	377	1	NA	NA	NA	NA	NA	NA	NA	NA	NA
ATMG00960.1	611	1	NA	NA	NA	NA	NA	NA	NA	NA	NA
ATMG00900.1	770	1	NA	NA	NA	NA	NA	NA	NA	NA	NA
ATMG00830.1	1148	1	NA	NA	NA	NA	NA	NA	NA	NA	NA
AT3G01961.1	170	1	NA	NA	NA	NA	NA	NA	NA	NA	NA
AT2G01755.1	521	1	NA	NA	NA	NA	NA	NA	NA	NA	NA
AT2G01755.2	539	1	NA	NA	NA	NA	NA	NA	NA	NA	NA
AT2G01780.1	1847	5	Receptor-like serine/threonine-protein kinase SD1-8	GO:0005886;GO:0009506;GO:0005773;GO:0005524;GO:0030246;GO:0106310;GO:0004674;GO:0004675;GO:0031625;GO:0006955;GO:0048544;GO:0007165	Involved in the regulation of cellular expansion and differentiation.	241	84	121.0	8.33e-31	33.610	Arabidopsis thaliana
ATMG00640.1	578	1	NA	NA	NA	NA	NA	NA	NA	NA	NA
AT4G00925.1	125	1	NA	NA	NA	NA	NA	NA	NA	NA	NA
AT3G02190.1	337	3	Large ribosomal subunit protein eL39y	GO:0005829;GO:0022625;GO:0003735;GO:0006412		51	98	104.0	7.46e-31	100.000	Arabidopsis thaliana
AT4G00953.1	726	3	NA	NA	NA	NA	NA	NA	NA	NA	NA
AT3G02255.1	185	1	NA	NA	NA	NA	NA	NA	NA	NA	NA
AT1G02210.1	263	1	NAC domain-containing protein 4	GO:0016020;GO:0005634;GO:0003677;GO:0003700		85	91	69.1	1.19e-14	45.882	Arabidopsis thaliana
AT5G02210.1	621	2	NA	NA	NA	NA	NA	NA	NA	NA	NA
AT1G02320.1	146	1	NA	NA	NA	NA	NA	NA	NA	NA	NA
AT2G02023.1	311	1	NA	NA	NA	NA	NA	NA	NA	NA	NA
AT2G02026.1	179	1	NA	NA	NA	NA	NA	NA	NA	NA	NA
AT3G02390.1	436	2	NA	NA	NA	NA	NA	NA	NA	NA	NA
AT3G02390.2	436	3	NA	NA	NA	NA	NA	NA	NA	NA	NA
AT3G02493.1	137	1	Small polypeptide DEVIL 2	GO:0005886;GO:0008285;GO:0048367	Small polypeptide acting as a regulatory molecule which coordinates cellular responses required for differentiation, growth and development, including leaves shape, pedicule elongation, inflorescence organization and fruit maturation, probably by restricting polar cell proliferation in lateral organs and coordinating socket cell recruitment and differentiation at trichome sites.	45	98	89.6	2.98e-25	100.000	Arabidopsis thaliana
AT1G02490.1	116	1	NA	NA	NA	NA	NA	NA	NA	NA	NA
AT4G01245.1	553	3	NA	NA	NA	NA	NA	NA	NA	NA	NA
AT2G02103.1	1211	1	Uncharacterized protein At4g02000			308	70	238.0	7.42e-77	51.948	Arabidopsis thaliana
AT1G02590.1	623	4	Aldehyde oxidase 4	GO:0005829;GO:0051537;GO:0004031;GO:0018488;GO:0018479;GO:0071949;GO:0050302;GO:0005506;GO:0009688;GO:0009851;GO:0110096;GO:0019760;GO:0042542;GO:0009414	Aldehyde oxidase with a broad substrate specificity (PubMed:28188272). Involved in the accumulation of benzoic acid (BA) in siliques (PubMed:19297586). Delays and protects siliques from senescence by catalyzing aldehyde detoxification in siliques. Catalyzes the oxidation of an array of aromatic and aliphatic aldehydes, including vanillin and the reactive carbonyl species (RCS) acrolein, 4-hydroxyl-2-nonenal (HNE), and malondialdehyde (MDA) (PubMed:28188272).	56	62	101.0	1.25e-25	87.500	Arabidopsis thaliana
AT1G02620.1	576	2	Small COPII coat GTPase SAR1A	GO:0030127;GO:0070971;GO:0005789;GO:0032580;GO:0005886;GO:0003925;GO:0005525;GO:0003924;GO:0046872;GO:0006888;GO:0006886;GO:0061024;GO:0009555;GO:0003400;GO:0016050	Small GTPase that cycles between an active GTP-bound and an inactive GDP-bound state and mainly functions in vesicle-mediated endoplasmic reticulum (ER) to Golgi transport. The active GTP-bound form inserts into the endoplasmic reticulum membrane where it recruits the remainder of the coat protein complex II/COPII. The coat protein complex II assembling and polymerizing on endoplasmic reticulum membrane is responsible for both the sorting of cargos and the deformation and budding of membranes into vesicles destined to the Golgi.	111	90	216.0	1.07e-72	90.991	Arabidopsis thaliana
AT4G01380.1	928	3	Mavicyanin	GO:0005886;GO:0009055;GO:0046872		100	46	76.1	1.43e-17	40.000	Cucurbita pepo
AT4G01435.1	288	2	NA	NA	NA	NA	NA	NA	NA	NA	NA
AT2G02280.1	948	2	Putative protein PHLOEM PROTEIN 2-LIKE B4	GO:0030246		144	99	300.0	7.86e-106	100.000	Arabidopsis thaliana
AT5G02670.1	1635	5	Nuclear poly(A) polymerase 3	GO:0005737;GO:0005634;GO:0005524;GO:0046872;GO:1990817;GO:0003723;GO:0006397;GO:0031123	Essential protein (PubMed:19956626). Polymerase that creates the 3'-poly(A) tail of mRNA's (PubMed:15297145). Also required for the endoribonucleolytic cleavage reaction at some polyadenylation sites. May acquire specificity through interaction with a cleavage and polyadenylation specificity factor (CPSF) at its C-terminus (By similarity).	123	56	92.7	3.03e-20	48.780	Arabidopsis thaliana
AT5G02690.1	122	1	NA	NA	NA	NA	NA	NA	NA	NA	NA
AT2G02440.1	1293	3	NA	NA	NA	NA	NA	NA	NA	NA	NA
AT4G01516.1	95	1	NA	NA	NA	NA	NA	NA	NA	NA	NA
AT2G02497.1	447	3	NA	NA	NA	NA	NA	NA	NA	NA	NA
AT4G01535.1	491	2	NA	NA	NA	NA	NA	NA	NA	NA	NA
AT2G02498.1	326	1	NA	NA	NA	NA	NA	NA	NA	NA	NA
AT2G02520.1	1374	2	NA	NA	NA	NA	NA	NA	NA	NA	NA
AT2G02525.1	322	2	NA	NA	NA	NA	NA	NA	NA	NA	NA
AT4G01595.1	928	4	Mitogen-activated protein kinase 18	GO:0005737;GO:0005634;GO:0005524;GO:0004707;GO:0106310;GO:0004674;GO:0043622;GO:0035556;GO:0007165	Mitogen-activated protein kinase (MAPK) that is specifically regulated by PHS1 and MAPKKK20 and mediates signaling that regulates cortical microtubule functions, maybe through regulation of microtubule dynamic instability.	102	70	168.0	1.87e-50	92.157	Arabidopsis thaliana
AT4G01640.1	1037	2	F-box protein At2g34280			294	95	567.0	0.0	93.878	Arabidopsis thaliana
AT4G01671.1	173	1	NA	NA	NA	NA	NA	NA	NA	NA	NA
AT5G03090.1	681	2	NA	NA	NA	NA	NA	NA	NA	NA	NA
AT2G02635.1	5562	3	NA	NA	NA	NA	NA	NA	NA	NA	NA
AT4G01703.1	113	1	NA	NA	NA	NA	NA	NA	NA	NA	NA
AT5G03130.1	410	2	NA	NA	NA	NA	NA	NA	NA	NA	NA
AT1G03106.1	197	1	NA	NA	NA	NA	NA	NA	NA	NA	NA
AT4G01735.1	585	2	NA	NA	NA	NA	NA	NA	NA	NA	NA
AT2G02695.1	1816	2	NA	NA	NA	NA	NA	NA	NA	NA	NA
AT5G03204.1	110	1	NA	NA	NA	NA	NA	NA	NA	NA	NA
AT1G03165.1	961	2	NA	NA	NA	NA	NA	NA	NA	NA	NA
AT3G03341.1	218	1	NA	NA	NA	NA	NA	NA	NA	NA	NA
AT1G03240.1	420	2	NA	NA	NA	NA	NA	NA	NA	NA	NA
AT3G03370.1	1458	5	Phospholipase A(1) LCAT3	GO:0008374;GO:0008970;GO:0016042;GO:0006629	Hydrolyzes the sn-1 acylester bond of phospholipids. Phosphatidylcholine, phosphatidylethanolamine and phosphatidic acid can be used as substrates. Weak activity with lysophosphatidylcholine and no activity with tripalmitoylglycerol and cholesteryl oleate. Seems to have a preference for unsaturated fatty acids at the sn-1 position.	32	16	70.0	1.51e-13	96.875	Arabidopsis thaliana
AT3G03370.2	1050	5	NA	NA	NA	NA	NA	NA	NA	NA	NA
AT2G02835.1	854	4	NA	NA	NA	NA	NA	NA	NA	NA	NA
AT2G02840.1	467	1	NA	NA	NA	NA	NA	NA	NA	NA	NA
AT4G01915.1	299	2	NA	NA	NA	NA	NA	NA	NA	NA	NA
AT4G01915.2	299	2	NA	NA	NA	NA	NA	NA	NA	NA	NA
AT4G01915.3	923	4	NA	NA	NA	NA	NA	NA	NA	NA	NA
AT4G01915.4	299	2	NA	NA	NA	NA	NA	NA	NA	NA	NA
AT5G03400.1	1283	2	NA	NA	NA	NA	NA	NA	NA	NA	NA
AT2G02890.1	2703	4	Putative F-box protein At2g02890			531	99	1112.0	0.0	100.000	Arabidopsis thaliana
AT2G03010.1	2224	7	NA	NA	NA	NA	NA	NA	NA	NA	NA
AT5G03545.1	212	1	NA	NA	NA	NA	NA	NA	NA	NA	NA
AT5G03553.1	811	2	NA	NA	NA	NA	NA	NA	NA	NA	NA
AT2G03180.1	362	1	NA	NA	NA	NA	NA	NA	NA	NA	NA
AT5G03710.1	520	2	NA	NA	NA	NA	NA	NA	NA	NA	NA
AT2G03230.1	458	1	NA	NA	NA	NA	NA	NA	NA	NA	NA
AT3G03826.1	305	2	NA	NA	NA	NA	NA	NA	NA	NA	NA
AT3G03828.1	327	2	NA	NA	NA	NA	NA	NA	NA	NA	NA
AT5G03885.1	86	1	NA	NA	NA	NA	NA	NA	NA	NA	NA
AT5G03944.1	197	1	NA	NA	NA	NA	NA	NA	NA	NA	NA
AT5G03995.1	624	2	NA	NA	NA	NA	NA	NA	NA	NA	NA
AT4G02465.1	718	4	NA	NA	NA	NA	NA	NA	NA	NA	NA
AT2G03565.1	411	2	NA	NA	NA	NA	NA	NA	NA	NA	NA
AT2G03570.1	428	2	NA	NA	NA	NA	NA	NA	NA	NA	NA
AT2G03567.1	935	4	NA	NA	NA	NA	NA	NA	NA	NA	NA
AT4G02482.1	200	1	Translocase of chloroplast 159, chloroplastic	GO:0009507;GO:0009941;GO:0009707;GO:0005829;GO:0009536;GO:0061927;GO:0004930;GO:0005525;GO:0003924;GO:0046872;GO:0051087;GO:0043024;GO:0004888;GO:0045037;GO:0045036	GTPase involved in protein precursor import into chloroplasts. Seems to recognize chloroplast-destined precursor proteins and regulate their presentation to the translocation channel through GTP hydrolysis. Required for chloroplast biogenesis. Probably specialized in the import of nuclear encoded photosynthetic preproteins from the cytoplasm to the chloroplast.	66	99	56.2	4.73e-10	51.515	Arabidopsis thaliana
AT2G03580.1	1217	4	Putative F-box protein At5g38270			111	65	102.0	2.42e-26	55.856	Arabidopsis thaliana
AT5G04047.1	538	2	S-protein homolog 9	GO:0005576;GO:0060320		138	91	58.1	5.11e-11	32.609	Arabidopsis thaliana
AT4G02489.1	113	1	NA	NA	NA	NA	NA	NA	NA	NA	NA
AT4G02541.1	140	1	NA	NA	NA	NA	NA	NA	NA	NA	NA
AT3G04250.1	878	1	F-box protein At2g38590	GO:0005829		272	90	270.0	1.96e-89	55.147	Arabidopsis thaliana
AT3G04270.1	179	1	NA	NA	NA	NA	NA	NA	NA	NA	NA
AT3G04390.1	390	2	Xanthine dehydrogenase	GO:0051537;GO:0071949;GO:0005506;GO:0016491;GO:0004854	Key enzyme involved in purine catabolism. Catalyzes the oxidation of hypoxanthine to xanthine and the oxidation of xanthine to urate.	70	84	94.7	2.34e-23	65.714	Oryza sativa subsp. japonica
AT2G03823.1	138	2	NA	NA	NA	NA	NA	NA	NA	NA	NA
AT2G03821.1	266	1	NA	NA	NA	NA	NA	NA	NA	NA	NA
AT2G03822.1	173	1	NA	NA	NA	NA	NA	NA	NA	NA	NA
AT5G04238.1	194	1	NA	NA	NA	NA	NA	NA	NA	NA	NA
AT5G04267.1	131	1	NA	NA	NA	NA	NA	NA	NA	NA	NA
AT2G03913.1	364	2	Putative defensin-like protein 57	GO:0005576;GO:0050832;GO:0031640		73	99	152.0	2.3e-49	100.000	Arabidopsis thaliana
AT2G03932.1	417	2	Putative defensin-like protein 64	GO:0005576;GO:0050832;GO:0031640		90	99	186.0	2.3e-62	100.000	Arabidopsis thaliana
AT2G03931.1	415	2	Putative defensin-like protein 55	GO:0005576;GO:0050832;GO:0031640		75	99	154.0	5.32e-50	100.000	Arabidopsis thaliana
AT2G03933.1	364	2	Defensin-like protein 59	GO:0005576;GO:0009506;GO:0050832;GO:0031640		75	99	151.0	4.93e-49	100.000	Arabidopsis thaliana
AT2G03936.1	411	2	Putative defensin-like protein 56	GO:0005576;GO:0050832;GO:0031640		81	99	163.0	1.1e-53	100.000	Arabidopsis thaliana
AT2G03937.1	364	2	Defensin-like protein 58	GO:0005576;GO:0050832;GO:0031640		75	98	77.5	3.96e-20	62.667	Arabidopsis thaliana
AT2G03937.2	321	2	Defensin-like protein 58	GO:0005576;GO:0050832;GO:0031640		61	98	125.0	5.45e-39	100.000	Arabidopsis thaliana
AT2G03955.1	394	2	Putative defensin-like protein 60	GO:0005576;GO:0050832;GO:0031640		77	99	161.0	7.54e-53	100.000	Arabidopsis thaliana
AT4G02910.1	1129	4	NA	NA	NA	NA	NA	NA	NA	NA	NA
AT3G04735.1	317	1	Protein RALF-like 21	GO:0048046;GO:0005179;GO:0019722;GO:0007267;GO:0040008	Cell signaling peptide that may regulate plant stress, growth, and development. Mediates a rapid alkalinization of extracellular space by mediating a transient increase in the cytoplasmic Ca(2+) concentration leading to a calcium-dependent signaling events through a cell surface receptor and a concomitant activation of some intracellular mitogen-activated protein kinases (By similarity).	105	99	219.0	5.02e-75	100.000	Arabidopsis thaliana
AT2G04034.1	382	2	Defensin-like protein 294	GO:0005576;GO:0050832;GO:0031640		92	99	187.0	8.89e-63	100.000	Arabidopsis thaliana
AT2G04045.1	436	2	Defensin-like protein 295	GO:0005576;GO:0050832;GO:0031640		111	99	230.0	4.16e-79	100.000	Arabidopsis thaliana
AT2G04046.1	436	2	Defensin-like protein 296	GO:0005576;GO:0050832;GO:0031640		110	99	221.0	1.59e-75	100.000	Arabidopsis thaliana
AT3G04854.1	110	1	NA	NA	NA	NA	NA	NA	NA	NA	NA
AT3G04855.1	134	1	NA	NA	NA	NA	NA	NA	NA	NA	NA
AT1G04778.1	170	1	NA	NA	NA	NA	NA	NA	NA	NA	NA
AT4G03040.1	2057	3	NA	NA	NA	NA	NA	NA	NA	NA	NA
AT4G03113.1	188	1	NA	NA	NA	NA	NA	NA	NA	NA	NA
AT1G04895.1	414	3	NA	NA	NA	NA	NA	NA	NA	NA	NA
AT5G04790.1	164	1	NA	NA	NA	NA	NA	NA	NA	NA	NA
AT4G03157.1	398	2	NA	NA	NA	NA	NA	NA	NA	NA	NA
AT4G03165.1	913	3	NA	NA	NA	NA	NA	NA	NA	NA	NA
AT5G04853.1	176	1	NA	NA	NA	NA	NA	NA	NA	NA	NA
AT3G05080.1	107	1	NA	NA	NA	NA	NA	NA	NA	NA	NA
AT4G03292.1	548	1	NA	NA	NA	NA	NA	NA	NA	NA	NA
AT1G05035.1	1133	4	NA	NA	NA	NA	NA	NA	NA	NA	NA
AT4G03298.1	995	3	NA	NA	NA	NA	NA	NA	NA	NA	NA
AT1G05085.1	682	4	NA	NA	NA	NA	NA	NA	NA	NA	NA
AT1G05136.1	140	1	NA	NA	NA	NA	NA	NA	NA	NA	NA
AT5G05113.1	257	1	NA	NA	NA	NA	NA	NA	NA	NA	NA
AT2G04378.2	529	2	NA	NA	NA	NA	NA	NA	NA	NA	NA
AT2G04380.1	860	3	NA	NA	NA	NA	NA	NA	NA	NA	NA
AT2G04378.1	431	1	NA	NA	NA	NA	NA	NA	NA	NA	NA
AT2G04420.1	665	1	NA	NA	NA	NA	NA	NA	NA	NA	NA
AT2G04425.1	529	2	Putative defensin-like protein 86	GO:0005576;GO:0050832;GO:0031640		101	99	206.0	5.28e-70	100.000	Arabidopsis thaliana
AT4G03495.1	658	3	NA	NA	NA	NA	NA	NA	NA	NA	NA
AT3G05425.1	131	1	NA	NA	NA	NA	NA	NA	NA	NA	NA
AT4G03566.1	452	1	NA	NA	NA	NA	NA	NA	NA	NA	NA
AT4G03580.1	2106	6	NA	NA	NA	NA	NA	NA	NA	NA	NA
AT4G03625.1	194	1	F-box protein SKIP19	GO:0005737;GO:0005634;GO:1905761;GO:0016567;GO:0006511	Component of SCF(ASK-cullin-F-box) E3 ubiquitin ligase complexes, which may mediate the ubiquitination and subsequent proteasomal degradation of target proteins.	65	98	96.4	1.29e-25	72.308	Arabidopsis thaliana
AT2G04675.1	203	1	NA	NA	NA	NA	NA	NA	NA	NA	NA
AT4G03645.1	502	3	NA	NA	NA	NA	NA	NA	NA	NA	NA
AT4G03728.1	734	3	NA	NA	NA	NA	NA	NA	NA	NA	NA
AT4G03740.1	1523	6	NA	NA	NA	NA	NA	NA	NA	NA	NA
AT5G05598.1	250	2	NA	NA	NA	NA	NA	NA	NA	NA	NA
AT1G05615.1	763	3	Putative B3 domain-containing protein At1g05615	GO:0005634;GO:0003677		172	99	361.0	2.32e-129	100.000	Arabidopsis thaliana
AT5G05650.1	377	1	Fasciclin-like arabinogalactan protein 17	GO:0005576;GO:0000325	May be a cell surface adhesion protein.	95	72	111.0	1.48e-29	63.158	Arabidopsis thaliana
AT2G04800.1	236	1	NA	NA	NA	NA	NA	NA	NA	NA	NA
AT2G04800.2	236	1	NA	NA	NA	NA	NA	NA	NA	NA	NA
AT2G04800.3	236	1	NA	NA	NA	NA	NA	NA	NA	NA	NA
AT2G04800.4	236	1	NA	NA	NA	NA	NA	NA	NA	NA	NA
AT5G05653.1	883	2	NA	NA	NA	NA	NA	NA	NA	NA	NA
AT5G05657.1	413	1	NDR1/HIN1-like protein 1	GO:0005886;GO:0009506;GO:0098542;GO:0051607	May play a role in plant immunity.	127	88	124.0	3.19e-36	52.756	Arabidopsis thaliana
AT2G04870.1	218	1	NA	NA	NA	NA	NA	NA	NA	NA	NA
AT1G05783.1	917	5	NA	NA	NA	NA	NA	NA	NA	NA	NA
AT4G03830.1	2018	4	Uncharacterized protein At3g60930, chloroplastic	GO:0009507		268	45	89.9	6.34e-18	25.373	Arabidopsis thaliana
AT2G05050.1	1034	3	Putative protein phosphatase 2C 53	GO:0046872;GO:0004722;GO:0009738		212	99	332.0	3.08e-117	81.132	Arabidopsis thaliana
AT5G06020.1	455	1	S-protein homolog 27	GO:0005576;GO:0060320		151	99	318.0	6.58e-113	100.000	Arabidopsis thaliana
AT3G06019.1	110	1	NA	NA	NA	NA	NA	NA	NA	NA	NA
AT5G06030.1	452	1	S-protein homolog 28	GO:0005576;GO:0060320		150	99	315.0	1.46e-111	100.000	Arabidopsis thaliana
AT5G06040.1	909	2	S-protein homolog 24	GO:0005576;GO:0060320		80	71	134.0	4.22e-41	82.500	Arabidopsis thaliana
AT5G06043.1	368	1	NA	NA	NA	NA	NA	NA	NA	NA	NA
AT2G05105.1	600	3	NA	NA	NA	NA	NA	NA	NA	NA	NA
AT3G06085.1	536	3	NA	NA	NA	NA	NA	NA	NA	NA	NA
AT2G05117.1	422	2	Putative defensin-like protein 243	GO:0005576;GO:0050832;GO:0031640;GO:0007165		90	99	191.0	3.35e-64	100.000	Arabidopsis thaliana
AT4G03940.1	1609	6	NA	NA	NA	NA	NA	NA	NA	NA	NA
AT1G06148.2	1849	3	NA	NA	NA	NA	NA	NA	NA	NA	NA
AT1G06148.1	314	2	NA	NA	NA	NA	NA	NA	NA	NA	NA
AT2G05185.1	864	2	NA	NA	NA	NA	NA	NA	NA	NA	NA
AT2G05185.2	986	3	NA	NA	NA	NA	NA	NA	NA	NA	NA
AT4G03945.1	578	1	Pectinesterase inhibitor 1	GO:0048046;GO:0090404;GO:0046910;GO:0009860	Inhibits pectin methylesterase (PME) from flowers and siliques (PubMed:14675772). Inhibits PME from leaves (PubMed:14741367).	158	81	65.2	5.82e-13	29.747	Arabidopsis thaliana
AT4G03945.2	578	2	NA	NA	NA	NA	NA	NA	NA	NA	NA
AT4G03950.1	1593	7	Putative glucose-6-phosphate/phosphate-translocator-like protein 1	GO:0005794;GO:0016020;GO:0015297;GO:0015120;GO:0071917;GO:0055085		277	99	563.0	0.0	100.000	Arabidopsis thaliana
AT2G05270.1	104	1	NA	NA	NA	NA	NA	NA	NA	NA	NA
AT2G05294.1	92	1	NA	NA	NA	NA	NA	NA	NA	NA	NA
AT2G05335.1	485	2	Putative defensin-like protein 253	GO:0005576;GO:0050832;GO:0031640;GO:0007165		101	99	209.0	3.4e-71	100.000	Arabidopsis thaliana
AT4G04078.1	107	1	NA	NA	NA	NA	NA	NA	NA	NA	NA
AT4G04110.1	1423	4	Disease resistance protein RPS6	GO:0043531;GO:0061809;GO:0006952;GO:0007165	Disease resistance (R) protein that specifically recognizes the hopA1 type III effector avirulence protein from Pseudomonas syringae. Resistance proteins guard the plant against pathogens that contain an appropriate avirulence protein via an indirect interaction with this avirulence protein. That triggers a defense system including the hypersensitive response, which restricts the pathogen growth.	220	83	255.0	5.45e-79	59.545	Arabidopsis thaliana
AT1G06515.1	1017	3	NA	NA	NA	NA	NA	NA	NA	NA	NA
AT1G06515.2	1017	3	NA	NA	NA	NA	NA	NA	NA	NA	NA
AT2G05580.1	985	2	NA	NA	NA	NA	NA	NA	NA	NA	NA
AT4G04265.1	493	2	NA	NA	NA	NA	NA	NA	NA	NA	NA
AT2G05600.1	901	2	Putative F-box protein At2g02030			93	39	141.0	9.36e-41	73.118	Arabidopsis thaliana
AT2G05632.1	158	1	NA	NA	NA	NA	NA	NA	NA	NA	NA
AT2G05635.1	970	5	Regulator of telomere elongation helicase 1	GO:0005634;GO:0051539;GO:0005524;GO:0016887;GO:0003677;GO:0003678;GO:0070182;GO:0046872;GO:0006310;GO:0006281;GO:0006260;GO:0045910;GO:1904430;GO:0032206;GO:0010569;GO:0000723;GO:0090657	A probable ATP-dependent DNA helicase implicated in telomere-length regulation, DNA repair and the maintenance of genomic stability. Acts as an anti-recombinase to counteract toxic recombination and limit crossover during meiosis. Regulates meiotic recombination and crossover homeostasis by physically dissociating strand invasion events and thereby promotes noncrossover repair by meiotic synthesis dependent strand annealing (SDSA) as well as disassembly of D loop recombination intermediates. Also disassembles T loops and prevents telomere fragility by counteracting telomeric G4-DNA structures, which together ensure the dynamics and stability of the telomere.	116	76	54.5	1.42e-08	36.207	Bos taurus
AT2G05635.2	970	5	Regulator of telomere elongation helicase 1	GO:0005634;GO:0051539;GO:0005524;GO:0016887;GO:0003677;GO:0003678;GO:0070182;GO:0046872;GO:0006310;GO:0006281;GO:0006260;GO:0045910;GO:1904430;GO:0032206;GO:0010569;GO:0000723;GO:0090657	A probable ATP-dependent DNA helicase implicated in telomere-length regulation, DNA repair and the maintenance of genomic stability. Acts as an anti-recombinase to counteract toxic recombination and limit crossover during meiosis. Regulates meiotic recombination and crossover homeostasis by physically dissociating strand invasion events and thereby promotes noncrossover repair by meiotic synthesis dependent strand annealing (SDSA) as well as disassembly of D loop recombination intermediates. Also disassembles T loops and prevents telomere fragility by counteracting telomeric G4-DNA structures, which together ensure the dynamics and stability of the telomere.	116	76	54.5	1.42e-08	36.207	Bos taurus
AT2G05645.1	614	1	NA	NA	NA	NA	NA	NA	NA	NA	NA
AT2G05655.2	1796	3	NA	NA	NA	NA	NA	NA	NA	NA	NA
AT2G05655.1	1005	2	NA	NA	NA	NA	NA	NA	NA	NA	NA
AT4G04404.1	1007	2	Zinc finger protein ZAT2	GO:0005634;GO:0003700;GO:0008270;GO:0048235;GO:0006355	Mediates the regulation of male germ cell division by DUO1.	136	57	49.1	2.58e-06	33.088	Arabidopsis thaliana
AT2G05752.1	1223	5	NA	NA	NA	NA	NA	NA	NA	NA	NA
AT3G06895.1	155	1	NA	NA	NA	NA	NA	NA	NA	NA	NA
AT4G04415.1	1140	6	NA	NA	NA	NA	NA	NA	NA	NA	NA
AT2G05786.1	134	1	NA	NA	NA	NA	NA	NA	NA	NA	NA
AT4G04423.1	840	3	NA	NA	NA	NA	NA	NA	NA	NA	NA
AT1G07190.1	164	1	Lon protease homolog 4, chloroplastic/mitochondrial	GO:0009507;GO:0009535;GO:0005759;GO:0005739;GO:0005524;GO:0016887;GO:0004176;GO:0043565;GO:0004252;GO:0003697;GO:0034599;GO:0051131;GO:0007005;GO:0070407;GO:0006515	ATP-dependent serine protease that mediates the selective degradation of misfolded, unassembled or oxidatively damaged polypeptides as well as certain short-lived regulatory proteins in the mitochondrial matrix. May also have a chaperone function in the assembly of inner membrane protein complexes. Participates in the regulation of mitochondrial gene expression and in the maintenance of the integrity of the mitochondrial genome. Binds to mitochondrial DNA in a site-specific manner.	55	76	50.0	4.82e-08	52.727	Arabidopsis thaliana
AT5G07175.1	1042	5	NA	NA	NA	NA	NA	NA	NA	NA	NA
AT4G04601.1	158	1	NA	NA	NA	NA	NA	NA	NA	NA	NA
AT3G07273.1	212	1	NA	NA	NA	NA	NA	NA	NA	NA	NA
AT4G04632.1	323	1	Mitogen-activated protein kinase kinase kinase 20	GO:0005737;GO:0005634;GO:0005524;GO:0004708;GO:0004709;GO:0004672;GO:0019901;GO:0106310;GO:0009738;GO:0051301;GO:0048235;GO:0010082;GO:0010029;GO:0090333;GO:0051510;GO:0009737;GO:0009409;GO:0000302;GO:0009651;GO:0009414;GO:0007165	Mitogen-activated protein kinase kinase (MAPKK) that phosphorylates both MKK3 and MPK18 and regulate two separate signaling pathways involved in root microtubule functions (PubMed:28848569). MAPKK which regulates abscisic acid (ABA) responses in a MAPKKK20-MKK5-MPK6 cascade involved in root growth (e.g. root cell division and elongation) and stomatal response, probably via MKK5 activation by protein phosphorylation and subsequent activation of MAPK6 by MKK5 (PubMed:27913741). Involved in various abiotic stresses (e.g. osmotic stress, cold and hydrogen peroxide) responses by phosphorylating and thus regulating MPK6 activity, in an ABA-independent manner (PubMed:21969089).	101	94	81.2	4.58e-19	39.604	Arabidopsis thaliana
AT4G04650.1	1224	2	NA	NA	NA	NA	NA	NA	NA	NA	NA
AT2G06090.1	407	1	S-protein homolog 7	GO:0005576;GO:0060320		136	99	206.0	2.75e-69	75.735	Arabidopsis thaliana
AT2G06095.1	750	2	Uncharacterized protein At3g43530			47	40	80.9	3.52e-18	89.362	Arabidopsis thaliana
AT3G07425.1	296	1	NA	NA	NA	NA	NA	NA	NA	NA	NA
AT5G07545.1	38	1	NA	NA	NA	NA	NA	NA	NA	NA	NA
AT2G06105.1	3382	6	NA	NA	NA	NA	NA	NA	NA	NA	NA
AT3G07522.1	128	1	NA	NA	NA	NA	NA	NA	NA	NA	NA
AT2G06166.1	651	2	Putative defensin-like protein 305	GO:0005576;GO:0050832;GO:0031640		103	99	209.0	4.89e-71	100.000	Arabidopsis thaliana
AT1G07885.1	164	1	NA	NA	NA	NA	NA	NA	NA	NA	NA
AT1G07885.2	164	1	NA	NA	NA	NA	NA	NA	NA	NA	NA
AT1G07902.1	965	4	NA	NA	NA	NA	NA	NA	NA	NA	NA
AT1G07901.1	152	1	NA	NA	NA	NA	NA	NA	NA	NA	NA
AT3G07710.1	437	1	GLABROUS1 enhancer-binding protein-like 1	GO:0005634;GO:0000976;GO:0006355	Probable transcription factor. May play redundant roles with GEBP and GPL2 in cytokinin responses by regulating the transcript levels of type-A ARR response genes (PubMed:18162594). Involved in stress responses (PubMed:21875893). Plays a repressive role in cell expansion by counteracting the positive role of CPR5 in this process, but does not regulate cell proliferation or endoreduplication (PubMed:21875893).	78	53	69.4	4.25e-14	50.000	Arabidopsis thaliana
AT1G08005.1	167	1	NA	NA	NA	NA	NA	NA	NA	NA	NA
AT4G04925.1	230	1	NA	NA	NA	NA	NA	NA	NA	NA	NA
AT4G04957.1	353	2	DNA glycosylase/AP lyase ROS1	GO:0005730;GO:0005634;GO:0051539;GO:0140078;GO:0003677;GO:0035514;GO:0019104;GO:0003906;GO:0046872;GO:0006284;GO:0141166;GO:0050832;GO:0006281	Bifunctional DNA glycosylase/lyase, which excises 5-methylcytosine (5-meC) and 5-hydroxymethylcytosine (5-hmeC), leaving an apyrimidinic (AP) site that is subsequently incised by the lyase activity (PubMed:25240767). Generates 3'-phosphor-alpha,beta-unsaturated aldehyde (3'-PUA) as a primary 5-meC excision intermediate (PubMed:25228464). Prevents DNA hypermethylation, specifically in the promoter of otherwise silenced loci. May be involved in DNA repair through its nicking activity on methylated DNA. Binds with similar affinity to both methylated and non-methylated DNA. Highly distributive behavior on DNA substrates containing multiple 5-meC residues. Involved with Pol IV in the remodeling of the 5S rDNA chromatin via DNA methylation modifications during the first days of development post-germination. Participates in UV-B induced- and oxidative DNA damage repair (PubMed:24155752).	46	58	68.0	4.44e-14	76.087	Arabidopsis thaliana
AT2G06265.1	475	2	Uncharacterized protein At4g04775	GO:0008270		62	44	55.3	7.39e-10	40.323	Arabidopsis thaliana
AT1G08120.1	263	1	EKC/KEOPS complex subunit bud32	GO:0005829;GO:0000408;GO:0005634;GO:0005524;GO:0016787;GO:0106310;GO:0004674;GO:0006468;GO:0008033;GO:0070525	Component of the EKC/KEOPS complex that is required for the formation of a threonylcarbamoyl group on adenosine at position 37 (t(6)A37) in tRNAs that read codons beginning with adenine. The complex is probably involved in the transfer of the threonylcarbamoyl moiety of threonylcarbamoyl-AMP (TC-AMP) to the N6 group of A37. Bud32 has ATPase activity in the context of the EKC/KEOPS complex and likely plays a supporting role to the catalytic subunit osgep (By similarity).	45	51	62.1	1.84e-12	60.000	Dictyostelium discoideum
AT2G06420.1	902	2	Uncharacterized protein At3g43530			102	37	65.7	1.52e-11	34.314	Arabidopsis thaliana
AT4G04985.1	476	1	Aspartic proteinase CDR1	GO:0048046;GO:0005576;GO:0004190;GO:0042742;GO:0006508;GO:0010310;GO:0010337	Involved in salicylic acid-dependent inducible resistance responses. May release an endogenous peptide elicitor required for the activation of inducible resistance mechanisms. Possesses protease activity in vitro.	127	79	55.0	9.98e-09	30.709	Arabidopsis thaliana
AT1G08165.1	235	2	NA	NA	NA	NA	NA	NA	NA	NA	NA
AT2G06425.1	526	2	NA	NA	NA	NA	NA	NA	NA	NA	NA
AT4G05030.1	1184	4	Disease resistance protein Pik-1	GO:0043531;GO:0005524;GO:0046872;GO:0042742;GO:0002758;GO:0009626	Disease resistance (R) protein that specifically recognizes the AVR-Pik effector avirulence protein from M.oryzae. Resistance proteins guard the plant against pathogens that contain an appropriate avirulence protein via an indirect interaction with this avirulence protein. That triggers a defense system including the hypersensitive response, which restricts the pathogen growth. Contribution of Pik-2 is required to recognize the effector avirulence protein AVR-Pik.	75	68	58.4	2.33e-10	42.667	Oryza sativa subsp. japonica
AT4G05030.2	658	3	Disease resistance protein Pik-1	GO:0043531;GO:0005524;GO:0046872;GO:0042742;GO:0002758;GO:0009626	Disease resistance (R) protein that specifically recognizes the AVR-Pik effector avirulence protein from M.oryzae. Resistance proteins guard the plant against pathogens that contain an appropriate avirulence protein via an indirect interaction with this avirulence protein. That triggers a defense system including the hypersensitive response, which restricts the pathogen growth. Contribution of Pik-2 is required to recognize the effector avirulence protein AVR-Pik.	74	95	57.6	2.09e-10	43.243	Oryza sativa subsp. japonica
AT2G06500.1	2505	5	Zinc finger MYM-type protein 1	GO:0005634;GO:0046983;GO:0008270		231	39	75.0	5.49e-13	27.706	Homo sapiens
AT3G08520.1	174	2	Small ribosomal subunit protein eS32	GO:1990904;GO:0005840;GO:0003735;GO:0006412		25	96	41.3	1.46e-06	100.000	Oryza sativa subsp. japonica
AT4G05070.1	263	1	NA	NA	NA	NA	NA	NA	NA	NA	NA
AT4G05071.1	143	1	NA	NA	NA	NA	NA	NA	NA	NA	NA
AT2G06541.1	2104	4	Zinc finger MYM-type protein 1	GO:0005634;GO:0046983;GO:0008270		331	55	122.0	1.97e-28	28.399	Homo sapiens
AT2G06541.2	2104	3	Zinc finger MYM-type protein 1	GO:0005634;GO:0046983;GO:0008270		331	57	122.0	1.03e-28	28.399	Homo sapiens
AT2G06555.1	637	3	NA	NA	NA	NA	NA	NA	NA	NA	NA
AT2G06555.2	284	1	NA	NA	NA	NA	NA	NA	NA	NA	NA
AT4G05091.1	200	1	NA	NA	NA	NA	NA	NA	NA	NA	NA
AT4G05095.1	416	1	NA	NA	NA	NA	NA	NA	NA	NA	NA
AT4G05097.1	548	3	NA	NA	NA	NA	NA	NA	NA	NA	NA
AT2G06565.1	307	2	NA	NA	NA	NA	NA	NA	NA	NA	NA
AT2G06570.1	2299	3	NA	NA	NA	NA	NA	NA	NA	NA	NA
AT3G08636.1	179	1	NA	NA	NA	NA	NA	NA	NA	NA	NA
AT2G06667.1	188	1	NA	NA	NA	NA	NA	NA	NA	NA	NA
AT4G05240.1	818	2	Ubiquitin domain-containing protein 7SL RNA1	GO:0005829;GO:0005654;GO:0031593;GO:0070628;GO:0043130;GO:0043161		94	47	59.3	3.09e-10	40.426	Arabidopsis thaliana
AT2G06675.1	434	1	NA	NA	NA	NA	NA	NA	NA	NA	NA
AT5G08505.1	331	2	Defensin-like protein 109	GO:0005576;GO:0050832;GO:0031640		79	99	163.0	1.26e-53	100.000	Arabidopsis thaliana
AT2G06845.1	1621	3	NA	NA	NA	NA	NA	NA	NA	NA	NA
AT1G08695.1	427	2	Putative defensin-like protein 228	GO:0005576;GO:0050832;GO:0031640;GO:0007165		88	99	184.0	1.67e-61	100.000	Arabidopsis thaliana
AT2G06904.1	743	2	NA	NA	NA	NA	NA	NA	NA	NA	NA
AT2G06906.1	552	3	NA	NA	NA	NA	NA	NA	NA	NA	NA
AT3G09162.1	200	1	NA	NA	NA	NA	NA	NA	NA	NA	NA
AT3G09162.2	200	1	NA	NA	NA	NA	NA	NA	NA	NA	NA
AT2G06908.1	951	3	NA	NA	NA	NA	NA	NA	NA	NA	NA
AT1G08985.1	305	1	B3 domain-containing protein At1g08985	GO:0005634;GO:0003677		101	99	212.0	2.01e-72	100.000	Arabidopsis thaliana
AT2G06983.1	431	2	Putative defensin-like protein 238	GO:0005576;GO:0050832;GO:0031640;GO:0007165		87	99	179.0	9.18e-60	100.000	Arabidopsis thaliana
AT2G06983.2	850	3	Putative defensin-like protein 238	GO:0005576;GO:0050832;GO:0031640;GO:0007165		47	96	98.6	1.87e-28	100.000	Arabidopsis thaliana
AT2G07000.1	92	1	NA	NA	NA	NA	NA	NA	NA	NA	NA
AT3G09510.1	1454	1	Putative ribonuclease H protein At1g65750	GO:0046872;GO:0003676;GO:0004523		457	93	89.4	2.8e-18	22.538	Arabidopsis thaliana
AT5G09445.1	239	1	NA	NA	NA	NA	NA	NA	NA	NA	NA
AT2G07110.1	598	3	Exosome complex exonuclease RRP46 homolog	GO:0000177;GO:0000176;GO:0005730;GO:0004536;GO:0003690;GO:0004527;GO:0042802;GO:0003723;GO:0004540;GO:0003727;GO:0071028;GO:0071051;GO:0016075;GO:0006364;GO:0034475	Probable component of the exosome 3'->5' exoribonuclease complex, a complex that degrades inherently unstable mRNAs containing AU-rich elements (AREs) within their 3'-untranslated regions.	112	74	105.0	2.15e-28	57.143	Arabidopsis thaliana
AT2G07120.1	1117	2	Putative F-box protein At3g18340			372	99	635.0	0.0	85.753	Arabidopsis thaliana
AT4G05612.1	4650	19	NA	NA	NA	NA	NA	NA	NA	NA	NA
AT4G05612.2	4650	18	NA	NA	NA	NA	NA	NA	NA	NA	NA
AT4G05620.1	398	1	Putative F-box protein At4g05620			132	99	267.0	2.37e-93	100.000	Arabidopsis thaliana
AT1G09245.1	419	1	S-protein homolog 14	GO:0005576;GO:0060320		139	99	293.0	3.93e-103	100.000	Arabidopsis thaliana
AT2G07190.1	1578	3	NA	NA	NA	NA	NA	NA	NA	NA	NA
AT4G05630.1	374	1	B3 domain-containing protein At4g05630	GO:0005634;GO:0003677		124	99	261.0	6.73e-91	100.000	Arabidopsis thaliana
AT2G07200.1	673	2	NA	NA	NA	NA	NA	NA	NA	NA	NA
AT4G05631.1	2612	10	NA	NA	NA	NA	NA	NA	NA	NA	NA
AT1G09260.1	416	1	DnaJ homolog subfamily B member 14	GO:0005783;GO:0005789;GO:0030544;GO:0071218;GO:0006457;GO:0065003	Acts as a co-chaperone with HSPA8/Hsc70; required to promote protein folding and trafficking, prevent aggregation of client proteins, and promote unfolded proteins to endoplasmic reticulum-associated degradation (ERAD) pathway. Acts by determining hspa8/Hsc70's ATPase and polypeptide-binding activities. Can also act independently of hspa8/Hsc70: together with dnajb12, acts as a chaperone that promotes maturation of potassium channels by stabilizing nascent channel subunits and assembling them into tetramers. While stabilization of nascent channel proteins is dependent on hspa8/Hsc70, the process of oligomerization of channel subunits is independent of hspa8/Hsc70.	64	46	53.6	1.74e-08	37.500	Xenopus laevis
AT2G07215.1	1113	4	NA	NA	NA	NA	NA	NA	NA	NA	NA
AT4G05632.1	747	2	NA	NA	NA	NA	NA	NA	NA	NA	NA
AT5G09711.1	137	1	NA	NA	NA	NA	NA	NA	NA	NA	NA
AT3G09863.1	131	1	NA	NA	NA	NA	NA	NA	NA	NA	NA
AT3G09870.1	341	1	Auxin-induced protein 6B	GO:0009734		72	62	66.9	4.04e-15	48.611	Glycine max
AT2G07310.1	1590	5	NA	NA	NA	NA	NA	NA	NA	NA	NA
AT3G09922.1	242	1	NA	NA	NA	NA	NA	NA	NA	NA	NA
AT4G06479.1	1266	3	NA	NA	NA	NA	NA	NA	NA	NA	NA
AT2G07440.1	929	3	Two-component response regulator ARR8	GO:0005634;GO:0000156;GO:0007623;GO:0009736;GO:0000160;GO:0006355	Functions as a response regulator involved in His-to-Asp phosphorelay signal transduction system. Phosphorylation of the Asp residue in the receiver domain activates the ability of the protein to promote the transcription of target genes. Type-A response regulators seem to act as negative regulators of the cytokinin signaling.	131	93	210.0	8.8e-70	89.313	Arabidopsis thaliana
AT4G06490.1	440	1	NA	NA	NA	NA	NA	NA	NA	NA	NA
AT2G07565.1	1334	4	Protein TIC 214	GO:0009706;GO:0015031	Involved in protein precursor import into chloroplasts. May be part of an intermediate translocation complex acting as a protein-conducting channel at the inner envelope.	116	94	217.0	6.9e-64	87.069	Nasturtium officinale
AT3G10439.1	98	1	NA	NA	NA	NA	NA	NA	NA	NA	NA
AT2G07655.1	880	3	NA	NA	NA	NA	NA	NA	NA	NA	NA
AT2G07776.2	329	1	Uncharacterized mitochondrial protein AtMg00530	GO:0005739		109	99	223.0	1.53e-76	100.000	Arabidopsis thaliana
AT2G07671.1	257	1	ATP synthase subunit 9, mitochondrial	GO:0031966;GO:0005739;GO:0045259;GO:0033177;GO:0005524;GO:0008289;GO:0015078;GO:0015986	This protein is one of the chains of the nonenzymatic membrane component (F0) of mitochondrial ATPase.	85	99	134.0	4.4e-42	95.294	Arabidopsis thaliana
AT5G10336.1	122	1	NA	NA	NA	NA	NA	NA	NA	NA	NA
AT2G07779.1	275	1	NA	NA	NA	NA	NA	NA	NA	NA	NA
AT2G07672.1	479	1	Uncharacterized mitochondrial protein AtMg01050	GO:0005739		159	99	325.0	3.57e-115	99.371	Arabidopsis thaliana
AT2G07613.1	444	3	NA	NA	NA	NA	NA	NA	NA	NA	NA
AT2G07684.1	110	1	NA	NA	NA	NA	NA	NA	NA	NA	NA
AT2G07617.1	23	1	NA	NA	NA	NA	NA	NA	NA	NA	NA
AT1G09995.1	708	2	NA	NA	NA	NA	NA	NA	NA	NA	NA
AT1G09995.3	708	2	NA	NA	NA	NA	NA	NA	NA	NA	NA
AT1G09995.5	708	2	NA	NA	NA	NA	NA	NA	NA	NA	NA
AT1G09995.2	574	2	NA	NA	NA	NA	NA	NA	NA	NA	NA
AT1G09995.4	574	2	NA	NA	NA	NA	NA	NA	NA	NA	NA
AT2G07621.1	574	2	NA	NA	NA	NA	NA	NA	NA	NA	NA
AT1G10000.1	911	1	NA	NA	NA	NA	NA	NA	NA	NA	NA
AT2G07673.1	320	1	Uncharacterized mitochondrial protein AtMg01030	GO:0005739		106	99	219.0	6.45e-75	99.057	Arabidopsis thaliana
AT2G07751.1	356	1	NADH-ubiquinone oxidoreductase chain 3	GO:0031966;GO:0030964;GO:0008137	Core subunit of the mitochondrial membrane respiratory chain NADH dehydrogenase (Complex I) that is believed to belong to the minimal assembly required for catalysis. Complex I functions in the transfer of electrons from NADH to the respiratory chain. The immediate electron acceptor for the enzyme is believed to be ubiquinone (By similarity).	118	99	213.0	2.38e-72	91.525	Panax ginseng
AT2G07675.1	377	1	Small ribosomal subunit protein uS12m	GO:0005739;GO:0015935;GO:0003735;GO:0006412	Protein S12 is involved in the translation initiation step.	125	99	244.0	1.68e-84	96.000	Raphanus sativus
AT2G07676.1	356	1	Uncharacterized mitochondrial protein AtMg00970	GO:0005739		118	99	219.0	1.68e-74	94.068	Arabidopsis thaliana
AT2G07768.1	570	2	Probable cytochrome c biosynthesis protein	GO:0016020;GO:0005739;GO:0020037;GO:0015232;GO:0017004	Could be involved in assembly and maturation of cytochromes c. May play a role in guidance of apocytochromes and heme groups for the covalent linkage introduced by the cytochrome-c-heme lyase.	124	80	238.0	2.79e-77	95.161	Daucus carota
AT2G07623.1	940	3	NA	NA	NA	NA	NA	NA	NA	NA	NA
AT2G07626.1	544	3	NA	NA	NA	NA	NA	NA	NA	NA	NA
AT1G10100.1	792	4	NA	NA	NA	NA	NA	NA	NA	NA	NA
AT2G07772.1	826	3	NA	NA	NA	NA	NA	NA	NA	NA	NA
AT2G07628.1	583	2	NA	NA	NA	NA	NA	NA	NA	NA	NA
AT2G07774.1	644	2	NA	NA	NA	NA	NA	NA	NA	NA	NA
AT2G07687.1	797	1	Cytochrome c oxidase subunit 3	GO:0009507;GO:0005743;GO:0005739;GO:0004129;GO:0006123	Component of the cytochrome c oxidase, the last enzyme in the mitochondrial electron transport chain which drives oxidative phosphorylation. The respiratory chain contains 3 multisubunit complexes succinate dehydrogenase (complex II, CII), ubiquinol-cytochrome c oxidoreductase (cytochrome b-c1 complex, complex III, CIII) and cytochrome c oxidase (complex IV, CIV), that cooperate to transfer electrons derived from NADH and succinate to molecular oxygen, creating an electrochemical gradient over the inner membrane that drives transmembrane transport and the ATP synthase. Cytochrome c oxidase is the component of the respiratory chain that catalyzes the reduction of oxygen to water. Electrons originating from reduced cytochrome c in the intermembrane space (IMS) are transferred via the dinuclear copper A center (CU(A)) of subunit 2 and heme A of subunit 1 to the active site in subunit 1, a binuclear center (BNC) formed by heme A3 and copper B (CU(B)). The BNC reduces molecular oxygen to 2 water molecules using 4 electrons from cytochrome c in the IMS and 4 protons from the mitochondrial matrix.	265	99	511.0	0.0	97.358	Arabidopsis thaliana
AT2G07629.1	577	3	Uncharacterized mitochondrial protein AtMg01200	GO:0031966		96	56	65.2	1.71e-12	39.583	Arabidopsis thaliana
AT2G07629.2	550	3	Uncharacterized mitochondrial protein AtMg01200	GO:0031966		96	59	65.2	1.14e-12	39.583	Arabidopsis thaliana
AT2G07631.1	1187	4	NA	NA	NA	NA	NA	NA	NA	NA	NA
AT4G06526.1	2643	8	NA	NA	NA	NA	NA	NA	NA	NA	NA
AT2G07632.1	128	1	NA	NA	NA	NA	NA	NA	NA	NA	NA
AT2G07633.1	438	2	NAD(P)H-quinone oxidoreductase chain 4, chloroplastic	GO:0009535;GO:0008137;GO:0003954;GO:0016655;GO:0048039;GO:0042773;GO:0015990		65	67	82.3	3.8e-19	64.615	Illicium oligandrum
AT2G07634.1	378	2	NA	NA	NA	NA	NA	NA	NA	NA	NA
AT2G07691.1	410	1	Uncharacterized mitochondrial protein AtMg01310	GO:0005739		136	99	288.0	1.53e-101	100.000	Arabidopsis thaliana
AT2G07636.1	663	3	NA	NA	NA	NA	NA	NA	NA	NA	NA
AT2G07692.1	410	1	Uncharacterized mitochondrial protein AtMg01300	GO:0005739		136	99	281.0	9.29e-99	100.000	Arabidopsis thaliana
AT2G07637.1	494	3	NA	NA	NA	NA	NA	NA	NA	NA	NA
AT2G07599.1	2225	7	Uncharacterized mitochondrial protein AtMg01040	GO:0005739		33	13	70.2	6.13e-15	93.939	Arabidopsis thaliana
AT2G07599.2	2225	9	Uncharacterized mitochondrial protein AtMg01040	GO:0005739		64	18	54.5	1.46e-08	54.688	Arabidopsis thaliana
AT2G07696.1	446	1	Small ribosomal subunit protein uS7m	GO:0005763;GO:0005840;GO:0003729;GO:0019843;GO:0003735;GO:0006412	One of the primary rRNA binding proteins, it binds directly to 18S rRNA where it nucleates assembly of the head domain of the small subunit.	148	99	306.0	2.78e-108	100.000	Arabidopsis thaliana
AT5G10605.1	170	1	Putative RNA methyltransferase At5g10620	GO:0070038;GO:0070475		36	63	64.6	3.3e-14	86.111	Arabidopsis thaliana
AT5G10605.2	170	1	Putative RNA methyltransferase At5g10620	GO:0070038;GO:0070475		36	63	64.6	3.3e-14	86.111	Arabidopsis thaliana
AT2G07798.1	2939	9	Uncharacterized mitochondrial protein AtMg01220	GO:0005739		81	26	173.0	1.93e-54	100.000	Arabidopsis thaliana
AT1G10250.1	325	2	Paired amphipathic helix protein Sin3-like 6	GO:0000785;GO:0000118;GO:0070822;GO:0003714;GO:0000122	Acts as a transcriptional repressor. Plays roles in regulating gene expression and genome stability (By similarity).	70	90	140.0	1.69e-39	97.143	Arabidopsis thaliana
AT2G07667.1	1745	6	Uncharacterized mitochondrial protein AtMg01180	GO:0005739		57	26	116.0	5.22e-33	98.246	Arabidopsis thaliana
AT2G07667.2	1745	6	Uncharacterized mitochondrial protein AtMg01180	GO:0005739		57	28	116.0	2.21e-33	98.246	Arabidopsis thaliana
AT2G07701.1	320	1	Uncharacterized mitochondrial protein AtMg00430/AtMg01150	GO:0005739		106	99	213.0	1.92e-72	100.000	Arabidopsis thaliana
AT2G07702.1	458	1	Uncharacterized mitochondrial protein AtMg00440/AtMg01140	GO:0005739		152	99	316.0	6.79e-112	100.000	Arabidopsis thaliana
AT2G07638.1	1050	4	NA	NA	NA	NA	NA	NA	NA	NA	NA
AT5G10695.1	203	1	NA	NA	NA	NA	NA	NA	NA	NA	NA
AT5G10695.2	203	2	NA	NA	NA	NA	NA	NA	NA	NA	NA
AT2G07705.1	200	1	NA	NA	NA	NA	NA	NA	NA	NA	NA
AT2G07642.1	41	1	NA	NA	NA	NA	NA	NA	NA	NA	NA
AT2G07643.1	503	3	NA	NA	NA	NA	NA	NA	NA	NA	NA
AT2G07644.1	104	1	NA	NA	NA	NA	NA	NA	NA	NA	NA
AT2G07713.1	368	1	Uncharacterized mitochondrial protein AtMg00540	GO:0005739		122	99	249.0	2.5e-86	100.000	Arabidopsis thaliana
AT2G07646.1	1221	5	NA	NA	NA	NA	NA	NA	NA	NA	NA
AT1G10395.1	268	2	NA	NA	NA	NA	NA	NA	NA	NA	NA
AT2G07648.1	137	1	NA	NA	NA	NA	NA	NA	NA	NA	NA
AT5G10880.1	1174	3	Proline--tRNA ligase, cytoplasmic	GO:0017101;GO:0005737;GO:0005829;GO:0009506;GO:0005524;GO:0004827;GO:0006433	Catalyzes the attachment of proline to tRNA(Pro) in a two-step reaction: proline is first activated by ATP to form Pro-AMP and then transferred to the acceptor end of tRNA(Pro).	221	86	312.0	1.47e-104	69.231	Arabidopsis thaliana
AT2G07721.1	512	2	NA	NA	NA	NA	NA	NA	NA	NA	NA
AT3G10974.1	125	1	NA	NA	NA	NA	NA	NA	NA	NA	NA
AT2G07722.1	419	1	Uncharacterized mitochondrial protein AtMg00170/AtMg00620	GO:0031966		139	99	279.0	1.03e-97	99.281	Arabidopsis thaliana
AT2G07652.1	457	2	NA	NA	NA	NA	NA	NA	NA	NA	NA
AT2G07724.1	323	1	Uncharacterized mitochondrial protein AtMg00200	GO:0005739		107	99	215.0	1.87e-73	99.065	Arabidopsis thaliana
AT2G07725.1	557	1	Large ribosomal subunit protein uL5m	GO:0005762;GO:0003723;GO:0003735;GO:0006412		185	99	364.0	6.3e-130	95.135	Arabidopsis thaliana
AT2G07728.1	2441	8	NA	NA	NA	NA	NA	NA	NA	NA	NA
AT5G10946.2	1125	2	NA	NA	NA	NA	NA	NA	NA	NA	NA
AT5G10946.1	1034	2	NA	NA	NA	NA	NA	NA	NA	NA	NA
AT2G07654.1	379	2	NA	NA	NA	NA	NA	NA	NA	NA	NA
AT2G07656.1	3167	5	Putative ribonuclease H protein At1g65750	GO:0046872;GO:0003676;GO:0004523		85	30	58.1	8.3e-09	38.824	Arabidopsis thaliana
AT2G07825.1	197	1	NA	NA	NA	NA	NA	NA	NA	NA	NA
AT2G07827.1	1849	7	NA	NA	NA	NA	NA	NA	NA	NA	NA
AT2G07827.2	1849	6	NA	NA	NA	NA	NA	NA	NA	NA	NA
AT2G07830.1	122	1	NA	NA	NA	NA	NA	NA	NA	NA	NA
AT2G07658.1	1464	5	NA	NA	NA	NA	NA	NA	NA	NA	NA
AT2G07787.1	317	1	NA	NA	NA	NA	NA	NA	NA	NA	NA
AT2G07659.1	1548	3	NA	NA	NA	NA	NA	NA	NA	NA	NA
AT3G11120.1	176	2	Small ribosomal subunit protein eS32	GO:1990904;GO:0005840;GO:0003735;GO:0006412		25	96	41.3	1.46e-06	100.000	Oryza sativa subsp. japonica
AT2G07775.1	744	3	NA	NA	NA	NA	NA	NA	NA	NA	NA
AT2G07661.1	89	1	NA	NA	NA	NA	NA	NA	NA	NA	NA
AT2G07806.1	4591	7	NA	NA	NA	NA	NA	NA	NA	NA	NA
AT2G07806.2	4591	8	NA	NA	NA	NA	NA	NA	NA	NA	NA
AT2G07806.3	1037	4	NA	NA	NA	NA	NA	NA	NA	NA	NA
AT2G07738.1	266	1	NA	NA	NA	NA	NA	NA	NA	NA	NA
AT2G07795.1	329	1	NA	NA	NA	NA	NA	NA	NA	NA	NA
AT2G07739.1	599	1	Uncharacterized mitochondrial protein AtMg00370	GO:0031966		199	99	405.0	6.39e-146	99.497	Arabidopsis thaliana
AT2G07662.1	1604	4	NA	NA	NA	NA	NA	NA	NA	NA	NA
AT2G07665.1	204	2	NA	NA	NA	NA	NA	NA	NA	NA	NA
AT2G07835.1	480	2	Uncharacterized mitochondrial protein AtMg00400	GO:0005739		49	38	80.9	6.69e-20	75.510	Arabidopsis thaliana
AT4G06639.1	506	2	NA	NA	NA	NA	NA	NA	NA	NA	NA
AT3G11300.1	1126	5	L10-interacting MYB domain-containing protein	GO:0005634;GO:0001227	Transcriptional repressor that associates with ribosomal protein promoters.	189	57	85.4	4.43e-19	35.450	Arabidopsis thaliana
AT3G11310.1	1797	3	L10-interacting MYB domain-containing protein	GO:0005634;GO:0001227	Transcriptional repressor that associates with ribosomal protein promoters.	354	74	291.0	8.52e-95	44.915	Arabidopsis thaliana
AT1G10745.1	356	2	EMBRYO SURROUNDING FACTOR 1.2	GO:0000578;GO:0010098	Maternally-contributed central cell peptide regulating suspensor development and correct auxin distribution in early developing embryos.	82	99	168.0	2.21e-55	100.000	Arabidopsis thaliana
AT1G10747.1	324	2	EMBRYO SURROUNDING FACTOR 1.1	GO:0000578;GO:0010098	Maternally-contributed central cell peptide regulating suspensor development and correct auxin distribution in early developing embryos.	83	99	170.0	2.96e-56	100.000	Arabidopsis thaliana
AT4G06583.1	370	2	NA	NA	NA	NA	NA	NA	NA	NA	NA
AT4G06583.2	350	2	NA	NA	NA	NA	NA	NA	NA	NA	NA
AT2G07800.1	218	1	NA	NA	NA	NA	NA	NA	NA	NA	NA
AT2G07810.1	342	2	NA	NA	NA	NA	NA	NA	NA	NA	NA
AT2G07981.1	2730	16	NA	NA	NA	NA	NA	NA	NA	NA	NA
AT2G08986.1	8402	46	NA	NA	NA	NA	NA	NA	NA	NA	NA
AT5G11416.1	230	1	NA	NA	NA	NA	NA	NA	NA	NA	NA
AT5G11425.1	209	1	NA	NA	NA	NA	NA	NA	NA	NA	NA
AT2G09388.1	1079	3	NA	NA	NA	NA	NA	NA	NA	NA	NA
AT3G11591.1	191	1	NA	NA	NA	NA	NA	NA	NA	NA	NA
AT2G09838.1	188	1	NA	NA	NA	NA	NA	NA	NA	NA	NA
AT2G09840.1	977	3	NA	NA	NA	NA	NA	NA	NA	NA	NA
AT5G11565.1	257	1	NA	NA	NA	NA	NA	NA	NA	NA	NA
AT1G11145.1	634	3	NA	NA	NA	NA	NA	NA	NA	NA	NA
AT3G11825.1	302	1	NA	NA	NA	NA	NA	NA	NA	NA	NA
AT4G06643.1	923	3	NA	NA	NA	NA	NA	NA	NA	NA	NA
AT2G10020.1	200	1	NA	NA	NA	NA	NA	NA	NA	NA	NA
AT2G10025.1	733	3	NA	NA	NA	NA	NA	NA	NA	NA	NA
AT4G06655.1	441	2	NA	NA	NA	NA	NA	NA	NA	NA	NA
AT5G12043.1	134	1	NA	NA	NA	NA	NA	NA	NA	NA	NA
AT5G12060.1	452	1	S-protein homolog 3	GO:0005576;GO:0060320		150	99	310.0	8.17e-110	100.000	Arabidopsis thaliana
AT1G11591.1	889	4	NA	NA	NA	NA	NA	NA	NA	NA	NA
AT1G11608.1	254	1	Putative F-box/LRR-repeat/kelch-repeat protein At1g11620			84	96	65.7	1.87e-13	46.429	Arabidopsis thaliana
AT4G06688.1	3744	9	Uncharacterized protein At3g60930, chloroplastic	GO:0009507		84	14	58.1	1.19e-07	34.524	Arabidopsis thaliana
AT2G10260.1	2713	7	NA	NA	NA	NA	NA	NA	NA	NA	NA
AT2G10260.2	2713	8	NA	NA	NA	NA	NA	NA	NA	NA	NA
AT5G12236.1	134	1	NA	NA	NA	NA	NA	NA	NA	NA	NA
AT3G12545.1	882	2	NA	NA	NA	NA	NA	NA	NA	NA	NA
AT1G11785.1	754	2	NA	NA	NA	NA	NA	NA	NA	NA	NA
AT2G10450.1	468	3	14-3-3-like protein GF14 psi	GO:0009507;GO:0005737;GO:0005829;GO:0005794;GO:0005739;GO:0005634;GO:0009505;GO:0000325;GO:0005886;GO:0009506;GO:0009536;GO:0005524;GO:0045309;GO:0006995;GO:0016036;GO:0051365;GO:0009631;GO:0009873;GO:0008104;GO:0019222;GO:0009409;GO:0050826;GO:0007165	Is associated with a DNA binding complex that binds to the G box, a well-characterized cis-acting DNA regulatory element found in plant genes (PubMed:16407442, PubMed:7870824, PubMed:7972511). Involved in the regulation of nutrient metabolism (PubMed:21094157, PubMed:22104211). Reciprocal negative transcription regulation of miR396 (PubMed:22751317). Negative regulator of constitutive freezing tolerance and cold acclimation by controlling cold-induced gene expression partially through an ethylene (ET)-dependent pathway; prevents ethylene (ET) biosynthesis, probably by binding 1-aminocyclopropane-1-carboxylate synthases (ACS) to reduce their stability, thus contributing to establish adequate ET levels under both standard and low-temperature conditions (PubMed:25122152).	46	55	79.0	6.17e-19	78.261	Arabidopsis thaliana
AT5G12450.1	191	1	F-box/LRR-repeat protein At1g48400			62	95	91.3	7.3e-23	67.742	Arabidopsis thaliana
AT1G11970.1	299	1	NEDD8-like protein RUB3	GO:0005737;GO:0005634;GO:0003729;GO:0031386;GO:0031625;GO:0019941;GO:0045116;GO:0030162	May function as a stable post-translational protein modifier.	68	55	57.9	6.97e-12	50.000	Arabidopsis thaliana
AT2G10455.1	370	3	NA	NA	NA	NA	NA	NA	NA	NA	NA
AT2G10535.1	317	2	Putative defensin-like protein 131	GO:0005576;GO:0050832;GO:0031640		83	99	171.0	1.62e-56	100.000	Arabidopsis thaliana
AT3G12833.1	292	2	NA	NA	NA	NA	NA	NA	NA	NA	NA
AT3G12835.1	104	1	NA	NA	NA	NA	NA	NA	NA	NA	NA
AT3G12840.1	539	1	Putative FBD-associated F-box protein At3g12840			179	99	364.0	3.04e-130	100.000	Arabidopsis thaliana
AT2G10545.1	1023	4	NA	NA	NA	NA	NA	NA	NA	NA	NA
AT1G12100.1	599	2	14 kDa proline-rich protein DC2.15	GO:0016020	May be connected with the initiation of embryogenesis or with the metabolic changes produced by the removal of auxins.	136	98	109.0	3.34e-31	49.265	Daucus carota
AT2G10556.1	792	3	NA	NA	NA	NA	NA	NA	NA	NA	NA
AT2G10557.1	173	1	NA	NA	NA	NA	NA	NA	NA	NA	NA
AT2G10560.1	836	1	NA	NA	NA	NA	NA	NA	NA	NA	NA
AT2G10602.1	993	3	NA	NA	NA	NA	NA	NA	NA	NA	NA
AT3G12960.1	260	1	SEED MATURATION PROTEIN 1	GO:0044183;GO:0010231;GO:0009408;GO:0010162	Protein chaperone involved in seed maturation and dormancy maintenance after high temperature fluctuation (e.g. secondary dormancy after 3 days at 40 degrees Celsius), probably by protecting heat labile proteins required for secondary dormancy (e.g. G6PDH, HOP3, SR45, ECP63, SCL33, RPL32B, ChlADR1, MSBP1, MBF1B, At3g01690, At1g15280, At1g15290, At2g31410, At1g11630, At1g65090, EMB2279, EMB1674 and RPL35C).	86	99	175.0	3.25e-58	100.000	Arabidopsis thaliana
AT1G12211.1	248	1	NA	NA	NA	NA	NA	NA	NA	NA	NA
AT2G10608.2	407	2	NA	NA	NA	NA	NA	NA	NA	NA	NA
AT2G10608.1	363	2	NA	NA	NA	NA	NA	NA	NA	NA	NA
AT4G07325.1	616	3	NA	NA	NA	NA	NA	NA	NA	NA	NA
AT4G07350.1	2618	4	NA	NA	NA	NA	NA	NA	NA	NA	NA
AT4G07380.1	587	2	NA	NA	NA	NA	NA	NA	NA	NA	NA
AT3G13075.1	281	1	NA	NA	NA	NA	NA	NA	NA	NA	NA
AT5G13181.1	137	1	NA	NA	NA	NA	NA	NA	NA	NA	NA
AT5G13181.2	137	1	NA	NA	NA	NA	NA	NA	NA	NA	NA
AT4G07408.1	188	1	NA	NA	NA	NA	NA	NA	NA	NA	NA
AT1G12411.1	161	1	NA	NA	NA	NA	NA	NA	NA	NA	NA
AT2G10615.1	1830	5	NA	NA	NA	NA	NA	NA	NA	NA	NA
AT4G07445.1	122	1	NA	NA	NA	NA	NA	NA	NA	NA	NA
AT3G13240.1	504	2	NA	NA	NA	NA	NA	NA	NA	NA	NA
AT3G13240.2	679	3	NA	NA	NA	NA	NA	NA	NA	NA	NA
AT1G12615.1	485	1	Pentatricopeptide repeat-containing protein At1g62910	GO:0005739;GO:0090617		145	91	129.0	4.93e-35	44.138	Arabidopsis thaliana
AT3G13276.1	367	2	NA	NA	NA	NA	NA	NA	NA	NA	NA
AT2G10920.1	197	1	NA	NA	NA	NA	NA	NA	NA	NA	NA
AT2G10930.1	600	3	NA	NA	NA	NA	NA	NA	NA	NA	NA
AT2G10931.1	200	1	NA	NA	NA	NA	NA	NA	NA	NA	NA
AT4G07455.1	511	2	NA	NA	NA	NA	NA	NA	NA	NA	NA
AT4G07515.1	311	1	NA	NA	NA	NA	NA	NA	NA	NA	NA
AT1G12672.2	496	3	Thionin-like protein 2	GO:0005576;GO:0006952	May be involved in plant defense.	115	92	102.0	8.45e-29	49.565	Arabidopsis thaliana
AT1G12672.1	275	2	Thionin-like protein 2	GO:0005576;GO:0006952	May be involved in plant defense.	50	94	77.3	9.03e-20	68.000	Arabidopsis thaliana
AT2G10955.1	443	1	NA	NA	NA	NA	NA	NA	NA	NA	NA
AT2G10965.1	1277	5	NA	NA	NA	NA	NA	NA	NA	NA	NA
AT2G10975.1	772	3	NA	NA	NA	NA	NA	NA	NA	NA	NA
AT4G07524.1	627	2	Ras-related protein RABA2a	GO:0009504;GO:0005768;GO:0010008;GO:0005576;GO:0005794;GO:0005886;GO:0005525;GO:0003924;GO:0000911;GO:0015031	Intracellular vesicle trafficking and protein transport.	33	46	50.5	1.93e-08	60.606	Arabidopsis thaliana
AT2G11005.1	1066	3	NA	NA	NA	NA	NA	NA	NA	NA	NA
AT3G13403.1	289	2	Defensin-like protein 302	GO:0050832;GO:0031640		57	98	110.0	4.91e-33	100.000	Arabidopsis thaliana
AT3G13404.1	443	2	NA	NA	NA	NA	NA	NA	NA	NA	NA
AT4G07526.1	549	3	NA	NA	NA	NA	NA	NA	NA	NA	NA
AT4G07526.2	549	3	NA	NA	NA	NA	NA	NA	NA	NA	NA
AT4G07526.3	549	3	NA	NA	NA	NA	NA	NA	NA	NA	NA
AT5G13565.1	86	1	NA	NA	NA	NA	NA	NA	NA	NA	NA
AT2G11010.1	4050	9	NA	NA	NA	NA	NA	NA	NA	NA	NA
AT2G11015.1	440	1	NA	NA	NA	NA	NA	NA	NA	NA	NA
AT3G13432.1	380	2	NA	NA	NA	NA	NA	NA	NA	NA	NA
AT3G13437.2	344	2	NA	NA	NA	NA	NA	NA	NA	NA	NA
AT3G13437.1	299	2	NA	NA	NA	NA	NA	NA	NA	NA	NA
AT2G11025.1	273	2	NA	NA	NA	NA	NA	NA	NA	NA	NA
AT2G11035.1	2152	4	NA	NA	NA	NA	NA	NA	NA	NA	NA
AT1G12960.1	448	3	Large ribosomal subunit protein uL15z	GO:0022625;GO:0003735		104	99	215.0	2.84e-73	100.000	Arabidopsis thaliana
AT2G11045.1	929	5	Uncharacterized protein At4g26485	GO:0005737;GO:0070042;GO:0070475		172	97	75.6	2.17e-17	33.721	Arabidopsis thaliana
AT4G07666.1	2140	5	NA	NA	NA	NA	NA	NA	NA	NA	NA
AT2G11205.1	245	1	NA	NA	NA	NA	NA	NA	NA	NA	NA
AT4G07670.1	1345	4	Probable glutamate carboxypeptidase LAMP1	GO:0005783;GO:0005789;GO:0005773;GO:0004180;GO:0046872;GO:0004181;GO:0010073;GO:0006508;GO:0010075	Acts in association with AMP1 to suppress ectopic stem cell niche formation in the shoot apical meristem (SAM) independently of cytokinin signaling pathway.	251	85	435.0	2.42e-151	86.056	Arabidopsis thaliana
AT4G07670.2	1264	4	Probable glutamate carboxypeptidase LAMP1	GO:0005783;GO:0005789;GO:0005773;GO:0004180;GO:0046872;GO:0004181;GO:0010073;GO:0006508;GO:0010075	Acts in association with AMP1 to suppress ectopic stem cell niche formation in the shoot apical meristem (SAM) independently of cytokinin signaling pathway.	225	87	404.0	6.93e-140	88.000	Arabidopsis thaliana
AT2G11215.1	92	1	NA	NA	NA	NA	NA	NA	NA	NA	NA
AT2G11225.1	5043	9	NA	NA	NA	NA	NA	NA	NA	NA	NA
AT2G11270.1	588	3	Citrate synthase 5, mitochondrial	GO:0005829;GO:0005759;GO:0005739;GO:0036440;GO:0005975;GO:0006101;GO:0006099		34	40	54.8	2.01e-09	88.235	Arabidopsis thaliana
AT2G11271.1	125	1	NA	NA	NA	NA	NA	NA	NA	NA	NA
AT1G13245.1	125	1	Small polypeptide DEVIL 4	GO:0005886;GO:0008285;GO:0010218;GO:0010114;GO:0048367	Small polypeptide acting as a regulatory molecule which coordinates cellular responses required for differentiation, growth and development, including leaves shape, pedicule elongation, inflorescence organization and fruit maturation, probably by restricting polar cell proliferation in lateral organs and coordinating socket cell recruitment and differentiation at trichome sites.	41	98	84.0	4.49e-23	100.000	Arabidopsis thaliana
AT4G07740.1	1044	4	NA	NA	NA	NA	NA	NA	NA	NA	NA
AT2G11405.1	347	1	NA	NA	NA	NA	NA	NA	NA	NA	NA
AT3G13857.1	128	1	NA	NA	NA	NA	NA	NA	NA	NA	NA
AT5G14160.1	1134	2	Putative F-box protein At5g14160			352	99	728.0	0.0	100.000	Arabidopsis thaliana
AT2G11462.1	643	3	NA	NA	NA	NA	NA	NA	NA	NA	NA
AT5G14275.1	218	1	NA	NA	NA	NA	NA	NA	NA	NA	NA
AT2G11522.1	125	1	NA	NA	NA	NA	NA	NA	NA	NA	NA
AT1G13485.1	173	1	NA	NA	NA	NA	NA	NA	NA	NA	NA
AT5G14350.1	1563	4	Protein LOW PHOTOSYNTHETIC EFFICIENCY 1, chloroplastic	GO:0009507;GO:0009570;GO:0009535;GO:0003729;GO:0043022;GO:0003723;GO:0008494;GO:0010207;GO:0032544;GO:0009416;GO:0006413	Required for light-regulated photosystem II (PSII) biogenesis and grana thylakoids formation by binding to the 5' UTR of PSII subunit mRNAs (e.g. psbJ, psbN and psbA) in a light-dependent manner through a redox-based mechanism, and facilitating the association of HCF173 with target mRNAs, which encodes PSII reaction center proteins (e.g. J, N and D1), thus regulating its expression by modulating ribosome loading.	102	72	185.0	3.8e-55	87.255	Arabidopsis thaliana
AT2G11570.1	952	2	NA	NA	NA	NA	NA	NA	NA	NA	NA
AT4G07825.1	743	1	NA	NA	NA	NA	NA	NA	NA	NA	NA
AT2G11620.1	2332	6	NA	NA	NA	NA	NA	NA	NA	NA	NA
AT4G07835.1	634	2	NA	NA	NA	NA	NA	NA	NA	NA	NA
AT2G11623.1	545	3	NA	NA	NA	NA	NA	NA	NA	NA	NA
AT2G11623.2	237	2	NA	NA	NA	NA	NA	NA	NA	NA	NA
AT2G11626.1	993	4	NA	NA	NA	NA	NA	NA	NA	NA	NA
AT4G07868.1	236	1	NA	NA	NA	NA	NA	NA	NA	NA	NA
AT5G14560.1	122	1	NA	NA	NA	NA	NA	NA	NA	NA	NA
AT2G11773.1	107	1	NA	NA	NA	NA	NA	NA	NA	NA	NA
AT2G11778.1	167	1	NA	NA	NA	NA	NA	NA	NA	NA	NA
AT1G13805.1	68	1	NA	NA	NA	NA	NA	NA	NA	NA	NA
AT4G07932.1	1226	4	NA	NA	NA	NA	NA	NA	NA	NA	NA
AT2G11815.1	1491	3	NA	NA	NA	NA	NA	NA	NA	NA	NA
AT3G14340.1	263	1	NA	NA	NA	NA	NA	NA	NA	NA	NA
AT2G11851.1	221	1	NA	NA	NA	NA	NA	NA	NA	NA	NA
AT2G11851.2	221	1	NA	NA	NA	NA	NA	NA	NA	NA	NA
AT3G14362.1	146	1	Small polypeptide DEVIL 19	GO:0005886;GO:0008285;GO:0048367	Small polypeptide acting as a regulatory molecule which coordinates cellular responses required for differentiation, growth and development, probably by restricting polar cell proliferation in lateral organs and coordinating socket cell recruitment and differentiation at trichome sites.	48	98	102.0	2.84e-30	100.000	Arabidopsis thaliana
AT2G11891.1	167	1	NA	NA	NA	NA	NA	NA	NA	NA	NA
AT4G07965.1	717	3	NA	NA	NA	NA	NA	NA	NA	NA	NA
AT4G07995.1	80	1	NA	NA	NA	NA	NA	NA	NA	NA	NA
AT4G08028.1	334	2	Putative defensin-like protein 102	GO:0005576;GO:0050832;GO:0031640		81	99	166.0	1.64e-54	100.000	Arabidopsis thaliana
AT3G14452.1	116	1	NA	NA	NA	NA	NA	NA	NA	NA	NA
AT5G15008.1	164	1	NA	NA	NA	NA	NA	NA	NA	NA	NA
AT5G15060.1	425	1	LOB domain-containing protein 34	GO:0005634;GO:0001216;GO:0009556;GO:0006355		141	99	290.0	3.88e-102	100.000	Arabidopsis thaliana
AT4G08039.1	1187	2	Putative defensin-like protein 312	GO:0005576;GO:0050832;GO:0031640		69	99	136.0	5.4e-43	100.000	Arabidopsis thaliana
AT1G14315.1	578	1	Probable F-box protein At1g14315			172	89	354.0	3.25e-125	100.000	Arabidopsis thaliana
AT1G14315.2	1072	2	Probable F-box protein At1g14315			303	99	559.0	0.0	91.419	Arabidopsis thaliana
AT2G12170.1	899	4	NA	NA	NA	NA	NA	NA	NA	NA	NA
AT2G12200.1	293	2	Formate--tetrahydrofolate ligase	GO:0048046;GO:0009507;GO:0005829;GO:0005634;GO:0005524;GO:0005507;GO:0004329;GO:0004477;GO:0004488;GO:0009257;GO:0046655;GO:0006555;GO:0006164;GO:0035999		63	98	109.0	3.68e-29	80.952	Arabidopsis thaliana
AT2G12205.1	223	2	NA	NA	NA	NA	NA	NA	NA	NA	NA
AT2G12280.1	272	1	Formate--tetrahydrofolate ligase	GO:0048046;GO:0009507;GO:0005829;GO:0005634;GO:0005524;GO:0005507;GO:0004329;GO:0004477;GO:0004488;GO:0009257;GO:0046655;GO:0006555;GO:0006164;GO:0035999		74	81	134.0	3.64e-38	100.000	Arabidopsis thaliana
AT2G12290.1	401	1	E3 ubiquitin-protein ligase BOI	GO:0005634;GO:0004869;GO:0061630;GO:0004842;GO:0008270;GO:0042742;GO:0050832;GO:0043069;GO:0043161;GO:0043067;GO:0009739	E3 ubiquitin-protein ligase involved in the regulation of pathogen and abiotic stress responses by facilitating degradation of MYB108/BOI. Attenuates cell death by preventing caspase activation. Has no effect on the stability of the DELLA proteins. Not regulated by MYB108/BOI.	63	47	105.0	2.15e-28	82.540	Arabidopsis thaliana
AT5G15360.1	1745	7	NA	NA	NA	NA	NA	NA	NA	NA	NA
AT4G08097.1	1836	9	NA	NA	NA	NA	NA	NA	NA	NA	NA
AT5G15420.1	1013	2	NA	NA	NA	NA	NA	NA	NA	NA	NA
AT2G12405.1	798	2	NA	NA	NA	NA	NA	NA	NA	NA	NA
AT1G14642.1	194	2	NA	NA	NA	NA	NA	NA	NA	NA	NA
AT5G15533.1	179	2	NA	NA	NA	NA	NA	NA	NA	NA	NA
AT5G15537.1	1432	5	NA	NA	NA	NA	NA	NA	NA	NA	NA
AT5G15537.2	1432	5	NA	NA	NA	NA	NA	NA	NA	NA	NA
AT3G14981.1	218	1	NA	NA	NA	NA	NA	NA	NA	NA	NA
AT2G12461.1	134	1	NA	NA	NA	NA	NA	NA	NA	NA	NA
AT3G15111.1	116	1	NA	NA	NA	NA	NA	NA	NA	NA	NA
AT5G15660.1	1389	2	Putative F-box protein At5g15660	GO:0052542		438	99	919.0	0.0	100.000	Arabidopsis thaliana
AT5G15670.1	812	2	Putative F-box protein At5g15670			214	99	443.0	1.8e-160	100.000	Arabidopsis thaliana
AT4G08140.1	467	3	26S proteasome non-ATPase regulatory subunit 2 homolog A	GO:0005737;GO:0005829;GO:0005739;GO:0005634;GO:0009506;GO:0000502;GO:0008540;GO:0034515;GO:0030234;GO:0043130;GO:0045087;GO:0043161;GO:0030163;GO:0051726;GO:0042176;GO:0009751;GO:0006511	Acts as a regulatory subunit of the 26 proteasome which is involved in the ATP-dependent degradation of ubiquitinated proteins (By similarity). Required during embryogenesis (PubMed:16169895). Required for optimal plant growth and stress responses (PubMed:19605416). Required for innate immunity (PubMed:22577987). Prevents JMJ27 accumulation in non-drought conditions (PubMed:34197643).	70	82	134.0	2.61e-37	91.429	Arabidopsis thaliana
AT3G15251.1	113	1	NA	NA	NA	NA	NA	NA	NA	NA	NA
AT5G15745.1	302	2	NA	NA	NA	NA	NA	NA	NA	NA	NA
AT1G15015.1	482	1	F-box protein At1g15015			160	99	335.0	2.97e-119	100.000	Arabidopsis thaliana
AT3G15359.1	188	1	NA	NA	NA	NA	NA	NA	NA	NA	NA
AT4G08190.1	953	3	Ras-related protein RABA2d	GO:0009504;GO:0005768;GO:0010008;GO:0005794;GO:0009536;GO:0005525;GO:0003924;GO:0042546;GO:0015031	Intracellular vesicle trafficking and protein transport.	62	46	112.0	6.68e-32	90.323	Arabidopsis thaliana
AT5G15853.1	200	1	NA	NA	NA	NA	NA	NA	NA	NA	NA
AT1G15085.1	635	3	NA	NA	NA	NA	NA	NA	NA	NA	NA
AT4G08263.1	533	2	Probable transcription factor At4g00610	GO:0005634;GO:0006355		76	69	136.0	2.8e-40	85.526	Arabidopsis thaliana
AT4G08263.2	299	1	NA	NA	NA	NA	NA	NA	NA	NA	NA
AT4G08267.1	843	3	NA	NA	NA	NA	NA	NA	NA	NA	NA
AT1G15165.1	2348	7	U-box domain-containing protein 6	GO:0009507;GO:0005737;GO:0005634;GO:0070696;GO:0061630;GO:0016567	Functions as an E3 ubiquitin ligase.	49	14	75.9	1.94e-14	71.429	Arabidopsis thaliana
AT4G08270.1	299	1	NA	NA	NA	NA	NA	NA	NA	NA	NA
AT5G16023.1	155	1	Small polypeptide DEVIL 1	GO:0005886;GO:0008285;GO:0010218;GO:0010114;GO:0048367;GO:0090437	Small polypeptide acting as a regulatory molecule which coordinates cellular responses required for differentiation, growth and development, including leaves shape, pedicule elongation, inflorescence organization and fruit maturation, probably by restricting polar cell proliferation in lateral organs and coordinating socket cell recruitment and differentiation at trichome sites.	51	98	100.0	2.39e-29	100.000	Arabidopsis thaliana
AT3G15534.1	206	1	NA	NA	NA	NA	NA	NA	NA	NA	NA
AT3G15548.1	101	1	NA	NA	NA	NA	NA	NA	NA	NA	NA
AT3G15578.1	182	1	NA	NA	NA	NA	NA	NA	NA	NA	NA
AT3G15604.1	164	1	NA	NA	NA	NA	NA	NA	NA	NA	NA
AT2G12875.1	2059	5	NA	NA	NA	NA	NA	NA	NA	NA	NA
AT2G12880.1	359	1	ATP-dependent RNA helicase glh-4	GO:0005737;GO:0043186;GO:0005524;GO:0016887;GO:0008432;GO:0003723;GO:0003724;GO:0008270;GO:0007276;GO:0030490;GO:0042127	Probable ATP-binding RNA helicase. May act redundantly with the P-granule component glh-1 to regulate the formation of the granular structure of P-granules in embryos (PubMed:21402787, PubMed:24746798). May protect somatic cells from excessive apoptosis during normal development (PubMed:27650246).	78	62	48.3	1.1e-06	30.769	Caenorhabditis elegans
AT2G12905.1	218	1	NA	NA	NA	NA	NA	NA	NA	NA	NA
AT3G15670.1	760	2	Late embryogenesis abundant protein 29	GO:0005829;GO:0005634;GO:0009409	Involved dehydration tolerance.	225	99	383.0	9.43e-137	100.000	Arabidopsis thaliana
AT2G12935.1	1003	4	NA	NA	NA	NA	NA	NA	NA	NA	NA
AT4G08395.1	1078	5	NA	NA	NA	NA	NA	NA	NA	NA	NA
AT2G12945.1	721	3	NA	NA	NA	NA	NA	NA	NA	NA	NA
AT4G08406.1	140	1	NA	NA	NA	NA	NA	NA	NA	NA	NA
AT5G16285.1	272	1	Putative F-box protein At5g16285			90	99	186.0	2.06e-62	100.000	Arabidopsis thaliana
AT4G08430.1	3040	6	NA	NA	NA	NA	NA	NA	NA	NA	NA
AT5G16430.1	257	1	NA	NA	NA	NA	NA	NA	NA	NA	NA
AT3G15909.1	137	1	NA	NA	NA	NA	NA	NA	NA	NA	NA
AT5G16486.1	629	1	NA	NA	NA	NA	NA	NA	NA	NA	NA
AT4G08485.1	357	2	Putative defensin-like protein 211	GO:0005576;GO:0050832;GO:0031640		86	99	177.0	9.33e-59	100.000	Arabidopsis thaliana
AT2G13125.1	426	3	NA	NA	NA	NA	NA	NA	NA	NA	NA
AT3G16117.1	167	1	NA	NA	NA	NA	NA	NA	NA	NA	NA
AT4G08593.1	1121	4	NA	NA	NA	NA	NA	NA	NA	NA	NA
AT2G13275.1	382	2	NA	NA	NA	NA	NA	NA	NA	NA	NA
AT2G13295.1	414	2	NA	NA	NA	NA	NA	NA	NA	NA	NA
AT4G08740.1	711	2	NA	NA	NA	NA	NA	NA	NA	NA	NA
AT3G16432.1	185	1	NA	NA	NA	NA	NA	NA	NA	NA	NA
AT2G13422.1	104	1	NA	NA	NA	NA	NA	NA	NA	NA	NA
AT2G13430.1	1370	3	NA	NA	NA	NA	NA	NA	NA	NA	NA
AT2G13463.1	185	1	NA	NA	NA	NA	NA	NA	NA	NA	NA
AT2G13500.1	1163	2	Uncharacterized protein At4g02000			137	62	208.0	6.47e-66	70.803	Arabidopsis thaliana
AT2G13510.1	1106	2	Uncharacterized protein At4g02000			94	64	136.0	1.6e-38	65.957	Arabidopsis thaliana
AT5G17130.1	562	3	NA	NA	NA	NA	NA	NA	NA	NA	NA
AT5G17140.1	443	2	Cathepsin L	GO:0005764;GO:0004197;GO:0030154;GO:0006508	Important for the overall degradation of proteins in lysosomes. Required for differentiation of imaginal disks.	103	89	69.1	1.93e-14	30.097	Sarcophaga peregrina
AT2G13542.1	446	2	Putative defensin-like protein 62	GO:0005576;GO:0006952;GO:0050832;GO:0031640		76	99	157.0	2.85e-51	100.000	Arabidopsis thaliana
AT2G13547.1	212	1	NA	NA	NA	NA	NA	NA	NA	NA	NA
AT2G13550.2	799	2	NA	NA	NA	NA	NA	NA	NA	NA	NA
AT2G13550.1	545	1	NA	NA	NA	NA	NA	NA	NA	NA	NA
AT2G13555.1	503	3	NA	NA	NA	NA	NA	NA	NA	NA	NA
AT4G08869.1	389	2	Defensin-like protein 210	GO:0005576;GO:0043680;GO:0050832;GO:0031640;GO:0010183		93	99	190.0	6.78e-64	100.000	Arabidopsis thaliana
AT4G08869.2	209	1	Defensin-like protein 210	GO:0005576;GO:0043680;GO:0050832;GO:0031640;GO:0010183		69	99	148.0	1.03e-47	100.000	Arabidopsis thaliana
AT4G08867.1	419	1	NA	NA	NA	NA	NA	NA	NA	NA	NA
AT4G08868.1	440	1	NA	NA	NA	NA	NA	NA	NA	NA	NA
AT4G08874.1	434	1	NA	NA	NA	NA	NA	NA	NA	NA	NA
AT4G08874.2	485	1	NA	NA	NA	NA	NA	NA	NA	NA	NA
AT4G08875.1	402	2	Defensin-like protein 209	GO:0005576;GO:0043680;GO:0050832;GO:0031640;GO:0010183		93	99	191.0	2.76e-64	100.000	Arabidopsis thaliana
AT4G08876.1	333	2	Pyrophosphate--fructose 6-phosphate 1-phosphotransferase subunit beta 2	GO:0005737;GO:0003872;GO:0005524;GO:0047334;GO:0046872;GO:0009793;GO:0006002;GO:0015979;GO:0009749	Catalytic subunit of pyrophosphate--fructose 6-phosphate 1-phosphotransferase. Catalyzes the phosphorylation of D-fructose 6-phosphate, the first committing step of glycolysis. Uses inorganic phosphate (PPi) as phosphoryl donor instead of ATP like common ATP-dependent phosphofructokinases (ATP-PFKs), which renders the reaction reversible, and can thus function both in glycolysis and gluconeogenesis.	41	64	72.2	9.54e-16	80.488	Arabidopsis thaliana
AT4G08878.1	842	1	Probable inorganic phosphate transporter 1-6	GO:0016020;GO:0005315;GO:0015293;GO:0006817	High-affinity transporter for external inorganic phosphate.	236	84	436.0	1.14e-153	89.407	Arabidopsis thaliana
AT3G16712.1	215	1	NA	NA	NA	NA	NA	NA	NA	NA	NA
AT2G13660.1	597	2	NA	NA	NA	NA	NA	NA	NA	NA	NA
AT5G17305.1	224	1	NA	NA	NA	NA	NA	NA	NA	NA	NA
AT4G08895.1	719	4	Probable inorganic phosphate transporter 1-6	GO:0016020;GO:0005315;GO:0015293;GO:0006817	High-affinity transporter for external inorganic phosphate.	196	85	213.0	3.84e-68	59.694	Arabidopsis thaliana
AT2G13720.1	1209	5	DNA topoisomerase 2	GO:0005634;GO:0005524;GO:0003677;GO:0003916;GO:0003918;GO:0046872;GO:0006265;GO:0000712;GO:0000819	Control of topological states of DNA by transient breakage and subsequent rejoining of DNA strands. Topoisomerase II makes double-strand breaks.	160	70	70.0	4.17e-13	31.250	Arabidopsis thaliana
AT2G13760.1	689	2	NA	NA	NA	NA	NA	NA	NA	NA	NA
AT3G16930.1	487	2	NA	NA	NA	NA	NA	NA	NA	NA	NA
AT3G16960.1	452	2	S-protein homolog 2	GO:0005576;GO:0060320		148	90	52.5	5.78e-09	31.081	Arabidopsis thaliana
AT1G16945.1	292	2	F-box/FBD/LRR-repeat protein At1g16930			59	89	108.0	3.03e-29	83.051	Arabidopsis thaliana
AT2G13845.1	1026	4	NA	NA	NA	NA	NA	NA	NA	NA	NA
AT4G09090.1	350	1	Glucan endo-1,3-beta-D-glucosidase	GO:0005576;GO:0042973;GO:0042803;GO:0006076		86	74	107.0	2.96e-28	51.163	Olea europaea
AT2G13895.1	798	2	NA	NA	NA	NA	NA	NA	NA	NA	NA
AT3G17140.1	587	2	Cell wall / vacuolar inhibitor of fructosidase 1	GO:0009505;GO:0005773;GO:0004857;GO:0043086;GO:0009827	Inhibits fructosidases from vacuoles (vacuolar invertase VI).	96	84	114.0	8.88e-33	60.417	Arabidopsis thaliana
AT2G13950.1	1713	2	Protein VACUOLELESS GAMETOPHYTES	GO:0005771;GO:0008270;GO:0009561;GO:0055046;GO:0009617;GO:0002237;GO:0002238;GO:0002240	Essential for development of both female (megagametogenesis) and male (microgametogenesis) gametophytes by promoting the formation of large vacuoles early in development, maybe via the regulation of vesicular fusion.	170	58	60.4	1.86e-09	28.824	Arabidopsis thaliana
AT2G13965.1	347	1	NA	NA	NA	NA	NA	NA	NA	NA	NA
AT3G17190.1	789	4	NA	NA	NA	NA	NA	NA	NA	NA	NA
AT3G17190.2	684	4	NA	NA	NA	NA	NA	NA	NA	NA	NA
AT2G13980.1	515	1	NA	NA	NA	NA	NA	NA	NA	NA	NA
AT4G09210.1	871	4	NA	NA	NA	NA	NA	NA	NA	NA	NA
AT2G13985.1	1155	2	B3 domain-containing protein REM14	GO:0005634;GO:0003677		123	96	118.0	2.36e-32	54.472	Arabidopsis thaliana
AT2G14000.1	1385	2	NA	NA	NA	NA	NA	NA	NA	NA	NA
AT4G09260.1	871	4	NA	NA	NA	NA	NA	NA	NA	NA	NA
AT1G17235.1	359	1	Small polypeptide DEVIL 24	GO:0005886;GO:0008285	Small polypeptide acting as a regulatory molecule which coordinates cellular responses required for differentiation, growth and development, probably by restricting polar cell proliferation in lateral organs and coordinating socket cell recruitment and differentiation at trichome sites.	119	99	246.0	2.11e-85	100.000	Arabidopsis thaliana
AT5G17847.1	128	1	NA	NA	NA	NA	NA	NA	NA	NA	NA
AT4G09355.1	26	1	NA	NA	NA	NA	NA	NA	NA	NA	NA
AT4G09360.1	3094	7	Putative disease resistance protein At4g11170	GO:0005739;GO:0043531;GO:0061809;GO:0006952;GO:0010193;GO:0007165		690	73	179.0	1.87e-46	27.681	Arabidopsis thaliana
AT3G17400.1	557	1	Putative F-box protein At3g17400			185	99	389.0	8.38e-140	100.000	Arabidopsis thaliana
AT2G14160.1	336	2	Glycine-rich RNA-binding protein GRP2A	GO:0005634;GO:0003723;GO:0016070	May play a general role in circadian phenomena associated with meristematic tissue.	85	99	68.5	1.52e-15	44.706	Sinapis alba
AT4G09440.1	533	1	NA	NA	NA	NA	NA	NA	NA	NA	NA
AT4G09490.1	992	3	NA	NA	NA	NA	NA	NA	NA	NA	NA
AT1G17545.1	799	3	Protein phosphatase 2C 7	GO:0046872;GO:0004722;GO:0009738;GO:1902531	Key component and repressor of the abscisic acid (ABA) signaling pathway that regulates numerous ABA responses, such as stomatal closure, seed germination and inhibition of vegetative growth.	64	55	102.0	1.91e-25	82.812	Arabidopsis thaliana
AT3G17675.1	606	2	Blue copper protein 1a	GO:0005886;GO:0009055;GO:0046872;GO:0009610		122	92	100.0	1.05e-27	43.443	Medicago truncatula
AT2G14265.1	808	5	NA	NA	NA	NA	NA	NA	NA	NA	NA
AT2G14270.1	466	2	Probable protein phosphatase 2C 2	GO:0046872;GO:0004722;GO:0009738		52	45	47.7	1.43e-06	57.692	Arabidopsis thaliana
AT2G14282.1	465	2	Putative defensin-like protein 240	GO:0005576;GO:0050832;GO:0031640;GO:0007165		97	99	203.0	5.32e-69	100.000	Arabidopsis thaliana
AT2G14289.1	107	1	NA	NA	NA	NA	NA	NA	NA	NA	NA
AT4G09585.1	480	3	NA	NA	NA	NA	NA	NA	NA	NA	NA
AT2G14365.1	369	2	Defensin-like protein 71	GO:0005576;GO:0050832;GO:0031640		76	99	155.0	1.91e-50	100.000	Arabidopsis thaliana
AT5G18404.1	257	1	NA	NA	NA	NA	NA	NA	NA	NA	NA
AT4G09647.1	1263	2	Putative defensin-like protein 135	GO:0005576;GO:0050832;GO:0031640		81	99	165.0	2.4e-54	100.000	Arabidopsis thaliana
AT5G18407.1	343	2	Defensin-like protein 223	GO:0005576;GO:0050832;GO:0009567;GO:0031640		87	99	135.0	1.49e-42	83.908	Arabidopsis thaliana
AT4G09649.1	137	1	NA	NA	NA	NA	NA	NA	NA	NA	NA
AT4G09660.1	2161	3	Zinc finger MYM-type protein 1	GO:0005634;GO:0046983;GO:0008270		696	94	133.0	7.91e-32	24.856	Homo sapiens
AT2G14390.1	1006	3	NA	NA	NA	NA	NA	NA	NA	NA	NA
AT2G14395.1	1281	5	NA	NA	NA	NA	NA	NA	NA	NA	NA
AT4G09731.1	134	1	NA	NA	NA	NA	NA	NA	NA	NA	NA
AT2G14460.1	125	1	NA	NA	NA	NA	NA	NA	NA	NA	NA
AT4G09775.1	425	1	NA	NA	NA	NA	NA	NA	NA	NA	NA
AT4G09784.1	360	3	Histone deacetylase 15	GO:0005737;GO:0000118;GO:0005730;GO:0005634;GO:0004407;GO:0141221;GO:0008270;GO:0009294;GO:0040029;GO:0045814;GO:0009640;GO:0009789;GO:2000306;GO:0051289;GO:0042548;GO:0009408	Responsible for the deacetylation of lysine residues on the N-terminal part of the core histones (H2A, H2B, H3 and H4) (PubMed:23548744). Histone deacetylation gives a tag for epigenetic repression and plays an important role in transcriptional regulation, cell cycle progression and developmental events (PubMed:23548744). Histone deacetylases act via the formation of large multiprotein complexes (Probable). Represses chlorophyll biosynthesis and photosynthesis in the dark (PubMed:23548744). Is recruited by PIF3 to the promoters of chlorophyll biosynthetic and photosynthetic genes, and represses their transcription by histone deacetylation (PubMed:23548744). Involved in the repression of hypocotyl cell elongation to promote photomorphogenesis (PubMed:31061103). Is recruited by HY5 to the promoters of a subset of cell wall organization and auxin signaling-related genes, and represses gene expression by decreasing the levels of histone H4 acetylation in a light-dependent manner (PubMed:31061103). Promotes abscisic acid (ABA) signaling (PubMed:30979883). Is recruited by MYB96 to the promoters of a subset of Rho GTPase (ROP) genes, which repress ABA signaling at the early stages of signal transduction (PubMed:30979883). Represses ROP expression by removing acetyl groups of histone H3 and H4 from the cognate regions, particularly in the presence of ABA (PubMed:30979883). Represses the plant response to elevated ambient temperature by directly repressing warm temperature-responsive genes (PubMed:31400169).	48	68	92.5	5.5e-23	89.583	Arabidopsis thaliana
AT4G09795.1	380	2	Putative defensin-like protein 129	GO:0005576;GO:0050832;GO:0031640		77	99	159.0	5.33e-52	100.000	Arabidopsis thaliana
AT4G09840.1	320	1	NA	NA	NA	NA	NA	NA	NA	NA	NA
AT4G09840.2	320	1	NA	NA	NA	NA	NA	NA	NA	NA	NA
AT4G09850.1	170	1	NA	NA	NA	NA	NA	NA	NA	NA	NA
AT4G09860.1	592	3	NA	NA	NA	NA	NA	NA	NA	NA	NA
AT4G09880.1	714	2	NA	NA	NA	NA	NA	NA	NA	NA	NA
AT4G09984.1	1054	2	Putative defensin-like protein 142	GO:0005576;GO:0050832;GO:0031640		85	99	175.0	3.57e-58	100.000	Arabidopsis thaliana
AT2G14635.1	185	1	Protein ARABIDILLO 1	GO:0005634;GO:0048527	Promotes lateral root initiation and development, independently of auxin (IAA) and abscisis acid (ABA).	36	58	51.4	1.88e-08	72.222	Arabidopsis thaliana
AT5G18748.1	209	1	NA	NA	NA	NA	NA	NA	NA	NA	NA
AT3G18235.1	629	4	NA	NA	NA	NA	NA	NA	NA	NA	NA
AT3G18250.1	230	1	NA	NA	NA	NA	NA	NA	NA	NA	NA
AT1G18193.1	556	4	NA	NA	NA	NA	NA	NA	NA	NA	NA
AT3G18282.1	385	2	NA	NA	NA	NA	NA	NA	NA	NA	NA
AT1G18220.1	137	1	Putative purine permease 9	GO:0016020;GO:0005345;GO:0006863		45	98	91.3	7.72e-26	100.000	Arabidopsis thaliana
AT3G18291.1	128	1	NA	NA	NA	NA	NA	NA	NA	NA	NA
AT2G14692.1	131	1	NA	NA	NA	NA	NA	NA	NA	NA	NA
AT5G18880.1	887	1	NA	NA	NA	NA	NA	NA	NA	NA	NA
AT4G10115.1	453	2	Putative defensin-like protein 236	GO:0005576;GO:0050832;GO:0031640;GO:0007165		96	99	200.0	1.46e-67	100.000	Arabidopsis thaliana
AT5G18933.1	957	4	NA	NA	NA	NA	NA	NA	NA	NA	NA
AT2G14755.1	780	2	NA	NA	NA	NA	NA	NA	NA	NA	NA
AT5G18937.1	1071	6	NA	NA	NA	NA	NA	NA	NA	NA	NA
AT2G14765.1	675	3	NA	NA	NA	NA	NA	NA	NA	NA	NA
AT2G14775.1	809	1	NA	NA	NA	NA	NA	NA	NA	NA	NA
AT2G14800.1	946	1	NA	NA	NA	NA	NA	NA	NA	NA	NA
AT2G14810.1	1005	2	NA	NA	NA	NA	NA	NA	NA	NA	NA
AT3G18518.1	161	1	Small polypeptide DEVIL 7	GO:0005886;GO:0008285;GO:0048367	Small polypeptide acting as a regulatory molecule which coordinates cellular responses required for differentiation, growth and development, probably by restricting polar cell proliferation in lateral organs and coordinating socket cell recruitment and differentiation at trichome sites.	53	98	107.0	3.25e-32	100.000	Arabidopsis thaliana
AT2G14846.1	299	1	Probable non-specific lipid-transfer protein AKCS9	GO:0008289;GO:0006869	Potential lipid transfer protein.	70	70	78.1	1.21e-19	51.429	Vigna unguiculata
AT4G10305.1	447	2	NA	NA	NA	NA	NA	NA	NA	NA	NA
AT2G14870.1	305	1	Splicing factor 3B subunit 6-like protein	GO:0005634;GO:0003723;GO:0006397;GO:0008380	May be necessary for the splicing of pre-mRNA.	70	69	124.0	1.5e-37	75.714	Arabidopsis thaliana
AT2G14935.1	355	2	Putative defensin-like protein 186	GO:0005576;GO:0050832;GO:0031640		74	99	151.0	5.33e-49	100.000	Arabidopsis thaliana
AT2G14945.1	640	4	NA	NA	NA	NA	NA	NA	NA	NA	NA
AT5G19172.1	522	2	Defensin-like protein 49	GO:0005576;GO:0050832;GO:0031640		84	99	176.0	2.52e-58	100.000	Arabidopsis thaliana
AT5G19175.1	442	2	Putative defensin-like protein 48	GO:0005576;GO:0050832;GO:0031640		82	99	171.0	1.18e-56	100.000	Arabidopsis thaliana
AT4G10457.1	370	2	Putative defensin-like protein 225	GO:0005576;GO:0050832;GO:0031640;GO:0007165		92	99	192.0	7.73e-65	100.000	Arabidopsis thaliana
AT2G15025.1	557	1	NA	NA	NA	NA	NA	NA	NA	NA	NA
AT1G18871.1	176	1	NA	NA	NA	NA	NA	NA	NA	NA	NA
AT3G18957.1	272	2	NA	NA	NA	NA	NA	NA	NA	NA	NA
AT4G10595.1	1061	2	Putative defensin-like protein 145	GO:0005576;GO:0050832;GO:0031640		91	99	187.0	1.27e-62	100.000	Arabidopsis thaliana
AT4G10603.1	856	2	Putative defensin-like protein 169	GO:0005576;GO:0050832;GO:0031640		87	99	181.0	2.81e-60	100.000	Arabidopsis thaliana
AT3G19035.1	104	1	NA	NA	NA	NA	NA	NA	NA	NA	NA
AT1G19070.1	251	1	F-box protein At1g19070			83	99	170.0	3.64e-56	100.000	Arabidopsis thaliana
AT2G15170.1	308	1	NA	NA	NA	NA	NA	NA	NA	NA	NA
AT2G15180.1	1424	1	NA	NA	NA	NA	NA	NA	NA	NA	NA
AT2G15185.1	668	2	NA	NA	NA	NA	NA	NA	NA	NA	NA
AT5G19595.1	191	1	NA	NA	NA	NA	NA	NA	NA	NA	NA
AT4G10767.1	486	2	Putative defensin-like protein 237	GO:0005576;GO:0050832;GO:0031640;GO:0007165		80	73	169.0	2.67e-55	100.000	Arabidopsis thaliana
AT5G19633.1	279	2	NA	NA	NA	NA	NA	NA	NA	NA	NA
AT4G10820.1	900	2	F-box protein At5g25290			122	84	138.0	8.05e-39	59.016	Arabidopsis thaliana
AT2G15318.1	269	1	NA	NA	NA	NA	NA	NA	NA	NA	NA
AT2G15327.1	453	2	NA	NA	NA	NA	NA	NA	NA	NA	NA
AT3G19274.1	152	1	NA	NA	NA	NA	NA	NA	NA	NA	NA
AT4G10895.1	711	2	S-protein homolog 8	GO:0005576;GO:0009875;GO:0060320		115	80	54.8	8.26e-10	31.304	Arabidopsis thaliana
AT2G15360.1	242	1	Probable fucosyltransferase 4	GO:0032580;GO:0031127;GO:0008417;GO:0008107;GO:0042546;GO:0071555;GO:0009651;GO:0009969	May be involved in cell wall biosynthesis. May act as a fucosyltransferase.	64	67	60.1	2.89e-11	59.375	Arabidopsis thaliana
AT1G19394.1	832	3	NA	NA	NA	NA	NA	NA	NA	NA	NA
AT1G19396.1	1607	2	NA	NA	NA	NA	NA	NA	NA	NA	NA
AT1G19396.2	350	2	NA	NA	NA	NA	NA	NA	NA	NA	NA
AT1G19396.3	1607	2	NA	NA	NA	NA	NA	NA	NA	NA	NA
AT1G19397.1	296	1	NA	NA	NA	NA	NA	NA	NA	NA	NA
AT2G15420.1	4235	8	Meiosis-specific protein ASY2	GO:0005694;GO:0005634;GO:0007130	Required for normal meiosis.	193	20	128.0	3.62e-29	35.751	Arabidopsis thaliana
AT5G20045.1	233	1	NA	NA	NA	NA	NA	NA	NA	NA	NA
AT1G19565.1	1047	4	UPF0725 protein At1g19565			214	99	450.0	2.75e-163	100.000	Arabidopsis thaliana
AT3G19530.1	284	1	Homeobox protein HAT3.1	GO:0005634;GO:0003682;GO:0003677;GO:0003700;GO:0043565;GO:0008270;GO:0045814;GO:0045893	Binds only to large DNA fragments. Recognizes a DNA fragment carrying 8 copies of box7 motif of the light-induced cab-E promoter of Nicotiana plumbaginifolia. Also recognizes the box7m1 motif.	61	60	44.9	9.7e-06	52.459	Arabidopsis thaliana
AT2G15535.1	371	2	Defensin-like protein 144	GO:0005576;GO:0050832;GO:0031640		81	99	163.0	1.2e-53	100.000	Arabidopsis thaliana
AT3G19565.1	884	3	Putative F-box protein At5g36200	GO:0009506		129	92	102.0	3.68e-26	47.287	Arabidopsis thaliana
AT4G11211.1	65	1	NA	NA	NA	NA	NA	NA	NA	NA	NA
AT2G15710.1	2455	7	Ubiquitin C-terminal hydrolase 12	GO:0005737;GO:0005829;GO:0005634;GO:0004843;GO:0009867;GO:0010078;GO:0016579;GO:0070646;GO:0006508;GO:0031647;GO:2000280	Recognizes and hydrolyzes the peptide bond at the C-terminal Gly of ubiquitin. Involved in the processing of poly-ubiquitin precursors as well as that of ubiquitinated proteins (By similarity). Positive regulator of root meristem development that, together with UBP13, prevents the ubiquitination and turnover of RGFR1 induced by the RGF1 hormone peptide, thus influencing PLT1 and PLT2 expression (PubMed:29339500).	140	37	58.7	2.14e-08	29.286	Arabidopsis thaliana
AT5G20447.1	98	1	NA	NA	NA	NA	NA	NA	NA	NA	NA
AT5G20460.1	552	2	NA	NA	NA	NA	NA	NA	NA	NA	NA
AT4G11402.1	209	1	NA	NA	NA	NA	NA	NA	NA	NA	NA
AT4G11430.1	1443	2	NA	NA	NA	NA	NA	NA	NA	NA	NA
AT2G16015.1	499	2	NA	NA	NA	NA	NA	NA	NA	NA	NA
AT2G16016.1	128	1	NA	NA	NA	NA	NA	NA	NA	NA	NA
AT4G11485.1	663	2	Putative defensin-like protein 152	GO:0005576;GO:0050832;GO:0031640		102	99	207.0	3.01e-70	100.000	Arabidopsis thaliana
AT4G11543.1	167	1	NA	NA	NA	NA	NA	NA	NA	NA	NA
AT2G16200.2	444	2	Coatomer subunit gamma	GO:0009507;GO:0030126;GO:0005783;GO:0005793;GO:0000139;GO:0005886;GO:0009506;GO:0005198;GO:0006888;GO:0006891;GO:0006886;GO:0009306	The coatomer is a cytosolic protein complex that binds to dilysine motifs and reversibly associates with Golgi non-clathrin-coated vesicles, which further mediate biosynthetic protein transport from the ER, via the Golgi up to the trans Golgi network. Coatomer complex is required for budding from Golgi membranes, and is essential for the retrograde Golgi-to-ER transport of dilysine-tagged proteins (By similarity).	65	77	105.0	3.32e-27	75.385	Arabidopsis thaliana
AT2G16200.1	338	2	Coatomer subunit gamma	GO:0009507;GO:0030126;GO:0005783;GO:0005793;GO:0000139;GO:0005886;GO:0009506;GO:0005198;GO:0006888;GO:0006891;GO:0006886;GO:0009306	The coatomer is a cytosolic protein complex that binds to dilysine motifs and reversibly associates with Golgi non-clathrin-coated vesicles, which further mediate biosynthetic protein transport from the ER, via the Golgi up to the trans Golgi network. Coatomer complex is required for budding from Golgi membranes, and is essential for the retrograde Golgi-to-ER transport of dilysine-tagged proteins (By similarity).	69	99	114.0	2.09e-30	75.362	Arabidopsis thaliana
AT4G11653.1	272	1	Protein RALF-like 29	GO:0048046;GO:0005179;GO:0019722;GO:0007267;GO:0040008	Cell signaling peptide that may regulate plant stress, growth, and development. Mediates a rapid alkalinization of extracellular space by mediating a transient increase in the cytoplasmic Ca(2+) concentration leading to a calcium-dependent signaling events through a cell surface receptor and a concomitant activation of some intracellular mitogen-activated protein kinases (By similarity).	90	99	182.0	8.7e-61	100.000	Arabidopsis thaliana
AT1G20400.1	3646	8	Meiosis-specific protein ASY2	GO:0005694;GO:0005634;GO:0007130	Required for normal meiosis.	154	16	105.0	9.25e-22	36.364	Arabidopsis thaliana
AT2G16340.1	350	2	NA	NA	NA	NA	NA	NA	NA	NA	NA
AT1G20405.1	416	2	NA	NA	NA	NA	NA	NA	NA	NA	NA
AT3G20362.1	433	3	NA	NA	NA	NA	NA	NA	NA	NA	NA
AT5G20995.1	630	4	NA	NA	NA	NA	NA	NA	NA	NA	NA
AT5G21020.2	128	1	NA	NA	NA	NA	NA	NA	NA	NA	NA
AT4G11870.1	224	1	NA	NA	NA	NA	NA	NA	NA	NA	NA
AT2G16490.1	1296	4	Factor of DNA methylation 2	GO:0080188;GO:0010569	Forms a complex with IDN2 and FDM1/IDNL1 that is required for RNA-directed DNA methylation (RdDM) and that functions at a downstream step of the RdDM pathway.	76	42	97.8	1.75e-23	57.895	Arabidopsis thaliana
AT2G16535.1	333	2	EMBRYO SURROUNDING FACTOR 1-like protein 8	GO:0140301		76	99	151.0	6.56e-49	100.000	Arabidopsis thaliana
AT3G20555.1	414	2	UPF0725 protein At3g44770			56	49	53.9	6.9e-09	48.214	Arabidopsis thaliana
AT2G16575.1	593	2	NA	NA	NA	NA	NA	NA	NA	NA	NA
AT5G21125.1	380	1	NA	NA	NA	NA	NA	NA	NA	NA	NA
AT2G16586.1	161	1	NA	NA	NA	NA	NA	NA	NA	NA	NA
AT2G16592.1	305	1	NA	NA	NA	NA	NA	NA	NA	NA	NA
AT4G12005.1	379	2	NA	NA	NA	NA	NA	NA	NA	NA	NA
AT4G12005.2	379	2	NA	NA	NA	NA	NA	NA	NA	NA	NA
AT2G16594.1	308	1	NA	NA	NA	NA	NA	NA	NA	NA	NA
AT2G16620.1	527	2	Receptor-like kinase TMK4	GO:0005794;GO:0005886;GO:0009506;GO:0005524;GO:0106310;GO:0004674;GO:0004675;GO:0010600;GO:0007165	Involved in auxin signal transduction and cell expansion and proliferation regulation (PubMed:23613767). May be involved in brassinosteroid-mediated plant growth and development via auxin regulation (PubMed:23921992). May be involved in microspore and pollen development (PubMed:23921992).	113	84	80.9	5.84e-18	42.478	Arabidopsis thaliana
AT1G20790.1	1307	1	Putative F-box/kelch-repeat protein At1g20790			435	99	906.0	0.0	100.000	Arabidopsis thaliana
AT2G16676.1	656	1	Uncharacterized protein At4g02000			218	99	246.0	3.1e-82	66.514	Arabidopsis thaliana
AT5G21910.1	338	1	NA	NA	NA	NA	NA	NA	NA	NA	NA
AT1G20875.1	200	1	NA	NA	NA	NA	NA	NA	NA	NA	NA
AT4G12140.1	608	1	E3 ubiquitin-protein ligase synoviolin B	GO:0012505;GO:0005789;GO:0044322;GO:0061630;GO:0008270;GO:0036503;GO:1902236;GO:0043161;GO:0050821;GO:0016567;GO:0006511	E3 ubiquitin-protein ligase which accepts ubiquitin specifically from endoplasmic reticulum-associated UBC7 E2 ligase and transfers it to substrates, promoting their degradation. Component of the endoplasmic reticulum quality control (ERQC) system also called ER-associated degradation (ERAD) involved in ubiquitin-dependent degradation of misfolded endoplasmic reticulum proteins. Also promotes the degradation of normal but naturally short-lived proteins. Protects cells from ER stress-induced apoptosis. Sequesters p53 in the cytoplasm and promotes its degradation, thereby negatively regulating its biological function in transcription, cell cycle regulation and apoptosis (By similarity).	57	28	60.9	2.51e-10	43.860	Xenopus laevis
AT1G20923.1	660	2	NA	NA	NA	NA	NA	NA	NA	NA	NA
AT2G16835.1	422	3	Probable aquaporin PIP2-8	GO:0005886;GO:0015250	Aquaporins facilitate the transport of water and small neutral solutes across cell membranes.	37	55	48.3	1.73e-07	72.973	Arabidopsis thaliana
AT4G12334.1	459	2	NA	NA	NA	NA	NA	NA	NA	NA	NA
AT5G22180.1	636	3	NA	NA	NA	NA	NA	NA	NA	NA	NA
AT5G22190.1	524	3	NA	NA	NA	NA	NA	NA	NA	NA	NA
AT3G20997.1	338	2	Putative defensin-like protein 121	GO:0005576;GO:0050832;GO:0031640		76	99	159.0	6.4e-52	100.000	Arabidopsis thaliana
AT4G12485.1	11	1	NA	NA	NA	NA	NA	NA	NA	NA	NA
AT2G17043.1	242	1	NA	NA	NA	NA	NA	NA	NA	NA	NA
AT3G21165.1	746	3	Putative F-box protein At3g21170			34	42	56.2	5.75e-10	76.471	Arabidopsis thaliana
AT4G12617.1	383	1	Putative B3 domain-containing protein At4g12617	GO:0005634;GO:0003677		127	99	265.0	1.24e-92	100.000	Arabidopsis thaliana
AT1G21323.1	665	3	NA	NA	NA	NA	NA	NA	NA	NA	NA
AT5G22520.1	320	1	NA	NA	NA	NA	NA	NA	NA	NA	NA
AT1G21395.1	221	1	NA	NA	NA	NA	NA	NA	NA	NA	NA
AT4G12731.1	182	1	NA	NA	NA	NA	NA	NA	NA	NA	NA
AT4G12735.1	182	1	NA	NA	NA	NA	NA	NA	NA	NA	NA
AT5G22608.1	865	2	NA	NA	NA	NA	NA	NA	NA	NA	NA
AT5G22608.2	865	3	NA	NA	NA	NA	NA	NA	NA	NA	NA
AT5G22608.3	987	3	NA	NA	NA	NA	NA	NA	NA	NA	NA
AT3G21351.1	316	2	NA	NA	NA	NA	NA	NA	NA	NA	NA
AT3G21352.1	327	2	NA	NA	NA	NA	NA	NA	NA	NA	NA
AT3G21371.1	206	1	NA	NA	NA	NA	NA	NA	NA	NA	NA
AT4G12825.1	287	1	Non-specific lipid-transfer protein 2G	GO:0008289;GO:0071555;GO:0006869	Transfer lipids across membranes. May play a role in plant defense or in the biosynthesis of cuticle layers.	90	92	65.7	8.02e-15	36.667	Triticum aestivum
AT5G22680.1	707	1	Putative FBD-associated F-box protein At5g22720	GO:0010588		96	40	117.0	9.38e-31	61.458	Arabidopsis thaliana
AT3G21473.1	1848	4	NA	NA	NA	NA	NA	NA	NA	NA	NA
AT5G22765.1	481	3	NA	NA	NA	NA	NA	NA	NA	NA	NA
AT5G22785.1	201	2	NA	NA	NA	NA	NA	NA	NA	NA	NA
AT4G12990.5	714	3	NA	NA	NA	NA	NA	NA	NA	NA	NA
AT4G12990.7	714	3	NA	NA	NA	NA	NA	NA	NA	NA	NA
AT4G12990.8	714	3	NA	NA	NA	NA	NA	NA	NA	NA	NA
AT4G12990.10	647	2	NA	NA	NA	NA	NA	NA	NA	NA	NA
AT4G12990.4	647	2	NA	NA	NA	NA	NA	NA	NA	NA	NA
AT4G12990.9	1031	2	NA	NA	NA	NA	NA	NA	NA	NA	NA
AT4G12990.1	290	1	NA	NA	NA	NA	NA	NA	NA	NA	NA
AT4G12990.2	290	1	NA	NA	NA	NA	NA	NA	NA	NA	NA
AT4G12990.3	290	1	NA	NA	NA	NA	NA	NA	NA	NA	NA
AT4G12990.6	290	1	NA	NA	NA	NA	NA	NA	NA	NA	NA
AT5G22796.1	320	2	NA	NA	NA	NA	NA	NA	NA	NA	NA
AT5G22799.1	800	3	NA	NA	NA	NA	NA	NA	NA	NA	NA
AT5G22799.2	615	3	NA	NA	NA	NA	NA	NA	NA	NA	NA
AT1G21695.1	653	1	NA	NA	NA	NA	NA	NA	NA	NA	NA
AT4G13095.1	490	2	Putative defensin-like protein 162	GO:0005576;GO:0050832;GO:0031640		77	99	158.0	1.92e-51	100.000	Arabidopsis thaliana
AT1G21738.1	92	1	NA	NA	NA	NA	NA	NA	NA	NA	NA
AT1G21835.1	272	1	NA	NA	NA	NA	NA	NA	NA	NA	NA
AT5G22990.1	974	1	NA	NA	NA	NA	NA	NA	NA	NA	NA
AT3G21890.1	365	1	B-box domain protein 31	GO:0005634;GO:0003700;GO:0030674;GO:0043565;GO:0000976;GO:0008270;GO:0007623;GO:0006355;GO:0009909;GO:0010224	Developmental regulator acting by forming heterodimeric complexes, that sequester CO and CO-like (COL) proteins into non-functional complexes (PubMed:27015278). Involved in the CO-mediated long-day flowering-promotion pathway (PubMed:27015278). Engages CO and the transcriptional repressor TPL in a tripartite complex (By similarity).	121	99	246.0	2.15e-85	100.000	Arabidopsis thaliana
AT1G21925.1	302	1	NA	NA	NA	NA	NA	NA	NA	NA	NA
AT1G21928.1	302	1	NA	NA	NA	NA	NA	NA	NA	NA	NA
AT5G23035.1	435	2	Defensin-like protein 267	GO:0005576;GO:0050832;GO:0031640		88	99	181.0	1.52e-60	100.000	Arabidopsis thaliana
AT3G22022.1	203	1	NA	NA	NA	NA	NA	NA	NA	NA	NA
AT2G17905.1	518	1	Uncharacterized protein At4g02000			87	50	51.9	1.2e-07	32.184	Arabidopsis thaliana
AT5G23115.1	17	1	NA	NA	NA	NA	NA	NA	NA	NA	NA
AT2G17920.1	923	1	Uncharacterized protein At4g02000			215	66	227.0	1.21e-73	62.791	Arabidopsis thaliana
AT4G13395.1	167	1	Small polypeptide DEVIL 10	GO:0005886;GO:0071456;GO:0008285;GO:0048367	Small polypeptide acting as a regulatory molecule which coordinates cellular responses required for differentiation, growth and development, probably by restricting polar cell proliferation in lateral organs and coordinating socket cell recruitment and differentiation at trichome sites.	55	98	115.0	3.57e-35	100.000	Arabidopsis thaliana
AT2G17960.1	749	2	NA	NA	NA	NA	NA	NA	NA	NA	NA
AT2G18025.1	180	2	NA	NA	NA	NA	NA	NA	NA	NA	NA
AT4G13570.1	1148	2	Histone H2A.8	GO:0000786;GO:0005634;GO:0003677;GO:0046982;GO:0030527;GO:0031507	Core component of nucleosome. Nucleosomes wrap and compact DNA into chromatin, limiting DNA accessibility to the cellular machineries which require DNA as a template. Histones thereby play a central role in transcription regulation, DNA repair, DNA replication and chromosomal stability. DNA accessibility is regulated via a complex set of post-translational modifications of histones, also called histone code, and nucleosome remodeling.	118	99	244.0	2.66e-84	100.000	Arabidopsis thaliana
AT4G13570.2	1082	3	Histone H2A.8	GO:0000786;GO:0005634;GO:0003677;GO:0046982;GO:0030527;GO:0031507	Core component of nucleosome. Nucleosomes wrap and compact DNA into chromatin, limiting DNA accessibility to the cellular machineries which require DNA as a template. Histones thereby play a central role in transcription regulation, DNA repair, DNA replication and chromosomal stability. DNA accessibility is regulated via a complex set of post-translational modifications of histones, also called histone code, and nucleosome remodeling.	88	70	182.0	3.93e-60	100.000	Arabidopsis thaliana
AT5G23411.1	146	1	NA	NA	NA	NA	NA	NA	NA	NA	NA
AT4G13572.1	1198	5	NA	NA	NA	NA	NA	NA	NA	NA	NA
AT4G13575.1	516	4	NA	NA	NA	NA	NA	NA	NA	NA	NA
AT4G13575.2	516	4	NA	NA	NA	NA	NA	NA	NA	NA	NA
AT4G13577.1	2210	2	NA	NA	NA	NA	NA	NA	NA	NA	NA
AT5G23460.1	335	1	NA	NA	NA	NA	NA	NA	NA	NA	NA
AT2G18200.1	305	1	NA	NA	NA	NA	NA	NA	NA	NA	NA
AT1G22470.1	440	1	Protein SALT UP-REGULATED GENE B	GO:0009737;GO:0009409;GO:0006970;GO:0009651	Involved in the acclimation to abiotic stress tolerance.	146	99	175.0	7.08e-57	100.000	Arabidopsis thaliana
AT2G18270.1	248	1	NA	NA	NA	NA	NA	NA	NA	NA	NA
AT2G18320.1	1311	3	F-box protein At3g19880			58	54	71.6	2.93e-15	62.069	Arabidopsis thaliana
AT3G22436.1	122	1	NA	NA	NA	NA	NA	NA	NA	NA	NA
AT3G22723.1	155	1	NA	NA	NA	NA	NA	NA	NA	NA	NA
AT2G18530.1	1110	4	Mitogen-activated protein kinase kinase kinase 20	GO:0005737;GO:0005634;GO:0005524;GO:0004708;GO:0004709;GO:0004672;GO:0019901;GO:0106310;GO:0009738;GO:0051301;GO:0048235;GO:0010082;GO:0010029;GO:0090333;GO:0051510;GO:0009737;GO:0009409;GO:0000302;GO:0009651;GO:0009414;GO:0007165	Mitogen-activated protein kinase kinase (MAPKK) that phosphorylates both MKK3 and MPK18 and regulate two separate signaling pathways involved in root microtubule functions (PubMed:28848569). MAPKK which regulates abscisic acid (ABA) responses in a MAPKKK20-MKK5-MPK6 cascade involved in root growth (e.g. root cell division and elongation) and stomatal response, probably via MKK5 activation by protein phosphorylation and subsequent activation of MAPK6 by MKK5 (PubMed:27913741). Involved in various abiotic stresses (e.g. osmotic stress, cold and hydrogen peroxide) responses by phosphorylating and thus regulating MPK6 activity, in an ABA-independent manner (PubMed:21969089).	210	84	98.1	3e-24	32.381	Arabidopsis thaliana
AT1G22720.1	1433	3	Wall-associated receptor kinase 4	GO:0005886;GO:0005524;GO:0005509;GO:0030247;GO:0106310;GO:0004674;GO:0007166;GO:0048527;GO:0009826	Serine/threonine-protein kinase that may function as a signaling receptor of extracellular matrix component. Binding to pectin may have significance in the control of cell expansion, morphogenesis and development.	214	90	250.0	9.59e-80	60.748	Arabidopsis thaliana
AT4G13955.1	435	2	Putative defensin-like protein 88	GO:0005576;GO:0050832;GO:0031640		94	99	195.0	8.65e-66	100.000	Arabidopsis thaliana
AT5G23908.1	209	1	NA	NA	NA	NA	NA	NA	NA	NA	NA
AT4G13968.1	767	2	Putative defensin-like protein 89	GO:0005576;GO:0050832;GO:0031640		89	99	180.0	5.8e-60	100.000	Arabidopsis thaliana
AT2G18721.1	107	1	NA	NA	NA	NA	NA	NA	NA	NA	NA
AT4G14105.1	200	1	NA	NA	NA	NA	NA	NA	NA	NA	NA
AT3G22935.1	739	2	NA	NA	NA	NA	NA	NA	NA	NA	NA
AT1G23037.1	735	2	Putative F-box protein At3g52320			107	66	110.0	3.19e-29	52.336	Arabidopsis thaliana
AT2G18920.1	407	1	NA	NA	NA	NA	NA	NA	NA	NA	NA
AT4G14225.1	425	2	Putative zinc finger A20 and AN1 domain-containing stress-associated protein 8	GO:0003677;GO:0008270	May be involved in environmental stress response.	125	99	260.0	1.17e-90	100.000	Arabidopsis thaliana
AT4G14226.1	167	1	NA	NA	NA	NA	NA	NA	NA	NA	NA
AT2G18938.1	365	1	NA	NA	NA	NA	NA	NA	NA	NA	NA
AT5G24215.1	1559	4	NA	NA	NA	NA	NA	NA	NA	NA	NA
AT3G23165.1	410	2	Putative defensin-like protein 187	GO:0005576;GO:0050832;GO:0031640		77	99	159.0	4.41e-52	100.000	Arabidopsis thaliana
AT3G23167.1	367	2	Putative defensin-like protein 185	GO:0005576;GO:0050832;GO:0031640		77	99	160.0	1.75e-52	100.000	Arabidopsis thaliana
AT4G14358.1	263	1	High affinity nitrate transporter 2.5	GO:0005886;GO:0015112;GO:0042128;GO:0015706	Nitrate transporter involved in the constitutive high-affinity transport system (cHATS) under long-term N starvation conditions (PubMed:15107992, PubMed:25065551). Predominantly expressed in roots of nitrate-deprived plants as a 150 kDa molecular complex with NRT3.1 representing the major contributor to cHATS influx (PubMed:25474587). The principal role of this cHATS is to enable roots previously deprived of nitrate to absorb this ion and initiate induction of nitrate-inducible genes (PubMed:25474587). Not involved in transfer of nitrate from roots to shoots (PubMed:25474587). Contributes to phloem loading of nitrate in shoots during N starvation, but not required for growth and nitrate uptake in young plants (PubMed:25065551). Required for the nitrate uptake-independent plant growth promotion and lateral root response to the rhizospheric Phyllobacterium (PubMed:23398541). Might be involved in the transfer of nitrate from stored pools to cytoplasm (PubMed:15107992).	55	63	85.7	1.96e-20	89.091	Arabidopsis thaliana
AT3G23245.1	452	2	NA	NA	NA	NA	NA	NA	NA	NA	NA
AT2G19146.1	287	1	NA	NA	NA	NA	NA	NA	NA	NA	NA
AT5G24355.1	341	1	NA	NA	NA	NA	NA	NA	NA	NA	NA
AT3G23320.1	575	1	NA	NA	NA	NA	NA	NA	NA	NA	NA
AT5G24480.1	1205	2	NA	NA	NA	NA	NA	NA	NA	NA	NA
AT2G19300.1	179	1	NA	NA	NA	NA	NA	NA	NA	NA	NA
AT5G24570.1	212	1	NA	NA	NA	NA	NA	NA	NA	NA	NA
AT5G24575.1	20	1	NA	NA	NA	NA	NA	NA	NA	NA	NA
AT2G19420.1	2182	3	NA	NA	NA	NA	NA	NA	NA	NA	NA
AT4G14675.1	545	2	Chaperone protein ClpB1	GO:0009941;GO:0009570;GO:0005737;GO:0005829;GO:0005634;GO:0005524;GO:0016887;GO:0034605;GO:0071456;GO:0045727;GO:0043335;GO:0009408;GO:0009644	Molecular chaperone that plays an important role in thermotolerance. Together with HSA32, required for long-term acquired thermotolerance (LAT) in plants and naturally high basal thermotolerance observed in germinating seedlings.	173	87	145.0	2.99e-40	46.821	Arabidopsis thaliana
AT5G24640.1	356	1	NA	NA	NA	NA	NA	NA	NA	NA	NA
AT1G23910.1	221	1	Uncharacterized protein At1g24000	GO:0006952		73	99	117.0	3.24e-35	75.342	Arabidopsis thaliana
AT2G19510.1	446	2	LOB domain-containing protein 8	GO:0005634;GO:0001216;GO:0006355		120	99	252.0	1.18e-87	100.000	Arabidopsis thaliana
AT1G23915.1	507	2	Uncharacterized protein At4g04775	GO:0008270		110	69	50.0	9.41e-08	32.727	Arabidopsis thaliana
AT4G14785.1	447	2	Defensin-like protein 232	GO:0005576;GO:0050832;GO:0031640;GO:0007165		95	99	195.0	1.02e-65	100.000	Arabidopsis thaliana
AT3G23633.1	473	1	Putative F-box only protein 9	GO:0006511		149	92	113.0	1.24e-30	46.309	Arabidopsis thaliana
AT3G23633.2	473	2	Putative F-box only protein 9	GO:0006511		42	37	56.2	1.25e-09	64.286	Arabidopsis thaliana
AT3G23635.1	137	1	Small polypeptide DEVIL 23	GO:0005886;GO:0008285;GO:0010218;GO:0010114;GO:0048367	Small polypeptide acting as a regulatory molecule which coordinates cellular responses required for differentiation, growth and development, probably by restricting polar cell proliferation in lateral organs and coordinating socket cell recruitment and differentiation at trichome sites.	45	98	92.7	2.31e-26	100.000	Arabidopsis thaliana
AT3G23637.1	161	1	Small polypeptide DEVIL 21	GO:0005886;GO:0008285;GO:0048367	Small polypeptide acting as a regulatory molecule which coordinates cellular responses required for differentiation, growth and development, probably by restricting polar cell proliferation in lateral organs and coordinating socket cell recruitment and differentiation at trichome sites.	53	98	106.0	1.16e-31	100.000	Arabidopsis thaliana
AT4G14810.1	364	2	NA	NA	NA	NA	NA	NA	NA	NA	NA
AT3G23650.1	507	2	Receptor protein kinase TMK1	GO:0005576;GO:0005634;GO:0005886;GO:0005524;GO:0106310;GO:0004675;GO:0010928;GO:0007165	Transmembrane kinase receptor (PubMed:1332795). Phosphorylates only serine and threonine residues (PubMed:8224199). Involved in auxin signal transduction and cell expansion and proliferation regulation (PubMed:23613767). Forms with ABP1 a cell surface auxin perception complex that activates ROP signaling pathways (PubMed:24578577). Required for auxin promotion of pavement cell interdigitation (PubMed:24578577). Auxin promotes the formation of the ABP1-TMK1 protein complex (PubMed:24578577). Promotes auxin-triggered phosphorylation status modulation of RAF-like kinases (e.g. RAF20 and RAF24) (PubMed:38128538).	135	95	66.3	9e-13	34.815	Arabidopsis thaliana
AT3G23715.1	423	2	Putative defensin-like protein 252	GO:0005576;GO:0050832;GO:0031640;GO:0007165		95	99	197.0	2.26e-66	100.000	Arabidopsis thaliana
AT2G19802.1	257	1	NA	NA	NA	NA	NA	NA	NA	NA	NA
AT1G24148.1	737	2	NA	NA	NA	NA	NA	NA	NA	NA	NA
AT3G23727.1	492	2	Putative defensin-like protein 251	GO:0005576;GO:0050832;GO:0031640;GO:0007165		92	99	190.0	8.13e-64	100.000	Arabidopsis thaliana
AT1G24148.2	281	1	NA	NA	NA	NA	NA	NA	NA	NA	NA
AT5G24879.1	113	1	NA	NA	NA	NA	NA	NA	NA	NA	NA
AT1G24159.1	610	2	Putative L-type lectin-domain containing receptor kinase V.2	GO:0005886;GO:0005524;GO:0030246;GO:0106310;GO:0004675;GO:0042742;GO:0002229		66	46	65.5	1.76e-12	51.515	Arabidopsis thaliana
AT2G19820.1	485	2	LOB domain-containing protein 9	GO:0005634;GO:0001216;GO:0006355		124	99	258.0	7.85e-90	100.000	Arabidopsis thaliana
AT2G19850.1	733	2	Probable transcription repressor OFP9	GO:0005634;GO:0045892	Probable transcriptional repressor that may regulate multiple aspects of plant growth and development.	128	99	255.0	1.56e-85	99.219	Arabidopsis thaliana
AT2G19850.2	461	1	Probable transcription repressor OFP9	GO:0005634;GO:0045892	Probable transcriptional repressor that may regulate multiple aspects of plant growth and development.	138	90	270.0	3.44e-91	97.101	Arabidopsis thaliana
AT4G15025.1	281	1	NA	NA	NA	NA	NA	NA	NA	NA	NA
AT2G19893.1	371	2	Putative defensin-like protein 12	GO:0005576;GO:0050832;GO:0031640		74	99	151.0	5.21e-49	100.000	Arabidopsis thaliana
AT1G24256.1	911	4	NA	NA	NA	NA	NA	NA	NA	NA	NA
AT5G25000.1	365	1	NA	NA	NA	NA	NA	NA	NA	NA	NA
AT4G15096.1	2039	1	NA	NA	NA	NA	NA	NA	NA	NA	NA
AT2G19960.3	560	1	Zinc finger MYM-type protein 1	GO:0005634;GO:0046983;GO:0008270		64	34	48.9	3.15e-06	40.625	Homo sapiens
AT2G19960.4	457	2	NA	NA	NA	NA	NA	NA	NA	NA	NA
AT2G19960.1	521	1	NA	NA	NA	NA	NA	NA	NA	NA	NA
AT2G19960.2	418	2	NA	NA	NA	NA	NA	NA	NA	NA	NA
AT2G19980.1	521	2	Pathogenesis-related protein 1	GO:0048046;GO:0005615;GO:0009505;GO:0099503;GO:0005125;GO:0002253;GO:0006952;GO:0080136;GO:0010266;GO:0009414;GO:0009627	Partially responsible for acquired pathogen resistance.	173	99	104.0	1.61e-28	37.572	Arabidopsis thaliana
AT4G15150.1	606	2	NA	NA	NA	NA	NA	NA	NA	NA	NA
AT1G24380.1	984	2	NA	NA	NA	NA	NA	NA	NA	NA	NA
AT1G24475.1	56	1	NA	NA	NA	NA	NA	NA	NA	NA	NA
AT2G20150.1	870	2	NA	NA	NA	NA	NA	NA	NA	NA	NA
AT4G15245.1	534	2	NA	NA	NA	NA	NA	NA	NA	NA	NA
AT4G15248.1	353	1	B-box domain protein 30	GO:0005634;GO:0030674;GO:0008270;GO:0007623;GO:0009909	Developmental regulator acting by forming heterodimeric complexes, that sequester CO and CO-like (COL) proteins into non-functional complexes. Engages CO and the transcriptional repressor TPL in a tripartite complex. Involved in the CO-mediated long-day flowering-promotion pathway.	117	99	240.0	5.83e-83	100.000	Arabidopsis thaliana
AT1G24577.1	227	1	NA	NA	NA	NA	NA	NA	NA	NA	NA
AT5G25195.1	243	2	NA	NA	NA	NA	NA	NA	NA	NA	NA
AT1G24600.1	218	1	NA	NA	NA	NA	NA	NA	NA	NA	NA
AT1G24660.1	32	1	NA	NA	NA	NA	NA	NA	NA	NA	NA
AT1G24851.1	776	1	NA	NA	NA	NA	NA	NA	NA	NA	NA
AT1G25025.1	776	1	NA	NA	NA	NA	NA	NA	NA	NA	NA
AT1G25112.1	776	1	NA	NA	NA	NA	NA	NA	NA	NA	NA
AT1G25180.1	776	1	NA	NA	NA	NA	NA	NA	NA	NA	NA
AT4G15460.1	464	1	NA	NA	NA	NA	NA	NA	NA	NA	NA
AT4G15460.2	464	2	NA	NA	NA	NA	NA	NA	NA	NA	NA
AT4G15460.3	464	2	NA	NA	NA	NA	NA	NA	NA	NA	NA
AT4G15460.4	446	2	NA	NA	NA	NA	NA	NA	NA	NA	NA
AT5G25425.1	437	2	NA	NA	NA	NA	NA	NA	NA	NA	NA
AT1G25277.1	200	1	NA	NA	NA	NA	NA	NA	NA	NA	NA
AT1G25277.2	200	1	NA	NA	NA	NA	NA	NA	NA	NA	NA
AT2G20597.1	390	2	NA	NA	NA	NA	NA	NA	NA	NA	NA
AT2G20605.1	376	2	NA	NA	NA	NA	NA	NA	NA	NA	NA
AT4G15562.1	553	3	Heavy metal-associated isoprenylated plant protein 18	GO:0046872;GO:0009793	Probable heavy-metal-binding protein (By similarity). Required for female gametophyte development and function (PubMed:15634699).	103	75	46.6	1.59e-06	35.922	Arabidopsis thaliana
AT3G24465.1	263	1	NA	NA	NA	NA	NA	NA	NA	NA	NA
AT3G24508.1	388	2	Putative defensin-like protein 257	GO:0005576;GO:0050832;GO:0031640		83	99	170.0	1.99e-56	100.000	Arabidopsis thaliana
AT3G24510.1	619	2	Defensin-like protein 259	GO:0005576;GO:0050832;GO:0031640		86	99	176.0	1.6e-58	100.000	Arabidopsis thaliana
AT3G24513.1	470	2	Putative defensin-like protein 258	GO:0005576;GO:0050832;GO:0031640		85	99	178.0	3.65e-59	100.000	Arabidopsis thaliana
AT3G24514.1	1567	2	NA	NA	NA	NA	NA	NA	NA	NA	NA
AT3G24516.1	188	1	NA	NA	NA	NA	NA	NA	NA	NA	NA
AT3G24517.1	535	2	NA	NA	NA	NA	NA	NA	NA	NA	NA
AT2G20784.1	155	1	NA	NA	NA	NA	NA	NA	NA	NA	NA
AT2G20805.1	398	1	Probable transcription factor At1g11510	GO:0005634;GO:0006355		156	96	72.8	1.39e-15	35.256	Arabidopsis thaliana
AT3G24542.1	911	3	NA	NA	NA	NA	NA	NA	NA	NA	NA
AT5G25755.1	1157	3	NA	NA	NA	NA	NA	NA	NA	NA	NA
AT5G25755.2	1157	3	NA	NA	NA	NA	NA	NA	NA	NA	NA
AT5G25756.1	1080	2	NA	NA	NA	NA	NA	NA	NA	NA	NA
AT2G20873.1	71	1	NA	NA	NA	NA	NA	NA	NA	NA	NA
AT3G24640.1	435	3	Uncharacterized protein At4g13230	GO:0005829		48	64	51.9	1.59e-09	54.167	Arabidopsis thaliana
AT2G20921.1	203	1	NA	NA	NA	NA	NA	NA	NA	NA	NA
AT3G24710.1	200	1	NADPH-dependent diflavin oxidoreductase 1	GO:0005737;GO:0005829;GO:0005634;GO:0050660;GO:0010181;GO:0050661;GO:0160246;GO:0016491;GO:0016651;GO:0009793;GO:0016226	NADPH-dependent reductase which is a central component of the cytosolic iron-sulfur (Fe-S) protein assembly (CIA) machinery. Transfers electrons from NADPH via its FAD and FMN prosthetic groups to the [2Fe-2S] cluster of the anamorsin/DRE2 homolog, another key component of the CIA machinery. In turn, this reduced cluster provides electrons for assembly of cytosolic iron-sulfur cluster proteins (By similarity). Catalyzes the NADP-dependent reduction of cytochrome c, but not cytochrome P450 in vitro. Required for embryo development (PubMed:20406405).	67	99	110.0	2.05e-29	83.582	Arabidopsis thaliana
AT2G21040.1	1153	5	Synaptotagmin-1	GO:0032541;GO:0009898;GO:0005783;GO:0140268;GO:0005768;GO:0010008;GO:0000325;GO:0005886;GO:0009506;GO:0019992;GO:0046872;GO:1901981;GO:0032456;GO:0006897;GO:0007029;GO:0061817;GO:0006869;GO:0001778;GO:0006612;GO:0009409;GO:0009612;GO:0009615;GO:0046740	Plays an important role in maintaining plasma membrane integrity during freezing and osmotic stresses. May function in membrane resealing during calcium-dependent freezing tolerance. May regulate endocytosis and endosome recycling at the plasma membrane and cell-to-cell trafficking of cabbage leaf curl virus (CaLCuV) and tobacco mosaic virus (TMV) movement proteins via plasmodesmata.	87	33	169.0	7.25e-50	88.506	Arabidopsis thaliana
AT4G15953.1	440	2	EMBRYO SURROUNDING FACTOR 1-like protein 5	GO:0016020		107	99	218.0	1.1e-74	100.000	Arabidopsis thaliana
AT5G25920.1	1407	4	NA	NA	NA	NA	NA	NA	NA	NA	NA
AT2G21105.1	11	1	NA	NA	NA	NA	NA	NA	NA	NA	NA
AT4G16008.1	236	1	NA	NA	NA	NA	NA	NA	NA	NA	NA
AT4G16015.1	1607	1	Protein VACUOLELESS GAMETOPHYTES	GO:0005771;GO:0008270;GO:0009561;GO:0055046;GO:0009617;GO:0002237;GO:0002238;GO:0002240	Essential for development of both female (megagametogenesis) and male (microgametogenesis) gametophytes by promoting the formation of large vacuoles early in development, maybe via the regulation of vesicular fusion.	121	46	51.7	1.87e-06	26.446	Arabidopsis thaliana
AT4G16015.2	1607	2	Protein VACUOLELESS GAMETOPHYTES	GO:0005771;GO:0008270;GO:0009561;GO:0055046;GO:0009617;GO:0002237;GO:0002238;GO:0002240	Essential for development of both female (megagametogenesis) and male (microgametogenesis) gametophytes by promoting the formation of large vacuoles early in development, maybe via the regulation of vesicular fusion.	121	22	52.2	1.26e-06	26.446	Arabidopsis thaliana
AT5G25990.1	1272	3	NA	NA	NA	NA	NA	NA	NA	NA	NA
AT5G25995.1	188	1	NA	NA	NA	NA	NA	NA	NA	NA	NA
AT4G16024.1	405	2	NA	NA	NA	NA	NA	NA	NA	NA	NA
AT4G16040.1	272	1	NA	NA	NA	NA	NA	NA	NA	NA	NA
AT4G16040.2	287	1	NA	NA	NA	NA	NA	NA	NA	NA	NA
AT3G25011.1	113	1	NA	NA	NA	NA	NA	NA	NA	NA	NA
AT3G25165.1	224	1	Protein RALF-like 25	GO:0048046;GO:0005179;GO:0019722;GO:0007267;GO:0040008	Cell signaling peptide that may regulate plant stress, growth, and development. Mediates a rapid alkalinization of extracellular space by mediating a transient increase in the cytoplasmic Ca(2+) concentration leading to a calcium-dependent signaling events through a cell surface receptor and a concomitant activation of some intracellular mitogen-activated protein kinases (By similarity).	74	99	151.0	6.93e-49	100.000	Arabidopsis thaliana
AT3G25170.1	230	1	Protein RALF-like 26	GO:0048046;GO:0005179;GO:0019722;GO:0007267;GO:0040008	Cell signaling peptide that may regulate plant stress, growth, and development. Mediates a rapid alkalinization of extracellular space by mediating a transient increase in the cytoplasmic Ca(2+) concentration leading to a calcium-dependent signaling events through a cell surface receptor and a concomitant activation of some intracellular mitogen-activated protein kinases (By similarity).	76	99	157.0	3.14e-51	100.000	Arabidopsis thaliana
AT3G25170.2	230	1	Protein RALF-like 26	GO:0048046;GO:0005179;GO:0019722;GO:0007267;GO:0040008	Cell signaling peptide that may regulate plant stress, growth, and development. Mediates a rapid alkalinization of extracellular space by mediating a transient increase in the cytoplasmic Ca(2+) concentration leading to a calcium-dependent signaling events through a cell surface receptor and a concomitant activation of some intracellular mitogen-activated protein kinases (By similarity).	76	99	157.0	3.14e-51	100.000	Arabidopsis thaliana
AT3G25170.3	230	1	Protein RALF-like 26	GO:0048046;GO:0005179;GO:0019722;GO:0007267;GO:0040008	Cell signaling peptide that may regulate plant stress, growth, and development. Mediates a rapid alkalinization of extracellular space by mediating a transient increase in the cytoplasmic Ca(2+) concentration leading to a calcium-dependent signaling events through a cell surface receptor and a concomitant activation of some intracellular mitogen-activated protein kinases (By similarity).	76	99	157.0	3.14e-51	100.000	Arabidopsis thaliana
AT3G25200.1	1336	4	NA	NA	NA	NA	NA	NA	NA	NA	NA
AT4G16215.1	589	3	NA	NA	NA	NA	NA	NA	NA	NA	NA
AT3G25221.1	104	1	NA	NA	NA	NA	NA	NA	NA	NA	NA
AT4G16240.1	232	2	NA	NA	NA	NA	NA	NA	NA	NA	NA
AT2G21465.1	330	2	Defensin-like protein 291	GO:0005576;GO:0050832;GO:0031640		80	99	163.0	1.1e-53	100.000	Arabidopsis thaliana
AT3G25265.1	743	2	Putative defensin-like protein 148	GO:0005576;GO:0050832;GO:0031640		81	99	167.0	4.01e-55	100.000	Arabidopsis thaliana
AT5G26262.1	107	1	NA	NA	NA	NA	NA	NA	NA	NA	NA
AT3G25270.1	1031	1	Putative ribonuclease H protein At1g65750	GO:0046872;GO:0003676;GO:0004523		346	98	82.0	1.75e-16	25.145	Arabidopsis thaliana
AT5G26270.1	1004	2	NA	NA	NA	NA	NA	NA	NA	NA	NA
AT5G26270.2	592	2	NA	NA	NA	NA	NA	NA	NA	NA	NA
AT2G21595.1	746	4	NA	NA	NA	NA	NA	NA	NA	NA	NA
AT1G26762.1	413	1	NA	NA	NA	NA	NA	NA	NA	NA	NA
AT1G26773.1	176	1	NA	NA	NA	NA	NA	NA	NA	NA	NA
AT2G21725.1	413	2	Putative defensin-like protein 79	GO:0005576;GO:0050832;GO:0031640		85	99	174.0	6.28e-58	100.000	Arabidopsis thaliana
AT3G25550.1	709	3	Probable F-box protein At3g25550			179	99	370.0	1.27e-132	100.000	Arabidopsis thaliana
AT4G16451.1	143	1	NA	NA	NA	NA	NA	NA	NA	NA	NA
AT5G26692.1	245	1	NA	NA	NA	NA	NA	NA	NA	NA	NA
AT5G26717.1	245	1	NA	NA	NA	NA	NA	NA	NA	NA	NA
AT1G26815.1	320	1	Putative F-box/FBD/LRR-repeat protein At1g22000			66	62	62.6	7.03e-12	59.091	Arabidopsis thaliana
AT5G26731.1	299	1	NA	NA	NA	NA	NA	NA	NA	NA	NA
AT2G21810.1	386	1	Protein VACUOLELESS GAMETOPHYTES	GO:0005771;GO:0008270;GO:0009561;GO:0055046;GO:0009617;GO:0002237;GO:0002238;GO:0002240	Essential for development of both female (megagametogenesis) and male (microgametogenesis) gametophytes by promoting the formation of large vacuoles early in development, maybe via the regulation of vesicular fusion.	86	64	56.2	7.82e-10	33.721	Arabidopsis thaliana
AT2G21820.1	236	1	NA	NA	NA	NA	NA	NA	NA	NA	NA
AT2G21850.1	2640	4	Protein VACUOLELESS GAMETOPHYTES	GO:0005771;GO:0008270;GO:0009561;GO:0055046;GO:0009617;GO:0002237;GO:0002238;GO:0002240	Essential for development of both female (megagametogenesis) and male (microgametogenesis) gametophytes by promoting the formation of large vacuoles early in development, maybe via the regulation of vesicular fusion.	169	53	62.4	7.11e-10	31.361	Arabidopsis thaliana
AT1G26921.1	149	1	NA	NA	NA	NA	NA	NA	NA	NA	NA
AT3G25655.1	260	1	Protein IDA-LIKE 1	GO:0005576;GO:0010227	Involved in an ethylene-independent separation step of floral abscission. May act with RLK5 and HSL2 as ligand-receptor pairs.	86	99	177.0	8.55e-59	100.000	Arabidopsis thaliana
AT5G26640.1	333	2	Anaphase-promoting complex subunit 11	GO:0005680;GO:0005737;GO:0005634;GO:0097602;GO:0061630;GO:0004842;GO:0008270;GO:0031145;GO:0051301;GO:0045842;GO:0016567;GO:0007346;GO:0006511	Component of the anaphase promoting complex/cyclosome (APC/C), a cell cycle-regulated E3 ubiquitin-protein ligase complex that controls progression through mitosis and the G1 phase of the cell cycle. The APC/C complex controls several key steps in the cell cycle by mediating ubiquitination and subsequent degradation of target proteins such as cyclins. The APC/C complex is required for the female gametophyte development and is involved in several aspect of development by controlling cell division and cell elongation. Involved in the control of endoreduplication. May recruit the E2 ubiquitin-conjugating enzymes to the complex (By similarity).	32	51	61.8	9.22e-14	84.375	Arabidopsis thaliana
AT5G26622.1	887	1	NA	NA	NA	NA	NA	NA	NA	NA	NA
AT5G26622.2	487	2	NA	NA	NA	NA	NA	NA	NA	NA	NA
AT1G26976.1	614	3	NA	NA	NA	NA	NA	NA	NA	NA	NA
AT3G25716.1	194	1	NA	NA	NA	NA	NA	NA	NA	NA	NA
AT3G25717.1	122	1	Small polypeptide DEVIL 6	GO:0005886;GO:0008285;GO:0010218;GO:0010114;GO:0048367	Small polypeptide acting as a regulatory molecule which coordinates cellular responses required for differentiation, growth and development, probably by restricting polar cell proliferation in lateral organs and coordinating socket cell recruitment and differentiation at trichome sites.	40	98	80.1	1.58e-21	100.000	Arabidopsis thaliana
AT1G27008.1	456	2	NA	NA	NA	NA	NA	NA	NA	NA	NA
AT3G25719.1	152	1	NA	NA	NA	NA	NA	NA	NA	NA	NA
AT3G25720.1	1171	2	Putative ribonuclease H protein At1g65750	GO:0046872;GO:0003676;GO:0004523		120	42	51.7	1.5e-06	34.167	Arabidopsis thaliana
AT3G25727.1	823	3	NA	NA	NA	NA	NA	NA	NA	NA	NA
AT2G22145.1	269	1	NA	NA	NA	NA	NA	NA	NA	NA	NA
AT5G26790.1	206	1	NA	NA	NA	NA	NA	NA	NA	NA	NA
AT2G22155.1	305	1	NA	NA	NA	NA	NA	NA	NA	NA	NA
AT5G26840.1	317	2	NA	NA	NA	NA	NA	NA	NA	NA	NA
AT2G22241.1	155	1	NA	NA	NA	NA	NA	NA	NA	NA	NA
AT3G25855.1	659	3	NA	NA	NA	NA	NA	NA	NA	NA	NA
AT5G26890.1	251	1	NA	NA	NA	NA	NA	NA	NA	NA	NA
AT3G25880.2	441	3	NEDD8-activating enzyme E1 regulatory subunit AXR1	GO:0005737;GO:0005634;GO:0019781;GO:0000166;GO:0008641;GO:0009734;GO:0006281;GO:0140964;GO:0009965;GO:0045116;GO:0007131;GO:0009735;GO:0009414	Regulatory subunit of the dimeric ECR1-AXR1 E1 enzyme. E1 activates RUB1/NEDD8 by first adenylating its C-terminal glycine residue with ATP, thereafter linking this residue to the side chain of the catalytic cysteine, yielding a RUB1-ECR1 thioester and free AMP. E1 finally transfers RUB1 to the catalytic cysteine of RCE1. Plays an important role in auxin response (PubMed:8321287). Regulates the chromosomal localization of meiotic recombination by crossovers (COs) and subsequent synapsis, probably through the activation of a CRL4 complex (PubMed:25116939). Required for E3-mediated protein degradation in response to auxin, jasmonic acid and cold stress. Required for the COP1-COP10-CSN-mediated repression of photomorphogenesis in the dark (PubMed:12368504). May function redundantly with AXL1 in the RUB conjugating pathway (PubMed:17655650). Does not seem to be functionally equivalent to AXL1 in vivo (PubMed:21311953).	69	88	82.3	3.04e-19	69.565	Arabidopsis thaliana
AT3G25880.1	320	2	NEDD8-activating enzyme E1 regulatory subunit AXL	GO:0005737;GO:0005634;GO:0005777;GO:0019781;GO:0000166;GO:0009791;GO:0045116	Regulatory subunit of the dimeric ECR1-AXL1 E1 enzyme. E1 activates RUB1/NEDD8 by first adenylating its C-terminal glycine residue with ATP, thereafter linking this residue to the side chain of the catalytic cysteine, yielding a RUB1-ECR1 thioester and free AMP. E1 finally transfers RUB1 to the catalytic cysteine of RCE1 (Probable). May function redundantly with AXR1 in the RUB conjugating pathway (PubMed:17655650). Does not seem to be functionally equivalent to AXR1 in vivo (PubMed:21311953).	69	94	93.3	2.16e-23	68.116	Arabidopsis thaliana
AT4G16855.1	137	1	NA	NA	NA	NA	NA	NA	NA	NA	NA
AT4G16855.2	137	1	NA	NA	NA	NA	NA	NA	NA	NA	NA
AT5G26970.1	326	1	NA	NA	NA	NA	NA	NA	NA	NA	NA
AT2G22340.1	1076	1	NA	NA	NA	NA	NA	NA	NA	NA	NA
AT2G22345.1	391	2	Putative defensin-like protein 72	GO:0050832;GO:0031640		61	98	125.0	4.23e-39	100.000	Arabidopsis thaliana
AT4G16915.1	1973	8	NA	NA	NA	NA	NA	NA	NA	NA	NA
AT2G22426.1	212	1	NA	NA	NA	NA	NA	NA	NA	NA	NA
AT2G22440.1	1007	2	NA	NA	NA	NA	NA	NA	NA	NA	NA
AT1G27490.1	700	3	Probable F-box protein At1g27490			173	99	323.0	2.61e-114	91.908	Arabidopsis thaliana
AT1G27535.1	408	2	Phosphatidylinositol 4-kinase gamma 2	GO:0005737;GO:0016020;GO:0005634;GO:0000325;GO:0004430;GO:0005524;GO:0034051;GO:0050821;GO:0009651;GO:0048364	The phosphorylation of phosphatidylinositol (PI) to PI4P is the first committed step in the generation of phosphatidylinositol 4,5-bisphosphate (PIP2), a precursor of the second messenger inositol 1,4,5-trisphosphate (InsP3).	62	57	47.2	2.15e-06	41.935	Arabidopsis thaliana
AT3G26147.1	167	1	NA	NA	NA	NA	NA	NA	NA	NA	NA
AT5G27170.1	405	2	NA	NA	NA	NA	NA	NA	NA	NA	NA
AT1G27565.1	268	2	NA	NA	NA	NA	NA	NA	NA	NA	NA
AT5G27238.1	407	1	S-protein homolog 7	GO:0005576;GO:0060320		135	99	281.0	1.57e-98	100.000	Arabidopsis thaliana
AT5G27247.1	146	1	NA	NA	NA	NA	NA	NA	NA	NA	NA
AT3G26235.1	768	3	NA	NA	NA	NA	NA	NA	NA	NA	NA
AT5G27260.1	987	2	Uncharacterized protein At2g29880			309	96	260.0	2.02e-86	46.926	Arabidopsis thaliana
AT1G27610.1	466	2	NA	NA	NA	NA	NA	NA	NA	NA	NA
AT1G27610.2	533	2	NA	NA	NA	NA	NA	NA	NA	NA	NA
AT1G27610.3	533	2	NA	NA	NA	NA	NA	NA	NA	NA	NA
AT3G26250.1	1472	1	Protein VACUOLELESS GAMETOPHYTES	GO:0005771;GO:0008270;GO:0009561;GO:0055046;GO:0009617;GO:0002237;GO:0002238;GO:0002240	Essential for development of both female (megagametogenesis) and male (microgametogenesis) gametophytes by promoting the formation of large vacuoles early in development, maybe via the regulation of vesicular fusion.	157	46	59.3	4.68e-09	27.389	Arabidopsis thaliana
AT1G27640.1	443	1	NA	NA	NA	NA	NA	NA	NA	NA	NA
AT5G27340.1	999	4	NA	NA	NA	NA	NA	NA	NA	NA	NA
AT3G26395.1	74	1	NA	NA	NA	NA	NA	NA	NA	NA	NA
AT3G26445.1	626	2	NA	NA	NA	NA	NA	NA	NA	NA	NA
AT5G27495.1	343	2	Defensin-like protein 113	GO:0005576;GO:0050832;GO:0031640		80	99	160.0	2.11e-52	100.000	Arabidopsis thaliana
AT2G22805.1	710	2	Putative defensin-like protein 189	GO:0005576;GO:0050832;GO:0031640		86	99	177.0	4.18e-59	100.000	Arabidopsis thaliana
AT2G22807.1	898	2	Putative defensin-like protein 190	GO:0005576;GO:0050832;GO:0031640		93	99	194.0	2.33e-65	100.000	Arabidopsis thaliana
AT2G22807.2	813	2	Putative defensin-like protein 190	GO:0005576;GO:0050832;GO:0031640		75	99	144.0	4.56e-46	90.667	Arabidopsis thaliana
AT2G22820.1	194	1	NA	NA	NA	NA	NA	NA	NA	NA	NA
AT3G26539.1	474	2	NA	NA	NA	NA	NA	NA	NA	NA	NA
AT5G27606.1	1402	4	NA	NA	NA	NA	NA	NA	NA	NA	NA
AT5G27607.1	1290	3	26S proteasome non-ATPase regulatory subunit 14 homolog	GO:0005634;GO:0000502;GO:0008541;GO:0046872;GO:0140492;GO:0070628;GO:0043161;GO:0030163;GO:0006511	Metalloprotease component of the 26S proteasome that specifically cleaves 'Lys-63'-linked polyubiquitin chains. The 26S proteasome is involved in the ATP-dependent degradation of ubiquitinated proteins. The function of the 'Lys-63'-specific deubiquitination of the proteasome is unclear (By similarity).	39	32	84.0	3.62e-20	89.744	Arabidopsis thaliana
AT2G22940.1	1807	2	NA	NA	NA	NA	NA	NA	NA	NA	NA
AT2G22941.1	338	2	Putative defensin-like protein 191	GO:0005576;GO:0006952;GO:0050832;GO:0031640		83	99	165.0	5.14e-54	98.795	Arabidopsis thaliana
AT3G26616.1	567	2	NA	NA	NA	NA	NA	NA	NA	NA	NA
AT4G17590.1	1748	7	26S rRNA (cytosine-C(5))-methyltransferase NOP2B	GO:0005730;GO:0003723;GO:0009383;GO:0000470;GO:0070475	Involved in ribosomal large subunit assembly (By similarity). S-adenosyl-L-methionine-dependent methyltransferase that probably methylates the C(5) position of cytosine 1586 (m5C1586) in mitochondrial 26S rRNA (PubMed:26268215). May play a role in the regulation of the cell cycle and the increased nucleolar activity that is associated with the cell proliferation (By similarity). Seems involved in the regulation of cell proliferation (By similarity).	131	93	63.5	3.52e-11	37.405	Arabidopsis thaliana
AT4G17590.2	1748	7	26S rRNA (cytosine-C(5))-methyltransferase NOP2B	GO:0005730;GO:0003723;GO:0009383;GO:0000470;GO:0070475	Involved in ribosomal large subunit assembly (By similarity). S-adenosyl-L-methionine-dependent methyltransferase that probably methylates the C(5) position of cytosine 1586 (m5C1586) in mitochondrial 26S rRNA (PubMed:26268215). May play a role in the regulation of the cell cycle and the increased nucleolar activity that is associated with the cell proliferation (By similarity). Seems involved in the regulation of cell proliferation (By similarity).	92	49	76.7	6.92e-16	46.739	Arabidopsis thaliana
AT2G23067.1	143	1	NA	NA	NA	NA	NA	NA	NA	NA	NA
AT1G28135.1	155	1	NA	NA	NA	NA	NA	NA	NA	NA	NA
AT3G26742.1	155	1	NA	NA	NA	NA	NA	NA	NA	NA	NA
AT2G23118.1	143	1	NA	NA	NA	NA	NA	NA	NA	NA	NA
AT5G27800.1	1392	6	NA	NA	NA	NA	NA	NA	NA	NA	NA
AT2G23142.1	443	1	S-protein homolog 10	GO:0005576;GO:0060320		147	99	311.0	4.09e-110	100.000	Arabidopsis thaliana
AT5G27810.1	359	1	Agamous-like MADS-box protein AGL80	GO:0005634;GO:0043078;GO:0003700;GO:0000981;GO:0046983;GO:0000978;GO:0000976;GO:0045944;GO:0006357	Probable transcription factor. Controls central cell differentiation during female gametophyte development. Required for the expression of DEMETER and DD46, but not for the expression of FIS2 (PubMed:16798889). Probable transcription factor that may function in the maintenance of the proper function of the central cell in pollen tube attraction (Probable).	97	81	195.0	2.13e-63	90.722	Arabidopsis thaliana
AT3G26800.1	605	1	NA	NA	NA	NA	NA	NA	NA	NA	NA
AT1G28265.1	275	1	NA	NA	NA	NA	NA	NA	NA	NA	NA
AT3G26855.1	670	2	NA	NA	NA	NA	NA	NA	NA	NA	NA
AT3G26860.2	368	1	S-protein homolog 23	GO:0005576;GO:0060320		122	99	258.0	7.97e-90	100.000	Arabidopsis thaliana
AT3G26860.1	368	2	S-protein homolog 23	GO:0005576;GO:0060320		122	99	179.0	2.8e-59	77.869	Arabidopsis thaliana
AT3G26870.1	392	1	S-protein homolog 22	GO:0005576;GO:0009860;GO:0060320		130	99	274.0	7.22e-96	100.000	Arabidopsis thaliana
AT5G27889.1	161	1	NA	NA	NA	NA	NA	NA	NA	NA	NA
AT5G27890.1	1707	6	NA	NA	NA	NA	NA	NA	NA	NA	NA
AT1G28305.1	413	1	S-protein homolog 21	GO:0005576;GO:0060320		120	86	111.0	7.73e-32	44.167	Arabidopsis thaliana
AT3G26880.1	401	1	S-protein homolog 21	GO:0005576;GO:0060320		133	99	275.0	2.12e-96	100.000	Arabidopsis thaliana
AT1G28306.1	413	1	S-protein homolog 21	GO:0005576;GO:0060320		122	86	89.9	1.74e-23	43.443	Arabidopsis thaliana
AT5G27893.1	629	1	NA	NA	NA	NA	NA	NA	NA	NA	NA
AT2G23321.1	140	1	NA	NA	NA	NA	NA	NA	NA	NA	NA
AT1G28335.1	501	2	Defensin-like protein 153	GO:0005576;GO:0050832;GO:0031640		81	99	168.0	2.78e-55	100.000	Arabidopsis thaliana
AT2G23348.1	272	1	NA	NA	NA	NA	NA	NA	NA	NA	NA
AT2G23348.2	272	1	NA	NA	NA	NA	NA	NA	NA	NA	NA
AT2G23348.3	272	1	NA	NA	NA	NA	NA	NA	NA	NA	NA
AT2G23348.4	272	1	NA	NA	NA	NA	NA	NA	NA	NA	NA
AT3G27140.1	1283	5	Putative protein phosphatase 2C-like protein 45	GO:0004722;GO:0009738		245	99	496.0	1.64e-180	100.000	Arabidopsis thaliana
AT3G27185.1	1263	3	Cyclin-B1-5	GO:0000307;GO:0005737;GO:0005829;GO:0005634;GO:0016538;GO:0051301;GO:0000082		65	64	111.0	9.46e-30	81.538	Arabidopsis thaliana
AT5G28090.1	1232	2	NA	NA	NA	NA	NA	NA	NA	NA	NA
AT3G27329.1	368	1	S-protein homolog 16	GO:0005576;GO:0060320		122	98	195.0	5.4e-65	75.410	Arabidopsis thaliana
AT1G29005.1	837	3	NA	NA	NA	NA	NA	NA	NA	NA	NA
AT3G27331.1	737	2	S-protein homolog 16	GO:0005576;GO:0060320		127	98	199.0	1.76e-66	73.228	Arabidopsis thaliana
AT2G23834.1	360	2	NA	NA	NA	NA	NA	NA	NA	NA	NA
AT3G27425.1	317	1	NA	NA	NA	NA	NA	NA	NA	NA	NA
AT5G28190.1	2846	4	NA	NA	NA	NA	NA	NA	NA	NA	NA
AT3G27475.1	850	3	NA	NA	NA	NA	NA	NA	NA	NA	NA
AT3G27475.2	887	2	NA	NA	NA	NA	NA	NA	NA	NA	NA
AT4G18422.1	266	1	NA	NA	NA	NA	NA	NA	NA	NA	NA
AT3G27495.1	266	1	NA	NA	NA	NA	NA	NA	NA	NA	NA
AT2G23987.1	1134	4	NA	NA	NA	NA	NA	NA	NA	NA	NA
AT2G23985.13	800	3	NA	NA	NA	NA	NA	NA	NA	NA	NA
AT2G23985.21	800	3	NA	NA	NA	NA	NA	NA	NA	NA	NA
AT2G23985.1	625	2	NA	NA	NA	NA	NA	NA	NA	NA	NA
AT2G23985.11	625	2	NA	NA	NA	NA	NA	NA	NA	NA	NA
AT2G23985.18	625	2	NA	NA	NA	NA	NA	NA	NA	NA	NA
AT2G23985.19	625	2	NA	NA	NA	NA	NA	NA	NA	NA	NA
AT2G23985.2	625	2	NA	NA	NA	NA	NA	NA	NA	NA	NA
AT2G23985.20	625	2	NA	NA	NA	NA	NA	NA	NA	NA	NA
AT2G23985.23	625	2	NA	NA	NA	NA	NA	NA	NA	NA	NA
AT2G23985.26	625	2	NA	NA	NA	NA	NA	NA	NA	NA	NA
AT2G23985.10	587	2	NA	NA	NA	NA	NA	NA	NA	NA	NA
AT2G23985.12	587	2	NA	NA	NA	NA	NA	NA	NA	NA	NA
AT2G23985.14	587	2	NA	NA	NA	NA	NA	NA	NA	NA	NA
AT2G23985.15	587	2	NA	NA	NA	NA	NA	NA	NA	NA	NA
AT2G23985.16	587	2	NA	NA	NA	NA	NA	NA	NA	NA	NA
AT2G23985.17	587	2	NA	NA	NA	NA	NA	NA	NA	NA	NA
AT2G23985.24	587	2	NA	NA	NA	NA	NA	NA	NA	NA	NA
AT2G23985.25	587	2	NA	NA	NA	NA	NA	NA	NA	NA	NA
AT2G23985.22	185	1	NA	NA	NA	NA	NA	NA	NA	NA	NA
AT2G23985.3	185	1	NA	NA	NA	NA	NA	NA	NA	NA	NA
AT2G23985.4	185	1	NA	NA	NA	NA	NA	NA	NA	NA	NA
AT2G23985.5	185	1	NA	NA	NA	NA	NA	NA	NA	NA	NA
AT2G23985.6	185	1	NA	NA	NA	NA	NA	NA	NA	NA	NA
AT2G23985.7	185	1	NA	NA	NA	NA	NA	NA	NA	NA	NA
AT2G23985.8	185	1	NA	NA	NA	NA	NA	NA	NA	NA	NA
AT2G23985.9	185	1	NA	NA	NA	NA	NA	NA	NA	NA	NA
AT3G27590.1	1300	3	NA	NA	NA	NA	NA	NA	NA	NA	NA
AT3G27680.1	404	1	S-protein homolog 31	GO:0005576;GO:0060320		134	99	282.0	4.72e-99	100.000	Arabidopsis thaliana
AT1G29355.1	1491	3	NA	NA	NA	NA	NA	NA	NA	NA	NA
AT5G28295.1	495	2	NA	NA	NA	NA	NA	NA	NA	NA	NA
AT2G24195.1	679	2	Serine rich endogenous peptide 21	GO:0048046;GO:0005886;GO:0030275;GO:0033612;GO:1903409	Brassicaceae-specific phytocytokine (plant endogenous peptide released into the apoplast) perceived by MIK2 in a BAK1/SERK3 and SERK4 coreceptors-dependent manner, that modulates various physiological and antimicrobial processes including growth prevention and reactive oxygen species (ROS) response regulation.	81	99	170.0	3.25e-56	100.000	Arabidopsis thaliana
AT2G24195.2	634	2	Serine rich endogenous peptide 21	GO:0048046;GO:0005886;GO:0030275;GO:0033612;GO:1903409	Brassicaceae-specific phytocytokine (plant endogenous peptide released into the apoplast) perceived by MIK2 in a BAK1/SERK3 and SERK4 coreceptors-dependent manner, that modulates various physiological and antimicrobial processes including growth prevention and reactive oxygen species (ROS) response regulation.	66	99	111.0	1.87e-33	100.000	Arabidopsis thaliana
AT2G24205.1	344	1	NA	NA	NA	NA	NA	NA	NA	NA	NA
AT5G28310.1	1727	6	Glyoxylate/hydroxypyruvate reductase HPR3	GO:0030267;GO:0120509;GO:0016618;GO:0051287;GO:0009854;GO:0009853	Catalyzes the NADPH-dependent reduction of glyoxylate and hydroxypyruvate (HP) into glycolate and glycerate. Mostly active in the presence of NADPH and glyoxylate.	193	61	112.0	7.14e-30	39.378	Arabidopsis thaliana
AT1G29418.1	266	1	NA	NA	NA	NA	NA	NA	NA	NA	NA
AT1G29465.1	110	1	NA	NA	NA	NA	NA	NA	NA	NA	NA
AT5G28345.1	1989	4	NA	NA	NA	NA	NA	NA	NA	NA	NA
AT1G29540.1	407	1	NA	NA	NA	NA	NA	NA	NA	NA	NA
AT1G29535.1	215	1	NA	NA	NA	NA	NA	NA	NA	NA	NA
AT1G29535.2	191	1	NA	NA	NA	NA	NA	NA	NA	NA	NA
AT1G29535.3	200	1	NA	NA	NA	NA	NA	NA	NA	NA	NA
AT1G29535.4	182	1	NA	NA	NA	NA	NA	NA	NA	NA	NA
AT2G24285.1	314	1	NA	NA	NA	NA	NA	NA	NA	NA	NA
AT2G24285.2	329	1	NA	NA	NA	NA	NA	NA	NA	NA	NA
AT4G18860.1	901	2	NA	NA	NA	NA	NA	NA	NA	NA	NA
AT1G29620.1	1654	5	Probable protein phosphatase 2C 25	GO:0005634;GO:0009536;GO:0046872;GO:0004722;GO:0009738;GO:0050832;GO:0009620;GO:0009611	Protein phosphatase that negatively regulates defense respones. Inactivates MPK4 and MPK6 MAP kinases involved in stress and defense signaling.	40	27	50.0	5.15e-07	87.500	Arabidopsis thaliana
AT2G24340.1	4116	6	NA	NA	NA	NA	NA	NA	NA	NA	NA
AT5G28442.1	344	2	NA	NA	NA	NA	NA	NA	NA	NA	NA
AT5G28450.1	1212	4	Photosystem I chlorophyll a/b-binding protein 2, chloroplastic	GO:0009507;GO:0009534;GO:0009535;GO:0005829;GO:0009522;GO:0009579;GO:0016168;GO:0046872;GO:0019904;GO:0009768;GO:0009409;GO:0009644;GO:0009416;GO:0009645	The light-harvesting complex (LHC) functions as a light receptor, it captures and delivers excitation energy to photosystems with which it is closely associated, here photosystem I.	103	59	208.0	3.16e-68	95.146	Arabidopsis thaliana
AT2G24410.1	236	1	FHA domain-containing protein DDL	GO:0005634;GO:0003729;GO:0003723;GO:0051301;GO:0035196;GO:0048638	Involved in the microRNA (miRNA) and short interfering RNA (siRNA) biogenesis. May facilitate DCL1 to access or recognize primary miRNAs. Binds RNA non-specifically.	66	84	111.0	3.67e-31	75.758	Arabidopsis thaliana
AT5G28463.1	651	2	NA	NA	NA	NA	NA	NA	NA	NA	NA
AT5G28462.1	546	2	NA	NA	NA	NA	NA	NA	NA	NA	NA
AT2G24470.1	794	2	Filament-like plant protein 5			75	81	123.0	2.51e-33	84.000	Arabidopsis thaliana
AT4G18980.1	320	1	Protein S40-3	GO:0005634;GO:0002215;GO:0010150;GO:0010468;GO:0061062;GO:0009737;GO:0009646;GO:0009617;GO:0009751	Regulates senescence either by modulating WRKY53 or by activating SAG12 (PubMed:20238146). Affects the natural variation of cyst nematodes sex ratio and susceptibility to parasitic nematodes, depending on single nucleotide polymorphism (SNPs) between cultivars (PubMed:29378065).	106	99	219.0	7.62e-75	100.000	Arabidopsis thaliana
AT3G28020.1	1243	5	NA	NA	NA	NA	NA	NA	NA	NA	NA
AT2G24535.1	763	3	NA	NA	NA	NA	NA	NA	NA	NA	NA
AT2G24535.2	585	2	NA	NA	NA	NA	NA	NA	NA	NA	NA
AT5G28491.1	125	1	NA	NA	NA	NA	NA	NA	NA	NA	NA
AT2G24615.1	1619	2	Putative defensin-like protein 38	GO:0005576;GO:0050832;GO:0031640		84	99	176.0	2.23e-58	100.000	Arabidopsis thaliana
AT2G24617.1	314	1	NA	NA	NA	NA	NA	NA	NA	NA	NA
AT2G24620.1	473	1	Receptor-like serine/threonine-protein kinase SD1-7	GO:0016020;GO:0005634;GO:0005886;GO:0005524;GO:0030246;GO:0004672;GO:0106310;GO:0004674;GO:0019199;GO:0031625;GO:0009738;GO:0071215;GO:0006955;GO:0048544;GO:0007165	Involved in the regulation of cellular expansion and differentiation. Mediates subcellular relocalization of PUB9 from nucleus to plasma membrane in a protein-phosphorylation-dependent manner. May be involved in the abscisic acid-mediated signaling pathway, at least during germination.	158	97	112.0	7.07e-29	38.608	Arabidopsis thaliana
AT3G28120.1	125	1	NA	NA	NA	NA	NA	NA	NA	NA	NA
AT2G24625.1	946	2	Putative defensin-like protein 39	GO:0005576;GO:0050832;GO:0031640		88	99	181.0	1.48e-60	100.000	Arabidopsis thaliana
AT3G28155.1	690	5	Protein MOR1	GO:0030981;GO:0000776;GO:0005874;GO:0009524;GO:0009506;GO:0009574;GO:0005819;GO:0000922;GO:0008017;GO:0061863;GO:0051010;GO:0009920;GO:0000911;GO:0030951;GO:0000226;GO:0046785;GO:0007052	Microtubule-binding protein that is essential for cortical microtubules organization and function. Essential for maintaining the interphase cortical array and for correct morphogenesis. Promotes rapid growth and shrinkage of microtubules and suppresses the pausing of interphase microtubules. Regulates the structure and function of microtubule arrays during mitosis and cytokinesis. Probably not required for cellulose microfibrils alignment in roots.	94	55	70.0	1.72e-14	47.872	Arabidopsis thaliana
AT3G28155.2	690	4	NA	NA	NA	NA	NA	NA	NA	NA	NA
AT3G28170.1	1999	6	NA	NA	NA	NA	NA	NA	NA	NA	NA
AT2G24683.1	134	1	NA	NA	NA	NA	NA	NA	NA	NA	NA
AT2G24692.1	209	1	BTB/POZ domain-containing protein At3g50780	GO:0016567	May act as a substrate-specific adapter of an E3 ubiquitin-protein ligase complex (CUL3-RBX1-BTB) which mediates the ubiquitination and subsequent proteasomal degradation of target proteins.	64	91	134.0	1.02e-38	100.000	Arabidopsis thaliana
AT2G24693.1	431	2	Defensin-like protein 87	GO:0005576;GO:0050832;GO:0031640		73	99	148.0	1.18e-47	100.000	Arabidopsis thaliana
AT3G28193.1	128	1	NA	NA	NA	NA	NA	NA	NA	NA	NA
AT1G30020.1	473	1	NA	NA	NA	NA	NA	NA	NA	NA	NA
AT3G28216.1	146	1	NA	NA	NA	NA	NA	NA	NA	NA	NA
AT4G19240.1	1292	2	NA	NA	NA	NA	NA	NA	NA	NA	NA
AT3G28243.1	113	1	NA	NA	NA	NA	NA	NA	NA	NA	NA
AT4G19270.1	466	2	NA	NA	NA	NA	NA	NA	NA	NA	NA
AT3G28291.1	179	1	NA	NA	NA	NA	NA	NA	NA	NA	NA
AT5G28550.1	2057	6	Separase	GO:0005737;GO:0005874;GO:0072686;GO:0005634;GO:0004197;GO:0008233;GO:0051304;GO:0000911;GO:0009793;GO:0009960;GO:0006887;GO:0051307;GO:0045876;GO:0006508;GO:2000114;GO:0009826;GO:0016192	Cleaves SYN1, releasing sister chromatid cohesion. Required for the release of cohesin at anaphase I and anaphase II, whereas the release of cohesin during diplotene and diakinesis occurs in a separase-independent process. Essential for embryo and endosperm development. May play a role in centromeric heterochromatin structure/formation during early meiosis, non-homologous centromere association and radial microtubule system (RMS) formation. May regulate the mitosis-specific cyclin CYCB1-1.	180	63	159.0	1.99e-43	45.556	Arabidopsis thaliana
AT2G24780.1	158	1	NA	NA	NA	NA	NA	NA	NA	NA	NA
AT5G28560.1	284	2	NA	NA	NA	NA	NA	NA	NA	NA	NA
AT2G24810.1	837	4	Pathogenesis-related protein 5	GO:0048046;GO:0005739;GO:0009505;GO:0000325;GO:0099503;GO:0003729;GO:0006952;GO:0031540;GO:0046686;GO:0010224;GO:0009615;GO:0009627	Partially responsible for acquired pathogen resistance.	76	39	112.0	8.22e-31	67.105	Arabidopsis thaliana
AT2G24880.1	308	1	S-protein homolog 16	GO:0005576;GO:0060320		95	92	141.0	5.51e-44	65.263	Arabidopsis thaliana
AT2G24945.1	632	1	NA	NA	NA	NA	NA	NA	NA	NA	NA
AT5G28615.1	530	2	NA	NA	NA	NA	NA	NA	NA	NA	NA
AT5G28620.1	475	2	NA	NA	NA	NA	NA	NA	NA	NA	NA
AT2G25055.1	241	2	NA	NA	NA	NA	NA	NA	NA	NA	NA
AT4G19620.1	411	2	NA	NA	NA	NA	NA	NA	NA	NA	NA
AT5G28660.1	708	3	NA	NA	NA	NA	NA	NA	NA	NA	NA
AT3G28530.1	77	1	UDP-glucose 4-epimerase 2	GO:0005829;GO:1901149;GO:0003978;GO:0042546;GO:0071555;GO:0006012;GO:0005996	Catalyzes the interconversion between UDP-glucose and UDP-galactose (PubMed:16644739, PubMed:19754426, Ref.6). Cooperates with UGE3 in pollen development and with UGE4 in cell wall carbohydrate biosynthesis and growth (PubMed:17496119).	25	96	56.4	6.33e-11	100.000	Arabidopsis thaliana
AT3G28590.1	362	2	NA	NA	NA	NA	NA	NA	NA	NA	NA
AT2G25185.1	402	2	Putative defensin-like protein 298	GO:0005576;GO:0050832;GO:0031640		102	99	201.0	4.79e-68	100.000	Arabidopsis thaliana
AT3G28674.1	176	1	NA	NA	NA	NA	NA	NA	NA	NA	NA
AT3G28680.1	982	5	Lysosomal Pro-X carboxypeptidase	GO:0035577;GO:0045178;GO:0070062;GO:0101003;GO:0005886;GO:0008239;GO:0004181;GO:0004185;GO:0060055;GO:0002003;GO:0097009;GO:0042593;GO:0003085;GO:0002353;GO:0043535;GO:2000377;GO:0002155	Cleaves C-terminal amino acids linked to proline in peptides such as angiotensin II, III and des-Arg9-bradykinin. This cleavage occurs at acidic pH, but enzymatic activity is retained with some substrates at neutral pH.	171	78	94.4	2.62e-22	32.749	Homo sapiens
AT5G28720.1	821	2	NA	NA	NA	NA	NA	NA	NA	NA	NA
AT5G28730.1	1215	4	NA	NA	NA	NA	NA	NA	NA	NA	NA
AT2G25312.1	335	1	NA	NA	NA	NA	NA	NA	NA	NA	NA
AT2G25344.1	904	2	Putative defensin-like protein 137	GO:0005576;GO:0050832;GO:0031640		79	99	164.0	6.95e-54	100.000	Arabidopsis thaliana
AT3G28785.1	334	2	NA	NA	NA	NA	NA	NA	NA	NA	NA
AT5G28780.1	1266	4	ATP-dependent DNA helicase PIF1	GO:0005739;GO:0005634;GO:0043139;GO:0005524;GO:0016887;GO:0003677;GO:0006310;GO:0006281;GO:0000723	DNA-dependent ATPase and 5'-3' DNA helicase required for the maintenance of both mitochondrial and nuclear genome stability.	214	63	57.9	2.51e-08	28.972	Xenopus laevis
AT5G28820.1	733	3	Uncharacterized protein At2g29880			92	98	73.6	1.39e-15	40.217	Arabidopsis thaliana
AT5G28823.1	1977	3	NA	NA	NA	NA	NA	NA	NA	NA	NA
AT3G28870.1	1484	5	DExH-box ATP-dependent RNA helicase DExH12	GO:0005730;GO:0005634;GO:0005681;GO:0005524;GO:0016887;GO:0003723;GO:0003724;GO:0006397;GO:0000388;GO:0010228	RNA helicase that plays an essential role in pre-mRNA splicing as component of the U5 snRNP and U4/U6-U5 tri-snRNP complexes. Involved in spliceosome assembly, activation and disassembly.	52	15	107.0	7.17e-25	90.385	Arabidopsis thaliana
AT3G28899.1	188	1	NA	NA	NA	NA	NA	NA	NA	NA	NA
AT1G30757.1	104	1	NA	NA	NA	NA	NA	NA	NA	NA	NA
AT1G30757.2	104	1	NA	NA	NA	NA	NA	NA	NA	NA	NA
AT4G20220.1	3720	4	NA	NA	NA	NA	NA	NA	NA	NA	NA
AT3G28918.1	92	1	NA	NA	NA	NA	NA	NA	NA	NA	NA
AT4G20250.1	2538	2	NA	NA	NA	NA	NA	NA	NA	NA	NA
AT5G28919.1	566	1	NA	NA	NA	NA	NA	NA	NA	NA	NA
AT5G28920.1	2753	8	NA	NA	NA	NA	NA	NA	NA	NA	NA
AT3G28922.1	315	3	Putative pectinesterase 14	GO:0030599;GO:0042545;GO:0045490	Acts in the modification of cell walls via demethylesterification of cell wall pectin.	57	92	64.3	2.26e-13	64.912	Arabidopsis thaliana
AT4G20290.1	425	1	NA	NA	NA	NA	NA	NA	NA	NA	NA
AT3G28925.1	1694	7	Structural maintenance of chromosomes protein 4	GO:0000796;GO:0005634;GO:0005524;GO:0016887;GO:0051301;GO:0009793;GO:0051321;GO:0007076;GO:0000070	Central component of the condensin complex, a complex required for conversion of interphase chromatin into mitotic-like condense chromosomes. The condensin complex probably introduces positive supercoils into relaxed DNA in the presence of type I topoisomerases and converts nicked DNA into positive knotted forms in the presence of type II topoisomerases. Also involved in chromosome segregation in meiosis.	87	25	76.7	2.68e-15	54.023	Arabidopsis thaliana
AT3G28958.1	826	4	Early nodulin-like protein 13	GO:0016020;GO:0005886;GO:0009506;GO:0009536;GO:0098552;GO:0009055	May act as a carbohydrate transporter (PubMed:24470637). Required, together with ENODL11, ENODL12, ENODL13, ENODL14 and ENODL15, for male-female communication and pollen tube reception and burst at the synergid cell surface of the female gametophyte (PubMed:27524487).	91	49	47.2	2.57e-06	28.571	Arabidopsis thaliana
AT5G28950.1	930	3	NA	NA	NA	NA	NA	NA	NA	NA	NA
AT3G29033.1	882	4	NA	NA	NA	NA	NA	NA	NA	NA	NA
AT4G20470.1	422	1	NA	NA	NA	NA	NA	NA	NA	NA	NA
AT1G30972.1	239	1	NA	NA	NA	NA	NA	NA	NA	NA	NA
AT1G30972.2	645	2	NA	NA	NA	NA	NA	NA	NA	NA	NA
AT1G30972.3	645	2	NA	NA	NA	NA	NA	NA	NA	NA	NA
AT1G30974.1	239	1	NA	NA	NA	NA	NA	NA	NA	NA	NA
AT1G30974.2	644	2	NA	NA	NA	NA	NA	NA	NA	NA	NA
AT3G29080.1	2024	7	NA	NA	NA	NA	NA	NA	NA	NA	NA
AT2G25964.1	152	1	NA	NA	NA	NA	NA	NA	NA	NA	NA
AT2G25990.1	59	1	NA	NA	NA	NA	NA	NA	NA	NA	NA
AT4G20690.1	782	2	NA	NA	NA	NA	NA	NA	NA	NA	NA
AT4G20707.1	853	2	NA	NA	NA	NA	NA	NA	NA	NA	NA
AT1G31095.1	866	5	L-lactate dehydrogenase	GO:0005829;GO:0005739;GO:0061759;GO:0004459;GO:0006096;GO:0019244;GO:1903457;GO:0006089;GO:0019674;GO:0042866;GO:0042867		41	61	47.7	3.69e-07	51.220	Drosophila melanogaster
AT3G29140.1	339	2	NA	NA	NA	NA	NA	NA	NA	NA	NA
AT5G29050.1	591	2	NA	NA	NA	NA	NA	NA	NA	NA	NA
AT3G29152.1	314	1	Non-specific lipid-transfer protein 2	GO:0008289;GO:0006869	Plant non-specific lipid-transfer proteins transfer phospholipids as well as galactolipids across membranes. May play a role in wax or cutin deposition in the cell walls of expanding epidermal cells and certain secretory tissues (By similarity).	71	68	50.3	7.36e-09	39.437	Prunus armeniaca
AT5G29054.1	101	1	NA	NA	NA	NA	NA	NA	NA	NA	NA
AT4G20735.1	1628	3	NA	NA	NA	NA	NA	NA	NA	NA	NA
AT2G26120.1	387	2	NA	NA	NA	NA	NA	NA	NA	NA	NA
AT5G29070.1	1341	6	NA	NA	NA	NA	NA	NA	NA	NA	NA
AT3G29173.1	530	2	NA	NA	NA	NA	NA	NA	NA	NA	NA
AT5G29210.1	479	1	NA	NA	NA	NA	NA	NA	NA	NA	NA
AT1G31270.1	309	2	NA	NA	NA	NA	NA	NA	NA	NA	NA
AT4G20947.1	260	1	NA	NA	NA	NA	NA	NA	NA	NA	NA
AT4G20953.1	1351	3	NA	NA	NA	NA	NA	NA	NA	NA	NA
AT4G21063.1	205	2	NA	NA	NA	NA	NA	NA	NA	NA	NA
AT3G29305.1	819	5	NA	NA	NA	NA	NA	NA	NA	NA	NA
AT2G26515.1	65	1	NA	NA	NA	NA	NA	NA	NA	NA	NA
AT1G31555.1	282	2	NA	NA	NA	NA	NA	NA	NA	NA	NA
AT4G21213.1	260	1	NA	NA	NA	NA	NA	NA	NA	NA	NA
AT1G31620.1	953	4	NA	NA	NA	NA	NA	NA	NA	NA	NA
AT3G29455.1	1531	5	NA	NA	NA	NA	NA	NA	NA	NA	NA
AT3G29560.1	696	4	NA	NA	NA	NA	NA	NA	NA	NA	NA
AT5G30341.1	654	4	NA	NA	NA	NA	NA	NA	NA	NA	NA
AT1G31772.2	1480	3	Defensin-like protein 316	GO:0005576;GO:0050832;GO:0031640		75	68	149.0	2.33e-47	94.667	Arabidopsis thaliana
AT1G31772.1	474	2	Defensin-like protein 316	GO:0005576;GO:0050832;GO:0031640		100	99	200.0	9.52e-68	100.000	Arabidopsis thaliana
AT4G21515.1	444	3	NA	NA	NA	NA	NA	NA	NA	NA	NA
AT3G29633.1	95	1	NA	NA	NA	NA	NA	NA	NA	NA	NA
AT3G29633.2	95	1	NA	NA	NA	NA	NA	NA	NA	NA	NA
AT2G26865.1	236	1	NA	NA	NA	NA	NA	NA	NA	NA	NA
AT3G29636.1	893	4	BAHD acyltransferase At3g29680	GO:0016747		246	95	144.0	2.01e-41	39.431	Arabidopsis thaliana
AT3G29631.1	230	1	NA	NA	NA	NA	NA	NA	NA	NA	NA
AT3G29637.1	644	2	NA	NA	NA	NA	NA	NA	NA	NA	NA
AT3G29637.2	698	2	NA	NA	NA	NA	NA	NA	NA	NA	NA
AT3G29638.1	2080	6	NA	NA	NA	NA	NA	NA	NA	NA	NA
AT3G29639.1	1001	2	NA	NA	NA	NA	NA	NA	NA	NA	NA
AT3G29639.2	1001	3	NA	NA	NA	NA	NA	NA	NA	NA	NA
AT3G29645.1	806	3	NA	NA	NA	NA	NA	NA	NA	NA	NA
AT1G32000.1	624	2	NA	NA	NA	NA	NA	NA	NA	NA	NA
AT1G32010.1	2699	3	Meiosis-specific protein ASY2	GO:0005694;GO:0005634;GO:0007130	Required for normal meiosis.	167	20	86.0	5.85e-16	31.138	Arabidopsis thaliana
AT1G32020.1	515	1	Putative F-box protein At1g32020			171	99	356.0	3.76e-127	100.000	Arabidopsis thaliana
AT3G29690.1	779	2	BAHD acyltransferase At3g29680	GO:0016747		160	86	278.0	1.69e-93	80.000	Arabidopsis thaliana
AT5G31412.1	2305	6	NA	NA	NA	NA	NA	NA	NA	NA	NA
AT3G29720.1	1951	2	BAHD acyltransferase At3g29680	GO:0016747		178	80	271.0	2.55e-90	80.337	Arabidopsis thaliana
AT5G30360.1	714	3	NA	NA	NA	NA	NA	NA	NA	NA	NA
AT3G29740.1	379	2	Putative BTB/POZ domain-containing protein At3g29740	GO:0016567	May act as a substrate-specific adapter of an E3 ubiquitin-protein ligase complex (CUL3-RBX1-BTB) which mediates the ubiquitination and subsequent proteasomal degradation of target proteins.	87	99	172.0	4.05e-57	100.000	Arabidopsis thaliana
AT3G29750.1	1475	4	NA	NA	NA	NA	NA	NA	NA	NA	NA
AT3G29763.1	1517	1	Zinc finger MYM-type protein 1	GO:0005634;GO:0046983;GO:0008270		444	84	149.0	3.27e-38	26.802	Homo sapiens
AT2G27145.1	507	2	Putative defensin-like protein 146	GO:0005576;GO:0050832;GO:0031640		79	99	161.0	9.06e-53	100.000	Arabidopsis thaliana
AT1G32225.1	173	1	NA	NA	NA	NA	NA	NA	NA	NA	NA
AT3G29785.1	329	1	NA	NA	NA	NA	NA	NA	NA	NA	NA
AT5G30520.1	446	2	NA	NA	NA	NA	NA	NA	NA	NA	NA
AT4G21950.1	164	1	NA	NA	NA	NA	NA	NA	NA	NA	NA
AT2G27229.1	374	1	NA	NA	NA	NA	NA	NA	NA	NA	NA
AT1G32337.1	307	2	NA	NA	NA	NA	NA	NA	NA	NA	NA
AT2G27313.1	203	1	NA	NA	NA	NA	NA	NA	NA	NA	NA
AT3G29790.1	527	2	NA	NA	NA	NA	NA	NA	NA	NA	NA
AT3G29791.1	1015	4	NA	NA	NA	NA	NA	NA	NA	NA	NA
AT3G29796.1	4467	7	NA	NA	NA	NA	NA	NA	NA	NA	NA
AT2G27402.1	158	1	NA	NA	NA	NA	NA	NA	NA	NA	NA
AT2G27402.2	158	1	NA	NA	NA	NA	NA	NA	NA	NA	NA
AT3G29970.1	1182	3	NA	NA	NA	NA	NA	NA	NA	NA	NA
AT3G29970.2	465	2	NA	NA	NA	NA	NA	NA	NA	NA	NA
AT3G29970.3	465	2	NA	NA	NA	NA	NA	NA	NA	NA	NA
AT4G22210.1	348	2	Defensin-like protein 97	GO:0005576;GO:0050832;GO:0031640		86	99	173.0	3.13e-57	100.000	Arabidopsis thaliana
AT4G22210.2	348	2	Defensin-like protein 97	GO:0005576;GO:0050832;GO:0031640		87	99	168.0	1.5e-55	98.851	Arabidopsis thaliana
AT4G22217.1	341	2	Defensin-like protein 100	GO:0005576;GO:0050832;GO:0031640		87	99	177.0	9.73e-59	100.000	Arabidopsis thaliana
AT2G27540.1	107	1	NA	NA	NA	NA	NA	NA	NA	NA	NA
AT2G27570.1	976	4	Cytosolic sulfotransferase 4	GO:0005737;GO:0008146;GO:0051923	Sulfotransferase that utilizes 3'-phospho-5'-adenylyl sulfate (PAPS) as sulfonate donor.	273	99	572.0	0.0	100.000	Arabidopsis thaliana
AT1G32570.1	256	2	NA	NA	NA	NA	NA	NA	NA	NA	NA
AT1G32570.2	256	2	NA	NA	NA	NA	NA	NA	NA	NA	NA
AT1G32575.1	903	2	NA	NA	NA	NA	NA	NA	NA	NA	NA
AT3G30160.1	387	2	NA	NA	NA	NA	NA	NA	NA	NA	NA
AT3G30165.1	341	2	Uncharacterized protein At1g43920, Chloroplastic	GO:0031969;GO:0008270		82	79	78.1	2.76e-19	51.220	Arabidopsis thaliana
AT1G32650.1	74	1	NA	NA	NA	NA	NA	NA	NA	NA	NA
AT4G22440.1	1244	3	NA	NA	NA	NA	NA	NA	NA	NA	NA
AT1G32720.1	1729	5	Probable protein phosphatase 2C 25	GO:0005634;GO:0009536;GO:0046872;GO:0004722;GO:0009738;GO:0050832;GO:0009620;GO:0009611	Protein phosphatase that negatively regulates defense respones. Inactivates MPK4 and MPK6 MAP kinases involved in stress and defense signaling.	56	30	71.4	2.42e-14	80.357	Arabidopsis thaliana
AT4G22505.1	1592	1	Putative lipid-binding protein AIR1	GO:0005576;GO:0010102;GO:0009733		88	15	65.5	4.08e-12	42.045	Arabidopsis thaliana
AT4G22495.1	1598	3	NA	NA	NA	NA	NA	NA	NA	NA	NA
AT4G22520.1	356	1	Putative lipid-binding protein AIR1	GO:0005576;GO:0010102;GO:0009733		112	92	69.7	5.13e-16	33.929	Arabidopsis thaliana
AT3G30220.1	592	3	NA	NA	NA	NA	NA	NA	NA	NA	NA
AT3G30222.1	275	1	NA	NA	NA	NA	NA	NA	NA	NA	NA
AT3G30230.1	2553	5	Meiosis-specific protein ASY2	GO:0005694;GO:0005634;GO:0007130	Required for normal meiosis.	83	16	68.5	5e-11	33.735	Arabidopsis thaliana
AT3G30235.1	1359	5	NA	NA	NA	NA	NA	NA	NA	NA	NA
AT3G30247.1	476	1	Protein DOWN-REGULATED IN DIF1 11	GO:0043680		109	68	65.5	1.21e-13	29.358	Arabidopsis thaliana
AT3G30305.1	1021	3	NA	NA	NA	NA	NA	NA	NA	NA	NA
AT3G30305.3	905	3	NA	NA	NA	NA	NA	NA	NA	NA	NA
AT3G30305.4	870	3	NA	NA	NA	NA	NA	NA	NA	NA	NA
AT3G30305.2	733	2	NA	NA	NA	NA	NA	NA	NA	NA	NA
AT3G30320.1	3407	6	NA	NA	NA	NA	NA	NA	NA	NA	NA
AT1G32975.1	810	2	NA	NA	NA	NA	NA	NA	NA	NA	NA
AT3G30370.1	539	1	NA	NA	NA	NA	NA	NA	NA	NA	NA
AT1G33055.1	200	1	NA	NA	NA	NA	NA	NA	NA	NA	NA
AT1G33070.1	2410	3	Agamous-like MADS-box protein AGL86	GO:0005634;GO:0003700;GO:0000981;GO:0046983;GO:0000978;GO:0045944;GO:0006357	Probable transcription factor.	228	92	165.0	5.29e-51	47.807	Arabidopsis thaliana
AT1G33102.1	98	1	NA	NA	NA	NA	NA	NA	NA	NA	NA
AT3G30430.1	344	1	F-box protein At2g35280			114	99	218.0	8.16e-74	93.860	Arabidopsis thaliana
AT1G33355.1	23	1	NA	NA	NA	NA	NA	NA	NA	NA	NA
AT3G30520.1	1833	5	NA	NA	NA	NA	NA	NA	NA	NA	NA
AT3G30525.1	633	2	NA	NA	NA	NA	NA	NA	NA	NA	NA
AT2G28405.1	798	2	Putative defensin-like protein 150	GO:0005576;GO:0050832;GO:0031640		83	99	173.0	2.44e-57	100.000	Arabidopsis thaliana
AT2G28426.1	131	1	NA	NA	NA	NA	NA	NA	NA	NA	NA
AT4G23271.1	101	1	NA	NA	NA	NA	NA	NA	NA	NA	NA
AT1G33607.1	405	2	Putative defensin-like protein 26	GO:0005576;GO:0050832;GO:0031640		81	99	168.0	2.65e-55	100.000	Arabidopsis thaliana
AT1G33640.1	248	2	NA	NA	NA	NA	NA	NA	NA	NA	NA
AT5G32590.1	2733	6	Uncharacterized protein At3g60930, chloroplastic	GO:0009507		171	22	77.3	1.68e-13	29.825	Arabidopsis thaliana
AT5G32613.1	1786	6	NA	NA	NA	NA	NA	NA	NA	NA	NA
AT3G30705.1	107	1	NA	NA	NA	NA	NA	NA	NA	NA	NA
AT5G32619.1	482	2	Defensin-like protein 82	GO:0005576;GO:0006952;GO:0050832;GO:0031640		91	99	185.0	5.18e-62	100.000	Arabidopsis thaliana
AT1G33860.1	911	3	NA	NA	NA	NA	NA	NA	NA	NA	NA
AT1G33860.2	911	4	NA	NA	NA	NA	NA	NA	NA	NA	NA
AT2G28755.1	521	3	UDP-glucuronic acid decarboxylase 6	GO:0005737;GO:0005777;GO:0005886;GO:0070403;GO:0048040;GO:0042732;GO:0033320	Catalyzes the NAD-dependent decarboxylation of UDP-glucuronic acid to UDP-xylose. Necessary for the biosynthesis of the core tetrasaccharide in glycosaminoglycan biosynthesis (By similarity).	57	92	100.0	9.01e-27	80.702	Arabidopsis thaliana
AT2G28755.2	463	3	NA	NA	NA	NA	NA	NA	NA	NA	NA
AT3G30720.1	265	2	Protein QUA-QUINE STARCH	GO:0005829;GO:0005634;GO:0045087;GO:0051247;GO:0019252	Involved in regulating carbon and nitrogen allocation to starch and protein (PubMed:25146936).	59	98	126.0	2.57e-39	100.000	Arabidopsis thaliana
AT3G30720.2	265	2	Protein QUA-QUINE STARCH	GO:0005829;GO:0005634;GO:0045087;GO:0051247;GO:0019252	Involved in regulating carbon and nitrogen allocation to starch and protein (PubMed:25146936).	59	98	119.0	1.13e-36	98.305	Arabidopsis thaliana
AT3G30720.3	265	2	Protein QUA-QUINE STARCH	GO:0005829;GO:0005634;GO:0045087;GO:0051247;GO:0019252	Involved in regulating carbon and nitrogen allocation to starch and protein (PubMed:25146936).	59	98	119.0	1.13e-36	98.305	Arabidopsis thaliana
AT1G34015.1	1661	3	S-locus-specific glycoprotein BS29-1	GO:0060320	Involved in sporophytic self-incompatibility system (the inability of flowering plants to achieve self-fertilization).	74	72	70.5	4.26e-14	40.541	Brassica oleracea var. alboglabra
AT1G34042.1	260	1	NA	NA	NA	NA	NA	NA	NA	NA	NA
AT1G34046.1	586	2	NA	NA	NA	NA	NA	NA	NA	NA	NA
AT1G34070.1	926	1	NA	NA	NA	NA	NA	NA	NA	NA	NA
AT1G34095.1	844	4	NA	NA	NA	NA	NA	NA	NA	NA	NA
AT2G28920.1	437	1	NEP1-interacting protein 1	GO:0009535;GO:0008270	Intrinsic thylakoid membrane protein that fixes RPOT2 on the stromal side of the thylakoid membrane.	66	45	66.0	2.28e-13	42.424	Arabidopsis thaliana
AT5G32670.1	1467	6	Homeobox-leucine zipper protein ATHB-9	GO:0005634;GO:0003677;GO:0003700;GO:0008289;GO:0000976;GO:0009943;GO:0030154;GO:0009855;GO:0009880;GO:0080060;GO:0010014;GO:0009944;GO:0010072	Probable transcription factor involved in the determination of adaxial-abaxial polarity in ovule primordium. Specifies adaxial leaf fates. Binds to the DNA sequence 5'-GTAAT[GC]ATTAC-3'.	92	55	120.0	6.28e-31	77.174	Arabidopsis thaliana
AT3G30770.1	2592	6	NA	NA	NA	NA	NA	NA	NA	NA	NA
AT5G33210.2	615	2	Protein SHI RELATED SEQUENCE 8	GO:0005634;GO:0003677;GO:0003700;GO:0046872;GO:0009851;GO:0009734;GO:0045893	Transcription activator that binds DNA on 5'-ACTCTAC-3' and promotes auxin homeostasis-regulating gene expression (e.g. YUC genes), as well as genes affecting stamen development, cell expansion and timing of flowering. Synergistically with other SHI-related proteins, regulates gynoecium, stamen and leaf development in a dose-dependent manner, controlling apical-basal patterning. Promotes style and stigma formation, and influence vascular development during gynoecium development. May also have a role in the formation and/or maintenance of the shoot apical meristem (SAM) (By similarity).	105	98	218.0	4.73e-74	100.000	Arabidopsis thaliana
AT5G33210.1	656	2	Protein SHI RELATED SEQUENCE 8	GO:0005634;GO:0003677;GO:0003700;GO:0046872;GO:0009851;GO:0009734;GO:0045893	Transcription activator that binds DNA on 5'-ACTCTAC-3' and promotes auxin homeostasis-regulating gene expression (e.g. YUC genes), as well as genes affecting stamen development, cell expansion and timing of flowering. Synergistically with other SHI-related proteins, regulates gynoecium, stamen and leaf development in a dose-dependent manner, controlling apical-basal patterning. Promotes style and stigma formation, and influence vascular development during gynoecium development. May also have a role in the formation and/or maintenance of the shoot apical meristem (SAM) (By similarity).	173	99	362.0	1.3e-129	100.000	Arabidopsis thaliana
AT3G30805.1	947	2	Lysine--tRNA ligase	GO:0005737;GO:0005524;GO:0004824;GO:0000049;GO:0006430		53	32	87.1	8.2e-20	84.906	Oryza sativa subsp. japonica
AT4G24070.1	200	1	NA	NA	NA	NA	NA	NA	NA	NA	NA
AT1G34315.1	2415	10	NA	NA	NA	NA	NA	NA	NA	NA	NA
AT1G34317.1	443	2	NA	NA	NA	NA	NA	NA	NA	NA	NA
AT3G30820.1	1392	3	NA	NA	NA	NA	NA	NA	NA	NA	NA
AT3G30823.1	917	3	NA	NA	NA	NA	NA	NA	NA	NA	NA
AT1G34400.1	623	2	NA	NA	NA	NA	NA	NA	NA	NA	NA
AT4G24231.1	149	1	NA	NA	NA	NA	NA	NA	NA	NA	NA
AT1G34403.1	110	1	NA	NA	NA	NA	NA	NA	NA	NA	NA
AT4G24265.3	431	1	NA	NA	NA	NA	NA	NA	NA	NA	NA
AT4G24265.1	422	1	NA	NA	NA	NA	NA	NA	NA	NA	NA
AT4G24265.2	440	1	NA	NA	NA	NA	NA	NA	NA	NA	NA
AT3G30840.1	574	2	NA	NA	NA	NA	NA	NA	NA	NA	NA
AT1G34440.1	1389	5	NA	NA	NA	NA	NA	NA	NA	NA	NA
AT5G33330.1	1142	2	NA	NA	NA	NA	NA	NA	NA	NA	NA
AT2G29430.1	254	1	Splicing factor YJU2	GO:0071006;GO:0046872;GO:0000349;GO:0043518;GO:0008380	Part of the spliceosome which catalyzes two sequential transesterification reactions, first the excision of the non-coding intron from pre-mRNA and then the ligation of the coding exons to form the mature mRNA. Plays a role in stabilizing the structure of the spliceosome catalytic core and docking of the branch helix into the active site, producing 5'-exon and lariat intron-3'-intermediates.	74	87	83.2	3.9e-20	47.297	Dictyostelium discoideum
AT4G24410.1	509	1	NA	NA	NA	NA	NA	NA	NA	NA	NA
AT3G30845.1	317	1	NA	NA	NA	NA	NA	NA	NA	NA	NA
AT4G24413.1	546	3	NA	NA	NA	NA	NA	NA	NA	NA	NA
AT2G29452.1	131	1	NA	NA	NA	NA	NA	NA	NA	NA	NA
AT5G33393.1	2158	6	NA	NA	NA	NA	NA	NA	NA	NA	NA
AT2G29628.1	125	1	NA	NA	NA	NA	NA	NA	NA	NA	NA
AT5G33406.1	2277	5	NA	NA	NA	NA	NA	NA	NA	NA	NA
AT2G29654.1	182	1	NA	NA	NA	NA	NA	NA	NA	NA	NA
AT2G29679.1	122	1	NA	NA	NA	NA	NA	NA	NA	NA	NA
AT3G31350.1	635	3	NA	NA	NA	NA	NA	NA	NA	NA	NA
AT2G29735.1	353	1	Glucan endo-1,3-beta-D-glucosidase	GO:0005576;GO:0042973;GO:0042803;GO:0006076		84	71	92.7	9.67e-23	47.619	Olea europaea
AT4G24644.1	164	1	NA	NA	NA	NA	NA	NA	NA	NA	NA
AT2G29920.1	890	4	NA	NA	NA	NA	NA	NA	NA	NA	NA
AT2G29925.1	197	2	NA	NA	NA	NA	NA	NA	NA	NA	NA
AT1G34792.1	278	1	NA	NA	NA	NA	NA	NA	NA	NA	NA
AT1G34795.1	278	1	NA	NA	NA	NA	NA	NA	NA	NA	NA
AT1G34800.1	278	1	NA	NA	NA	NA	NA	NA	NA	NA	NA
AT1G34805.1	278	1	NA	NA	NA	NA	NA	NA	NA	NA	NA
AT1G34807.1	520	2	NA	NA	NA	NA	NA	NA	NA	NA	NA
AT1G34810.1	278	1	NA	NA	NA	NA	NA	NA	NA	NA	NA
AT1G34812.1	640	3	NA	NA	NA	NA	NA	NA	NA	NA	NA
AT1G34815.1	278	1	NA	NA	NA	NA	NA	NA	NA	NA	NA
AT1G34817.1	640	3	NA	NA	NA	NA	NA	NA	NA	NA	NA
AT5G33806.1	2459	6	NA	NA	NA	NA	NA	NA	NA	NA	NA
AT1G34820.1	278	1	NA	NA	NA	NA	NA	NA	NA	NA	NA
AT5G33898.1	1179	5	NA	NA	NA	NA	NA	NA	NA	NA	NA
AT1G34822.1	640	3	NA	NA	NA	NA	NA	NA	NA	NA	NA
AT1G34827.1	520	2	NA	NA	NA	NA	NA	NA	NA	NA	NA
AT1G34855.1	640	3	NA	NA	NA	NA	NA	NA	NA	NA	NA
AT1G34910.1	500	2	NA	NA	NA	NA	NA	NA	NA	NA	NA
AT1G35030.1	1235	4	NA	NA	NA	NA	NA	NA	NA	NA	NA
AT1G35035.1	278	1	NA	NA	NA	NA	NA	NA	NA	NA	NA
AT1G35040.1	412	2	NA	NA	NA	NA	NA	NA	NA	NA	NA
AT4G24973.1	404	1	S-protein homolog 18	GO:0005576;GO:0060320		134	99	279.0	6.3e-98	100.000	Arabidopsis thaliana
AT1G35150.1	2080	5	Zinc finger MYM-type protein 1	GO:0005634;GO:0046983;GO:0008270		235	50	59.0	3.64e-08	25.957	Homo sapiens
AT3G31560.1	456	2	NA	NA	NA	NA	NA	NA	NA	NA	NA
AT1G35181.1	164	1	NA	NA	NA	NA	NA	NA	NA	NA	NA
AT1G35215.1	3362	4	NA	NA	NA	NA	NA	NA	NA	NA	NA
AT3G31910.1	1737	5	NA	NA	NA	NA	NA	NA	NA	NA	NA
AT5G34581.1	652	2	NA	NA	NA	NA	NA	NA	NA	NA	NA
AT3G31925.1	1141	4	NA	NA	NA	NA	NA	NA	NA	NA	NA
AT1G35242.1	152	1	NA	NA	NA	NA	NA	NA	NA	NA	NA
AT3G31950.1	2480	7	NA	NA	NA	NA	NA	NA	NA	NA	NA
AT1G35320.1	1938	4	NA	NA	NA	NA	NA	NA	NA	NA	NA
AT1G35320.2	1938	4	NA	NA	NA	NA	NA	NA	NA	NA	NA
AT1G35320.3	1938	4	NA	NA	NA	NA	NA	NA	NA	NA	NA
AT2G30430.1	236	1	NA	NA	NA	NA	NA	NA	NA	NA	NA
AT4G25380.1	392	1	Zinc finger A20 and AN1 domain-containing stress-associated protein 10	GO:0005737;GO:0005634;GO:0003677;GO:0008270;GO:0070417;GO:0034605;GO:0071472;GO:0010042;GO:0010038;GO:0010045;GO:0010043	May be involved in environmental stress response.	130	99	268.0	8.64e-94	100.000	Arabidopsis thaliana
AT5G34830.1	852	4	NA	NA	NA	NA	NA	NA	NA	NA	NA
AT5G34829.1	218	1	NA	NA	NA	NA	NA	NA	NA	NA	NA
AT1G35375.1	514	2	NA	NA	NA	NA	NA	NA	NA	NA	NA
AT1G35400.1	762	3	NA	NA	NA	NA	NA	NA	NA	NA	NA
AT1G35410.1	780	3	NA	NA	NA	NA	NA	NA	NA	NA	NA
AT4G25510.1	593	2	NA	NA	NA	NA	NA	NA	NA	NA	NA
AT1G35435.1	441	2	Defensin-like protein 275	GO:0005576;GO:0050832;GO:0031640		82	99	170.0	2.52e-56	100.000	Arabidopsis thaliana
AT2G30615.1	572	1	F-box/kelch-repeat protein At2g43445			202	96	120.0	8.06e-33	39.604	Arabidopsis thaliana
AT1G35467.1	269	1	Protein RALF-like 5	GO:0048046;GO:0005179;GO:0019722;GO:0007267;GO:0040008	Cell signaling peptide that may regulate plant stress, growth, and development. Mediates a rapid alkalinization of extracellular space by mediating a transient increase in the cytoplasmic Ca(2+) concentration leading to a calcium-dependent signaling events through a cell surface receptor and a concomitant activation of some intracellular mitogen-activated protein kinases (By similarity).	89	99	185.0	4.3e-62	100.000	Arabidopsis thaliana
AT5G34869.1	815	1	NA	NA	NA	NA	NA	NA	NA	NA	NA
AT1G35500.1	509	2	NA	NA	NA	NA	NA	NA	NA	NA	NA
AT3G32050.1	956	3	NA	NA	NA	NA	NA	NA	NA	NA	NA
AT3G32090.1	965	4	Probable WRKY transcription factor 40	GO:0005634;GO:0003700;GO:0000976;GO:0042742;GO:0050832;GO:0045892;GO:0031347;GO:0002237;GO:0009751;GO:0009611	Transcription factor (By similarity). Interacts specifically with the W box (5'-(T)TGAC[CT]-3'), a frequently occurring elicitor-responsive cis-acting element (By similarity).	58	32	118.0	8.69e-33	93.103	Arabidopsis thaliana
AT5G34828.1	275	1	NA	NA	NA	NA	NA	NA	NA	NA	NA
AT4G25707.1	122	1	NA	NA	NA	NA	NA	NA	NA	NA	NA
AT4G25707.2	122	1	NA	NA	NA	NA	NA	NA	NA	NA	NA
AT1G35537.1	364	2	Defensin-like protein 32	GO:0005576;GO:0050832;GO:0031640		81	99	165.0	2.64e-54	100.000	Arabidopsis thaliana
AT2G30760.1	2451	3	NA	NA	NA	NA	NA	NA	NA	NA	NA
AT2G30766.1	143	1	NA	NA	NA	NA	NA	NA	NA	NA	NA
AT2G30766.2	143	1	NA	NA	NA	NA	NA	NA	NA	NA	NA
AT3G32130.1	686	2	NA	NA	NA	NA	NA	NA	NA	NA	NA
AT2G30810.1	685	4	Gibberellin-regulated protein 12	GO:0005576;GO:0009740	Gibberellin-regulated protein that may function in hormonal controlled steps of development such as seed germination, flowering and seed maturation.	106	99	219.0	8.05e-75	100.000	Arabidopsis thaliana
AT3G32150.1	1198	4	NA	NA	NA	NA	NA	NA	NA	NA	NA
AT3G32160.1	513	2	NA	NA	NA	NA	NA	NA	NA	NA	NA
AT1G35614.1	967	3	NA	NA	NA	NA	NA	NA	NA	NA	NA
AT1G35617.1	365	1	NA	NA	NA	NA	NA	NA	NA	NA	NA
AT2G30925.1	128	1	NA	NA	NA	NA	NA	NA	NA	NA	NA
AT3G32180.1	369	2	NA	NA	NA	NA	NA	NA	NA	NA	NA
AT3G32190.1	1279	4	NA	NA	NA	NA	NA	NA	NA	NA	NA
AT3G32200.1	446	1	NA	NA	NA	NA	NA	NA	NA	NA	NA
AT5G34870.1	2425	6	NA	NA	NA	NA	NA	NA	NA	NA	NA
AT2G31005.1	293	2	NA	NA	NA	NA	NA	NA	NA	NA	NA
AT5G34882.1	347	1	NA	NA	NA	NA	NA	NA	NA	NA	NA
AT2G31018.1	119	1	NA	NA	NA	NA	NA	NA	NA	NA	NA
AT4G26040.1	368	1	NA	NA	NA	NA	NA	NA	NA	NA	NA
AT5G34905.1	347	1	NA	NA	NA	NA	NA	NA	NA	NA	NA
AT5G34908.1	248	1	NA	NA	NA	NA	NA	NA	NA	NA	NA
AT2G31141.1	778	3	NA	NA	NA	NA	NA	NA	NA	NA	NA
AT2G31141.2	522	2	NA	NA	NA	NA	NA	NA	NA	NA	NA
AT3G32330.1	1073	2	Protein CHROMATIN REMODELING 35	GO:0005634;GO:0005721;GO:0090577;GO:0000419;GO:0005524;GO:0003677;GO:0004386;GO:0016787;GO:0071360;GO:0050832;GO:0006346;GO:0040029;GO:0080188;GO:0070828;GO:0035563	Subunit of the chromatin-remodeling complex (DDR complex) that mediates RNA polymerases IV and V (Pol IV and Pol V) recruitment to chromatin (PubMed:19013275, PubMed:22864289). Cooperates with Pol IV and Pol V to regulates RNA- and RNAi- (RNA interference) directed non-CpG de novo DNA methylation on cytosine of genes targeted for silencing and enhancers, also known as siRNA-directed DNA methylation (RdDM), thus leading to epigenetic modification of the genome and promoting/maintaining heterochromatin (PubMed:15120073, PubMed:15924141, PubMed:15947783, PubMed:16724114, PubMed:16741558, PubMed:18425128, PubMed:19204117, PubMed:19825647, PubMed:22647529). In collaboration with Pol V, mediates/maintains, in cis, methylation-associated self-silencing of exogenous transgene transcribing inverted-repeat (exo-IR) silencer (exo-Pdsi) to restrain exo-IR dsRNA accumulation and subsequent inappropriate silencing of active protein-coding genes (e.g. PDS) by exo-IR-derivating 24-nt siRNAs (PubMed:21771120). Also required to mediate loss of CpG methylation when the silencing inducer is withdrawn (PubMed:15947783). Required for the maintenance of retrotransposon large terminal repeats (LTRs) and transposable elements (TE) edges silencing mediated by cytosine methylation (PubMed:16724114, PubMed:23540698). Required for transcriptional repression of specific classes of pericentromeric 180-bp repeats by promoting condensation and histone H3 lysine 9 dimethylation (H3K9me2) at chromocenters (PubMed:19825650). Required for basal resistance against the necrotrophic fungal pathogen Plectosphaerella cucumerina (PubMed:22242006).	362	99	216.0	1.28e-64	36.464	Arabidopsis thaliana
AT1G35820.1	1138	4	NA	NA	NA	NA	NA	NA	NA	NA	NA
AT5G35050.1	629	1	NA	NA	NA	NA	NA	NA	NA	NA	NA
AT3G32380.1	191	1	NA	NA	NA	NA	NA	NA	NA	NA	NA
AT2G31265.1	112	2	NA	NA	NA	NA	NA	NA	NA	NA	NA
AT1G35860.1	2003	8	Protein TOC75-3, chloroplastic	GO:0009507;GO:0009941;GO:0009707;GO:0005829;GO:0000325;GO:0009536;GO:0010006;GO:0061927;GO:0015450;GO:0009658;GO:0048598;GO:0006886;GO:0045037;GO:0045036	Essential protein. Mediates the insertion of proteins targeted to the outer membrane of chloroplasts (By similarity). Required for the import of protein precursors into chloroplasts. Forms the voltage-dependent preprotein translocation channels (hydrophilic beta barrel) of the TOC complex in the chloroplastic outer membrane.	290	89	333.0	2.95e-109	58.966	Arabidopsis thaliana
AT5G35067.1	465	2	NA	NA	NA	NA	NA	NA	NA	NA	NA
AT5G35069.1	182	1	NA	NA	NA	NA	NA	NA	NA	NA	NA
AT1G35880.1	1377	2	NA	NA	NA	NA	NA	NA	NA	NA	NA
AT1G35890.1	653	2	NA	NA	NA	NA	NA	NA	NA	NA	NA
AT4G26483.1	323	2	Nicotianamine synthase	GO:0030410;GO:0030418	Synthesizes nicotianamine, a polyamine that serves as a sensor for the physiological iron status within the plant, and/or might be involved in the transport of iron.	55	65	73.3	1.88e-16	63.636	Solanum lycopersicum
AT1G36000.1	456	2	LOB domain-containing protein 5	GO:0005634;GO:0001216;GO:0006355		122	99	257.0	2.09e-89	100.000	Arabidopsis thaliana
AT3G32896.1	928	3	NA	NA	NA	NA	NA	NA	NA	NA	NA
AT1G36005.1	644	3	Probable receptor-like protein kinase At5g39020	GO:0016020;GO:0005524;GO:0004674;GO:0010038		123	66	215.0	2.15e-66	89.431	Arabidopsis thaliana
AT1G36020.1	421	2	DEAD-box ATP-dependent RNA helicase FANCM	GO:0005634;GO:0043138;GO:0005524;GO:0016887;GO:0000400;GO:0009378;GO:0003724;GO:0000724;GO:0045003;GO:0036297;GO:0051321;GO:0045128	Involved in ordered homologous recombination (HR) events in somatic and meiotic cells (PubMed:22547783). Involved in the suppression of spontaneous HR events in somatic cells (PubMed:22547783, PubMed:24635147). Has an opposite function to the DNA binding cofactor MHF1 which promotes spontaneous HR. Functions in replicative repair independently of MHF1 and in a parallel pathway to the endonuclease MUS81 (PubMed:24635147). Acts in the same pathway as the two DNA-binding cofactors MHF1 and MHF2 to restrain class II meiotic crossover (CO), and acts exclusively with MHF1 and MHF2 during meiosis to repair DNA interstrand cross-links (ICLs) (PubMed:24635147, PubMed:25038251). This common pathway is in parallel to the pathway that involves the RECQ4A helicase (PubMed:24635147). Seems to be involved in the stabilization of recombination intermediates (PubMed:22723424, PubMed:22860689). Involved in DNA double-strand break (DSB) repair during meiosis. Required for synthesis-dependent strand annealing (SDSA) and to a lesser extent for single-strand annealing (SSA) (PubMed:22860689, PubMed:26161528). May process meiotic DSB repair intermediates, possibly D-loops, driving them toward noncrossover (NCO) resolution (PubMed:22723424, PubMed:26161528).	109	83	180.0	6.26e-53	83.486	Arabidopsis thaliana
AT1G36030.1	242	1	F-box protein At2g35280			68	84	111.0	3.53e-32	77.941	Arabidopsis thaliana
AT2G31590.1	1304	3	NA	NA	NA	NA	NA	NA	NA	NA	NA
AT5G35195.1	176	1	NA	NA	NA	NA	NA	NA	NA	NA	NA
AT3G32904.1	1369	4	NA	NA	NA	NA	NA	NA	NA	NA	NA
AT4G26730.1	730	2	NA	NA	NA	NA	NA	NA	NA	NA	NA
AT2G31700.1	1058	3	NA	NA	NA	NA	NA	NA	NA	NA	NA
AT1G36085.1	336	2	NA	NA	NA	NA	NA	NA	NA	NA	NA
AT1G36095.1	1355	3	NA	NA	NA	NA	NA	NA	NA	NA	NA
AT1G36100.1	563	1	Meiosis-specific protein ASY2	GO:0005694;GO:0005634;GO:0007130	Required for normal meiosis.	126	67	57.9	3.02e-09	27.778	Arabidopsis thaliana
AT3G32960.1	738	2	NA	NA	NA	NA	NA	NA	NA	NA	NA
AT4G26880.1	458	1	Stigma-specific STIG1-like protein 1			152	99	312.0	2.3e-110	100.000	Arabidopsis thaliana
AT5G35300.1	632	3	NA	NA	NA	NA	NA	NA	NA	NA	NA
AT2G31957.1	478	2	Defensin-like protein 7	GO:0005576;GO:0006952;GO:0050832;GO:0031640		84	99	164.0	9.62e-54	97.619	Arabidopsis thaliana
AT5G35375.1	649	2	NA	NA	NA	NA	NA	NA	NA	NA	NA
AT2G31981.1	113	1	NA	NA	NA	NA	NA	NA	NA	NA	NA
AT1G36230.1	3066	13	NA	NA	NA	NA	NA	NA	NA	NA	NA
AT1G36272.1	185	1	NA	NA	NA	NA	NA	NA	NA	NA	NA
AT1G36325.1	1341	2	NA	NA	NA	NA	NA	NA	NA	NA	NA
AT5G35475.1	1074	4	NA	NA	NA	NA	NA	NA	NA	NA	NA
AT5G35480.1	116	1	NA	NA	NA	NA	NA	NA	NA	NA	NA
AT5G35480.2	116	1	NA	NA	NA	NA	NA	NA	NA	NA	NA
AT5G35490.1	363	2	NA	NA	NA	NA	NA	NA	NA	NA	NA
AT5G35510.2	1520	2	NA	NA	NA	NA	NA	NA	NA	NA	NA
AT5G35510.1	206	1	NA	NA	NA	NA	NA	NA	NA	NA	NA
AT2G32275.1	278	1	NA	NA	NA	NA	NA	NA	NA	NA	NA
AT4G27415.1	134	1	NA	NA	NA	NA	NA	NA	NA	NA	NA
AT4G27415.2	134	1	NA	NA	NA	NA	NA	NA	NA	NA	NA
AT5G35540.1	856	3	Uncharacterized protein At2g29880			201	77	64.3	5.46e-12	30.846	Arabidopsis thaliana
AT4G27565.1	759	3	NA	NA	NA	NA	NA	NA	NA	NA	NA
AT5G35603.2	1033	4	NA	NA	NA	NA	NA	NA	NA	NA	NA
AT5G35603.3	1033	3	NA	NA	NA	NA	NA	NA	NA	NA	NA
AT5G35603.1	424	2	NA	NA	NA	NA	NA	NA	NA	NA	NA
AT2G32470.1	866	1	F-box protein At1g30790	GO:0005737		285	91	110.0	6.17e-28	29.825	Arabidopsis thaliana
AT5G35604.1	1140	4	NA	NA	NA	NA	NA	NA	NA	NA	NA
AT4G27657.1	188	1	NA	NA	NA	NA	NA	NA	NA	NA	NA
AT1G36580.1	1686	5	Peroxisomal 2,4-dienoyl-CoA reductase [(3E)-enoyl-CoA-producing]	GO:0005777;GO:0000325;GO:0008670;GO:0016628;GO:0009062;GO:0006631	Auxiliary enzyme of beta-oxidation. Participates in the degradation of unsaturated fatty enoyl-CoA esters having double bonds in both even- and odd-numbered positions in peroxisome. Catalyzes the NADP-dependent reduction of 2,4-dienoyl-CoA to yield trans-3-enoyl-CoA (By similarity).	65	33	118.0	1.97e-32	87.692	Arabidopsis thaliana
AT1G36623.1	266	3	NA	NA	NA	NA	NA	NA	NA	NA	NA
AT1G36627.1	311	2	Serine/threonine-protein kinase AFC3	GO:0005634;GO:0005524;GO:0106310;GO:0004674;GO:0004712;GO:0004713;GO:0043484		54	96	79.8	6.56e-19	70.370	Arabidopsis thaliana
AT1G36640.1	407	2	Serine rich endogenous peptide 20	GO:0048046;GO:0005886;GO:0030275;GO:0033612	Brassicaceae-specific phytocytokine (plant endogenous peptide released into the apoplast) perceived by MIK2 in a BAK1/SERK3 and SERK4 coreceptors-dependent manner, that modulates various physiological and antimicrobial processes including growth prevention and reactive oxygen species (ROS) response regulation (PubMed:34535661). Inhibits root growth (PubMed:34535661).	75	99	129.0	2.41e-40	100.000	Arabidopsis thaliana
AT1G36675.1	1922	5	NA	NA	NA	NA	NA	NA	NA	NA	NA
AT5G35695.1	821	3	NA	NA	NA	NA	NA	NA	NA	NA	NA
AT5G35698.1	233	1	NA	NA	NA	NA	NA	NA	NA	NA	NA
AT2G32785.1	215	1	NA	NA	NA	NA	NA	NA	NA	NA	NA
AT5G35737.1	371	1	Uncharacterized protein At4g02000			38	31	61.5	1.27e-11	65.789	Arabidopsis thaliana
AT1G36745.1	542	4	NA	NA	NA	NA	NA	NA	NA	NA	NA
AT1G36756.1	485	2	NA	NA	NA	NA	NA	NA	NA	NA	NA
AT5G35760.1	674	2	NA	NA	NA	NA	NA	NA	NA	NA	NA
AT2G32885.1	218	1	Protein RALF-like 36	GO:0005576;GO:0005179;GO:0019722;GO:0040008	Cell signaling peptide that may regulate plant stress, growth, and development. Mediates a rapid alkalinization of extracellular space by mediating a transient increase in the cytoplasmic Ca(2+) concentration leading to a calcium-dependent signaling events through a cell surface receptor and a concomitant activation of some intracellular mitogen-activated protein kinases (By similarity).	72	99	146.0	3.88e-47	100.000	Arabidopsis thaliana
AT1G36942.1	194	1	NA	NA	NA	NA	NA	NA	NA	NA	NA
AT1G36960.1	712	2	Uncharacterized protein At4g02000			67	37	72.2	5.37e-15	53.731	Arabidopsis thaliana
AT1G36970.1	1971	6	NA	NA	NA	NA	NA	NA	NA	NA	NA
AT3G33187.1	705	2	Putative defensin-like protein 315	GO:0050832;GO:0031640		88	99	174.0	7.82e-58	100.000	Arabidopsis thaliana
AT1G37000.1	1107	3	NA	NA	NA	NA	NA	NA	NA	NA	NA
AT3G33293.1	566	2	NA	NA	NA	NA	NA	NA	NA	NA	NA
AT3G33393.1	436	2	NA	NA	NA	NA	NA	NA	NA	NA	NA
AT3G33494.1	998	4	NA	NA	NA	NA	NA	NA	NA	NA	NA
AT5G35913.1	246	2	NA	NA	NA	NA	NA	NA	NA	NA	NA
AT1G37010.1	309	2	Gamma-tubulin complex component 3	GO:0005938;GO:0055028;GO:0005737;GO:0009898;GO:0000930;GO:0005874;GO:0005635;GO:0005819;GO:0000922;GO:0043015;GO:0015631;GO:0031122;GO:0051321;GO:0007020;GO:0000278;GO:0090063;GO:0009624;GO:0051225	Gamma-tubulin complex is essential for the control of microtubular network remodeling in the course of initiation and development of giant-feeding cells, and for the successful reproduction of nematodes (e.g. Meloidogyne spp.) in their plant hosts.	49	56	75.6	1.18e-16	85.714	Arabidopsis thaliana
AT4G28395.1	737	3	Protein ARABIDOPSIS THALIANA ANTHER 7	GO:0005788;GO:0008289;GO:0005319;GO:0048235		140	77	293.0	1.02e-102	100.000	Arabidopsis thaliana
AT1G37020.1	3007	8	NA	NA	NA	NA	NA	NA	NA	NA	NA
AT2G33175.1	563	1	NA	NA	NA	NA	NA	NA	NA	NA	NA
AT5G35927.1	230	1	NA	NA	NA	NA	NA	NA	NA	NA	NA
AT3G33528.1	573	3	NA	NA	NA	NA	NA	NA	NA	NA	NA
AT3G33528.2	573	3	NA	NA	NA	NA	NA	NA	NA	NA	NA
AT3G33528.3	573	3	NA	NA	NA	NA	NA	NA	NA	NA	NA
AT3G33528.4	573	3	NA	NA	NA	NA	NA	NA	NA	NA	NA
AT3G33528.5	573	3	NA	NA	NA	NA	NA	NA	NA	NA	NA
AT1G37113.1	1832	3	Genome polyprotein	GO:0004190;GO:0003677;GO:0003887;GO:0004519;GO:0003964;GO:0008270;GO:0006508;GO:0046740	Encodes presumably for at least four polypeptides: Movement protein (MP), capsid protein (CP), Protease (PR), and reverse transcriptase (RT).	173	40	59.8	1.69e-08	27.746	Petunia vein clearing virus (isolate Hohn)
AT5G36001.1	1093	2	Putative RING-H2 finger protein ATL21A	GO:0016020;GO:0030247;GO:0061630;GO:0008270;GO:0016567		378	98	228.0	3.34e-73	44.709	Arabidopsis thaliana
AT5G36001.2	665	1	Putative RING-H2 finger protein ATL21A	GO:0016020;GO:0030247;GO:0061630;GO:0008270;GO:0016567		236	97	193.0	9.02e-61	52.119	Arabidopsis thaliana
AT5G36080.1	854	2	NA	NA	NA	NA	NA	NA	NA	NA	NA
AT3G41762.1	632	2	NA	NA	NA	NA	NA	NA	NA	NA	NA
AT5G36190.1	437	1	Putative F-box protein At5g36200	GO:0009506		99	67	112.0	9.64e-30	60.606	Arabidopsis thaliana
AT2G33705.1	209	1	Putative F-box protein At2g33705			69	99	143.0	7.01e-46	100.000	Arabidopsis thaliana
AT5G36225.1	765	2	Uncharacterized protein At4g02000			99	42	67.4	8.66e-13	32.323	Arabidopsis thaliana
AT3G42130.1	642	2	NA	NA	NA	NA	NA	NA	NA	NA	NA
AT3G42075.2	713	3	NA	NA	NA	NA	NA	NA	NA	NA	NA
AT3G42075.1	862	4	NA	NA	NA	NA	NA	NA	NA	NA	NA
AT5G36280.1	227	1	Acyl carrier protein 2, mitochondrial	GO:0005829;GO:0005759;GO:0005739;GO:0005634;GO:0045271;GO:0000035;GO:0000036;GO:0050897;GO:0046872;GO:0006120;GO:1902600	Carrier of the growing fatty acid chain in fatty acid biosynthesis (By similarity). May be involved in the synthesis of short and medium chain fatty acids. Accessory and non-catalytic subunit of the mitochondrial membrane respiratory chain NADH dehydrogenase (Complex I), which functions in the transfer of electrons from NADH to the respiratory chain (By similarity).	70	91	84.3	4.28e-22	62.857	Arabidopsis thaliana
AT2G33796.1	543	2	Putative F-box/LRR-repeat protein At5g25860	GO:0005773		82	75	125.0	2.13e-35	73.171	Arabidopsis thaliana
AT3G42140.1	958	3	Uncharacterized protein At4g02000			133	36	62.4	1.35e-10	25.564	Arabidopsis thaliana
AT3G42148.1	107	1	NA	NA	NA	NA	NA	NA	NA	NA	NA
AT4G29033.1	412	2	Putative defensin-like protein 31	GO:0005576;GO:0006952;GO:0050832;GO:0031640		81	99	166.0	1.18e-54	100.000	Arabidopsis thaliana
AT3G42160.1	1051	3	Probable pectinesterase 56	GO:0030599;GO:0046910;GO:0042545;GO:0045490	Acts in the modification of cell walls via demethylesterification of cell wall pectin.	32	21	62.4	1e-11	81.250	Arabidopsis thaliana
AT4G29103.1	212	1	NA	NA	NA	NA	NA	NA	NA	NA	NA
AT4G29200.1	2144	2	NA	NA	NA	NA	NA	NA	NA	NA	NA
AT2G34120.1	212	1	NA	NA	NA	NA	NA	NA	NA	NA	NA
AT2G34123.1	502	2	Putative defensin-like protein 52	GO:0005576;GO:0050832;GO:0031640		81	99	167.0	3.39e-55	100.000	Arabidopsis thaliana
AT5G36720.1	263	1	NA	NA	NA	NA	NA	NA	NA	NA	NA
AT4G29285.1	560	2	Defensin-like protein 163	GO:0005576;GO:0050832;GO:0031640		76	99	156.0	5.79e-51	100.000	Arabidopsis thaliana
AT2G34186.1	95	1	NA	NA	NA	NA	NA	NA	NA	NA	NA
AT2G34224.1	170	1	NA	NA	NA	NA	NA	NA	NA	NA	NA
AT2G34224.2	213	2	NA	NA	NA	NA	NA	NA	NA	NA	NA
AT2G34238.1	158	1	NA	NA	NA	NA	NA	NA	NA	NA	NA
AT3G42310.1	1679	3	NA	NA	NA	NA	NA	NA	NA	NA	NA
AT5G36805.1	263	1	NA	NA	NA	NA	NA	NA	NA	NA	NA
AT4G29548.1	215	1	NA	NA	NA	NA	NA	NA	NA	NA	NA
AT3G42390.1	446	2	NA	NA	NA	NA	NA	NA	NA	NA	NA
AT1G38790.1	1251	6	NA	NA	NA	NA	NA	NA	NA	NA	NA
AT5G36900.1	1279	3	NA	NA	NA	NA	NA	NA	NA	NA	NA
AT5G36907.1	359	2	Serine rich endogenous peptide 16	GO:0048046;GO:0005886;GO:0030275;GO:0033612;GO:1903409	Brassicaceae-specific phytocytokine (plant endogenous peptide released into the apoplast) perceived by MIK2 in a BAK1/SERK3 and SERK4 coreceptors-dependent manner, that modulates various physiological and antimicrobial processes including growth prevention and reactive oxygen species (ROS) response regulation.	74	99	139.0	2.37e-44	100.000	Arabidopsis thaliana
AT2G34655.1	68	1	NA	NA	NA	NA	NA	NA	NA	NA	NA
AT3G42473.1	724	2	Defensin-like protein 91	GO:0005576;GO:0050832;GO:0031640		77	99	157.0	2.53e-51	100.000	Arabidopsis thaliana
AT4G29905.1	203	1	NA	NA	NA	NA	NA	NA	NA	NA	NA
AT3G42565.1	359	1	NA	NA	NA	NA	NA	NA	NA	NA	NA
AT2G34825.1	218	1	Protein RALF-like 20	GO:0048046;GO:0005179;GO:0019722;GO:0007267;GO:0040008	Cell signaling peptide that may regulate plant stress, growth, and development. Mediates a rapid alkalinization of extracellular space by mediating a transient increase in the cytoplasmic Ca(2+) concentration leading to a calcium-dependent signaling events through a cell surface receptor and a concomitant activation of some intracellular mitogen-activated protein kinases (By similarity).	72	99	148.0	9.72e-48	100.000	Arabidopsis thaliana
AT1G39060.1	2087	6	NA	NA	NA	NA	NA	NA	NA	NA	NA
AT4G30097.1	143	1	NA	NA	NA	NA	NA	NA	NA	NA	NA
AT3G42628.1	137	1	Phosphoenolpyruvate carboxylase 2	GO:0048046;GO:0009507;GO:0005829;GO:0009506;GO:0008964;GO:0015977;GO:0048366;GO:0015979;GO:0006099	Through the carboxylation of phosphoenolpyruvate (PEP) it forms oxaloacetate, a four-carbon dicarboxylic acid source for the tricarboxylic acid cycle.	45	98	88.5	1.02e-21	97.778	Arabidopsis thaliana
AT1G39070.1	12458	57	NA	NA	NA	NA	NA	NA	NA	NA	NA
AT2G34925.1	266	1	CLAVATA3/ESR (CLE)-related protein 42	GO:0048046;GO:0033612;GO:0090506;GO:0051301;GO:0045168;GO:0010087;GO:0010223;GO:0010089	CLE42p  Extracellular signal peptide that regulates cell fate. Represses tracheary element differentiation but promotes the formation of procambial cells.	88	99	183.0	3.85e-61	100.000	Arabidopsis thaliana
AT5G37240.1	1696	8	NA	NA	NA	NA	NA	NA	NA	NA	NA
AT5G37240.4	1696	8	NA	NA	NA	NA	NA	NA	NA	NA	NA
AT5G37240.5	1554	7	NA	NA	NA	NA	NA	NA	NA	NA	NA
AT5G37240.2	1361	6	NA	NA	NA	NA	NA	NA	NA	NA	NA
AT5G37240.3	1361	6	NA	NA	NA	NA	NA	NA	NA	NA	NA
AT5G37247.1	603	4	NA	NA	NA	NA	NA	NA	NA	NA	NA
AT2G35075.1	2065	10	NA	NA	NA	NA	NA	NA	NA	NA	NA
AT3G42723.1	2797	4	NA	NA	NA	NA	NA	NA	NA	NA	NA
AT2G35280.1	491	1	F-box protein At2g35280			163	99	337.0	4.93e-120	100.000	Arabidopsis thaliana
AT5G37473.1	317	2	Putative defensin-like protein 277	GO:0005576;GO:0050832;GO:0031640		73	99	150.0	1.86e-48	100.000	Arabidopsis thaliana
AT2G35343.1	26	1	NA	NA	NA	NA	NA	NA	NA	NA	NA
AT3G29794.1	1205	1	Zinc finger MYM-type protein 1	GO:0005634;GO:0046983;GO:0008270		382	93	103.0	2e-23	24.607	Homo sapiens
AT1G40083.1	632	2	NA	NA	NA	NA	NA	NA	NA	NA	NA
AT1G40086.1	2082	7	NA	NA	NA	NA	NA	NA	NA	NA	NA
AT5G37610.1	491	1	Putative mitochondrial outer membrane protein porin-like	GO:0005741;GO:0008308		163	99	334.0	1.3e-118	100.000	Arabidopsis thaliana
AT3G42870.1	1823	4	NA	NA	NA	NA	NA	NA	NA	NA	NA
AT4G30740.1	275	1	AUGMIN subunit 8	GO:0005737;GO:0005880;GO:0008017;GO:0051301;GO:0051225	Contributes to the assembly of the acentrosomal spindle and phragmoplast microtubule arrays as part of the augmin complex.	91	99	174.0	4.67e-53	97.802	Arabidopsis thaliana
AT5G37760.1	1051	4	Chaperone protein DnaJ	GO:0005737;GO:0005524;GO:0031072;GO:0051082;GO:0008270;GO:0006260;GO:0042026;GO:0009408	Participates actively in the response to hyperosmotic and heat shock by preventing the aggregation of stress-denatured proteins and by disaggregating proteins, also in an autonomous, DnaK-independent fashion. Unfolded proteins bind initially to DnaJ; upon interaction with the DnaJ-bound protein, DnaK hydrolyzes its bound ATP, resulting in the formation of a stable complex. GrpE releases ADP from DnaK; ATP binding to DnaK triggers the release of the substrate protein, thus completing the reaction cycle. Several rounds of ATP-dependent interactions between DnaJ, DnaK and GrpE are required for fully efficient folding. Also involved, together with DnaK and GrpE, in the DNA replication of plasmids through activation of initiation proteins.	67	32	59.0	9.54e-10	47.761	Paraburkholderia phytofirmans (strain DSM 17436 / LMG 22146 / PsJN)
AT1G40090.1	972	3	NA	NA	NA	NA	NA	NA	NA	NA	NA
AT2G35733.1	191	1	NA	NA	NA	NA	NA	NA	NA	NA	NA
AT2G35750.1	185	1	NA	NA	NA	NA	NA	NA	NA	NA	NA
AT3G42990.1	798	2	NA	NA	NA	NA	NA	NA	NA	NA	NA
AT3G42995.1	98	1	NA	NA	NA	NA	NA	NA	NA	NA	NA
AT4G30970.1	5322	4	NA	NA	NA	NA	NA	NA	NA	NA	NA
AT3G43083.1	1381	2	Putative defensin-like protein 133	GO:0005576;GO:0050832;GO:0031640		78	99	156.0	8.55e-51	100.000	Arabidopsis thaliana
AT1G40104.1	3941	22	NA	NA	NA	NA	NA	NA	NA	NA	NA
AT4G31030.1	382	2	NA	NA	NA	NA	NA	NA	NA	NA	NA
AT4G31073.1	529	2	NA	NA	NA	NA	NA	NA	NA	NA	NA
AT5G37960.1	398	2	NADPH-dependent oxidoreductase 2-alkenal reductase	GO:0005829;GO:0005654;GO:0005634;GO:0009536;GO:0035798;GO:0032440;GO:0006979	Involved in the detoxification of reactive carbonyls (PubMed:10848984, PubMed:12514241, PubMed:16299173). Acts on lipid peroxide-derived reactive aldehydes (PubMed:12514241). Specific to a double bond activated by an adjacent carbonyl group (PubMed:12514241). Can use both quinones and diamide as substrates, but not menadione, ferricyanide or phylloquinone (PubMed:10848984). Can use 4-hydroxy-(2E)-nonenal (HNE), 4-hydroxy-(2E)-hexenal (HHE), (2E)-nonenal, (2E)-hexenal, (2E)-pentenal, propenal (acrolein), 3-buten-2-one and 3-penten-2-one, but not (R)-(-)-carvone, n-nonanal, n-hexanal, (3Z)-hexanal, cyclohex-2-en-1-one or 12-oxo phytodienoic acid (OPDA) as electron acceptors (PubMed:12514241). Catalyzes the reduction of the alpha,beta-unsaturated bond of 2-alkenals, of lipid peroxide-derived oxenes 9-oxo-10(E),12(Z)-octadecadienoic acid (9-KODE) and 13-oxo-9(Z),11(E)-octadecadienoic acid (13-KODE), as well as 4-oxo-(2E)-nonenal and 4-hydroxynonenal (PubMed:16299173). Can use 12-oxo-10(E) dodecanoate (traumatin), trans-1,3 diphenyl-2-propenone, trans-1,4-diphenyl-2-butene-1,4-dione, 9-oxo-12,13-epoxy-(10E)-octadecenoic acid (trans-EKODE-1b) and 9,13-dihydroxy-10-oxo-11-octadecenoic acid as substrates (PubMed:26678323). Catalyzes the reduction of the 7-8 double bond of phenylpropanal substrates, such as p-coumaryl aldehyde and coniferyl aldehyde (in vitro) (PubMed:17028190). Has activity towards toxic substrates, such as 4-hydroxy-(2E)-nonenal (in vitro) (PubMed:17028190). May play a distinct role in plant antioxidant defense and is possibly involved in NAD(P)/NAD(P)H homeostasis (PubMed:17028190).	75	69	80.9	6.4e-19	57.333	Arabidopsis thaliana
AT3G43148.1	3128	9	Meiosis-specific protein ASY2	GO:0005694;GO:0005634;GO:0007130	Required for normal meiosis.	88	13	65.5	1.01e-09	31.818	Arabidopsis thaliana
AT3G43150.1	650	2	NA	NA	NA	NA	NA	NA	NA	NA	NA
AT3G43153.1	812	5	NA	NA	NA	NA	NA	NA	NA	NA	NA
AT4G31196.1	242	2	Xanthine dehydrogenase	GO:0051537;GO:0071949;GO:0005506;GO:0016491;GO:0004854	Key enzyme involved in purine catabolism. Catalyzes the oxidation of hypoxanthine to xanthine and the oxidation of xanthine to urate.	38	70	51.7	8.53e-09	68.421	Oryza sativa subsp. japonica
AT3G43160.1	1664	6	NA	NA	NA	NA	NA	NA	NA	NA	NA
AT3G43170.1	606	3	NA	NA	NA	NA	NA	NA	NA	NA	NA
AT3G43180.1	894	3	E3 ubiquitin-protein ligase RSL1	GO:0005737;GO:0009705;GO:0005886;GO:0000151;GO:0003676;GO:0004523;GO:0031624;GO:0061630;GO:0008270;GO:0009738;GO:0140547;GO:0009740;GO:0010476;GO:0009788;GO:0000209;GO:0010431;GO:0006511	Acts as an E3 ubiquitin-protein ligase, or as part of E3 complex, which accepts ubiquitin from specific E2 ubiquitin-conjugating enzymes and then transfers it to substrates (PubMed:24388521). Negative regulator of the abscisic acid (ABA) signaling pathway which targets PYL4 and PYR1 ABA receptors in plasma membrane to promote their FREE1/FYVE1-dependent trafficking and degradation upon ubiquitynation; this process involves clathrin-mediated endocytosis and trafficking through the ESCRT pathway (PubMed:25330042, PubMed:27495812). Involved in the maintenance of seed longevity (PubMed:24388521). May enhance gibberellins responses (PubMed:24388521).	110	56	93.3	2.27e-22	50.909	Arabidopsis thaliana
AT4G31260.1	194	1	NA	NA	NA	NA	NA	NA	NA	NA	NA
AT4G31280.1	204	2	NA	NA	NA	NA	NA	NA	NA	NA	NA
AT4G31351.1	197	1	NA	NA	NA	NA	NA	NA	NA	NA	NA
AT4G31354.1	197	1	NA	NA	NA	NA	NA	NA	NA	NA	NA
AT4G31354.2	197	1	NA	NA	NA	NA	NA	NA	NA	NA	NA
AT4G31354.3	197	1	NA	NA	NA	NA	NA	NA	NA	NA	NA
AT3G43260.1	2269	6	Deoxyhypusine hydroxylase	GO:0019135;GO:0046872;GO:0016491;GO:0008612	Catalyzes the hydroxylation of the N(6)-(4-aminobutyl)-L-lysine intermediate to form hypusine, an essential post-translational modification only found in mature eIF-5A factor.	62	23	56.4	1.48e-08	43.548	Arabidopsis thaliana
AT4G31355.1	125	1	NA	NA	NA	NA	NA	NA	NA	NA	NA
AT5G38160.1	311	1	Probable non-specific lipid-transfer protein AKCS9	GO:0008289;GO:0006869	Potential lipid transfer protein.	68	65	83.7	8.31e-22	55.882	Vigna unguiculata
AT3G43280.1	473	1	NA	NA	NA	NA	NA	NA	NA	NA	NA
AT5G38180.1	287	1	Probable non-specific lipid-transfer protein AKCS9	GO:0008289;GO:0006869	Potential lipid transfer protein.	70	73	66.9	2.63e-15	44.286	Vigna unguiculata
AT3G43290.1	547	3	NA	NA	NA	NA	NA	NA	NA	NA	NA
AT3G43291.1	164	1	NA	NA	NA	NA	NA	NA	NA	NA	NA
AT5G38190.1	3718	7	Meiosis-specific protein ASY2	GO:0005694;GO:0005634;GO:0007130	Required for normal meiosis.	158	16	80.1	5.09e-14	31.646	Arabidopsis thaliana
AT4G31405.1	1494	3	NA	NA	NA	NA	NA	NA	NA	NA	NA
AT4G31405.2	370	2	NA	NA	NA	NA	NA	NA	NA	NA	NA
AT1G40129.1	3483	7	NA	NA	NA	NA	NA	NA	NA	NA	NA
AT5G38195.1	287	1	Probable non-specific lipid-transfer protein AKCS9	GO:0008289;GO:0006869	Potential lipid transfer protein.	67	70	75.9	8.16e-19	50.746	Vigna unguiculata
AT5G38197.1	290	1	Probable non-specific lipid-transfer protein AKCS9	GO:0008289;GO:0006869	Potential lipid transfer protein.	65	67	61.5	4.08e-13	43.077	Vigna unguiculata
AT4G31441.1	122	1	NA	NA	NA	NA	NA	NA	NA	NA	NA
AT3G43410.1	605	2	Putative F-box protein At1g67390			161	98	115.0	2.75e-31	44.720	Arabidopsis thaliana
AT3G43415.1	497	2	Putative F-box protein At1g67390			67	54	95.8	8.23e-24	70.149	Arabidopsis thaliana
AT5G38378.1	263	1	NA	NA	NA	NA	NA	NA	NA	NA	NA
AT3G43420.1	206	1	NA	NA	NA	NA	NA	NA	NA	NA	NA
AT4G31715.1	387	3	NA	NA	NA	NA	NA	NA	NA	NA	NA
AT3G43432.1	221	1	NA	NA	NA	NA	NA	NA	NA	NA	NA
AT3G43470.1	1713	3	NA	NA	NA	NA	NA	NA	NA	NA	NA
AT3G43480.1	485	1	NA	NA	NA	NA	NA	NA	NA	NA	NA
AT3G43500.1	461	1	NA	NA	NA	NA	NA	NA	NA	NA	NA
AT3G43503.1	293	2	NA	NA	NA	NA	NA	NA	NA	NA	NA
AT1G40390.1	2098	3	NA	NA	NA	NA	NA	NA	NA	NA	NA
AT2G36815.1	507	2	Splicing factor Cactin	GO:0005737;GO:0016607;GO:0005634;GO:0005681;GO:0009793;GO:0045292;GO:0000398	Plays a role in pre-mRNA splicing by facilitating excision of a subset of introns (By similarity). Required for embryogenesis (PubMed:23454656).	98	79	118.0	1.52e-31	68.367	Arabidopsis thaliana
AT2G36815.2	435	2	Splicing factor Cactin	GO:0005737;GO:0016607;GO:0005634;GO:0005681;GO:0009793;GO:0045292;GO:0000398	Plays a role in pre-mRNA splicing by facilitating excision of a subset of introns (By similarity). Required for embryogenesis (PubMed:23454656).	97	82	119.0	4.65e-32	69.072	Arabidopsis thaliana
AT4G31960.1	359	1	NA	NA	NA	NA	NA	NA	NA	NA	NA
AT2G36854.1	185	1	NA	NA	NA	NA	NA	NA	NA	NA	NA
AT3G43572.1	212	1	NA	NA	NA	NA	NA	NA	NA	NA	NA
AT3G43574.1	209	1	NA	NA	NA	NA	NA	NA	NA	NA	NA
AT3G43580.1	614	1	NA	NA	NA	NA	NA	NA	NA	NA	NA
AT3G43583.1	302	1	NA	NA	NA	NA	NA	NA	NA	NA	NA
AT5G38743.1	497	2	NA	NA	NA	NA	NA	NA	NA	NA	NA
AT5G38747.1	2466	7	Endoribonuclease YBEY, chloroplastic	GO:0009507;GO:0009570;GO:0046872;GO:0004222;GO:0004521;GO:0009658;GO:1901259	Endoribonuclease required for chloroplast ribosomal RNA (rRNA) processing and essential for normal growth and development. May be involved in maturation of both the 5' and 3' ends of 16S, 23S, and 4.5S rRNAs. Cleaves chloroplast rRNAs, mRNAs and tRNAs in vitro.	59	36	73.6	3.57e-15	72.881	Arabidopsis thaliana
AT5G38750.1	530	3	Asparagine--tRNA ligase, cytoplasmic 1	GO:0009507;GO:0005829;GO:0005739;GO:0009536;GO:0004816;GO:0005524;GO:0003677;GO:0006421;GO:0009793		164	91	97.8	4.86e-24	42.683	Arabidopsis thaliana
AT4G32208.1	897	2	Heat shock 70 kDa protein 10, mitochondrial	GO:0005737;GO:0005829;GO:0005759;GO:0005739;GO:0009505;GO:0000325;GO:0005886;GO:0005524;GO:0016887;GO:0140662;GO:0031072;GO:0044183;GO:0051082;GO:0016226;GO:0006457;GO:0042026;GO:0009408;GO:0009615	Chaperone involved in the maturation of iron-sulfur [Fe-S] cluster-containing proteins. Has a low intrinsic ATPase activity which is markedly stimulated by HSCB and ISU1 (By similarity). In cooperation with other chaperones, Hsp70s are key components that facilitate folding of de novo synthesized proteins, assist translocation of precursor proteins into organelles, and are responsible for degradation of damaged protein under stress conditions (Probable).	111	72	171.0	5.11e-51	95.495	Arabidopsis thaliana
AT3G43645.1	367	3	NA	NA	NA	NA	NA	NA	NA	NA	NA
AT5G38920.1	720	2	NA	NA	NA	NA	NA	NA	NA	NA	NA
AT1G41820.1	2720	5	NA	NA	NA	NA	NA	NA	NA	NA	NA
AT3G43682.1	837	3	NA	NA	NA	NA	NA	NA	NA	NA	NA
AT5G38950.1	357	2	Germin-like protein subfamily 1 member 11	GO:0048046;GO:0009505;GO:0030145	May play a role in plant defense. Probably has no oxalate oxidase activity even if the active site is conserved.	73	70	112.0	7.51e-32	73.973	Arabidopsis thaliana
AT2G37140.1	466	2	Terpenoid synthase 1	GO:0005737;GO:0009975;GO:0000287;GO:0010333;GO:0016102;GO:0051762;GO:0046246		107	94	116.0	3.87e-31	52.336	Arabidopsis thaliana
AT5G39024.1	95	1	NA	NA	NA	NA	NA	NA	NA	NA	NA
AT1G41920.1	3509	5	Zinc finger MYM-type protein 1	GO:0005634;GO:0046983;GO:0008270		380	74	120.0	3.28e-28	26.579	Homo sapiens
AT3G43837.1	1205	5	NA	NA	NA	NA	NA	NA	NA	NA	NA
AT3G43840.1	503	3	Polyprenal reductase 2	GO:0005783;GO:0005789;GO:0005794;GO:0160198;GO:0102389;GO:0006488;GO:0006629;GO:0018279	Plays a key role in early steps of protein N-linked glycosylation by being involved in the conversion of polyprenol into dolichol (PubMed:26628744). Acts as a polyprenal reductase that mediates the reduction of polyprenal into dolichal in a NADP-dependent mechanism (By similarity). Dolichols are required for the synthesis of dolichol-linked monosaccharides and the oligosaccharide precursor used for N-glycosylation (PubMed:26628744). Involved in the regulation of plant growth and reproductive processes (PubMed:26628744).	47	55	94.4	2.57e-24	87.234	Arabidopsis thaliana
AT3G43840.2	503	3	Polyprenal reductase 2	GO:0005783;GO:0005789;GO:0005794;GO:0160198;GO:0102389;GO:0006488;GO:0006629;GO:0018279	Plays a key role in early steps of protein N-linked glycosylation by being involved in the conversion of polyprenol into dolichol (PubMed:26628744). Acts as a polyprenal reductase that mediates the reduction of polyprenal into dolichal in a NADP-dependent mechanism (By similarity). Dolichols are required for the synthesis of dolichol-linked monosaccharides and the oligosaccharide precursor used for N-glycosylation (PubMed:26628744). Involved in the regulation of plant growth and reproductive processes (PubMed:26628744).	47	55	94.4	2.57e-24	87.234	Arabidopsis thaliana
AT1G42080.1	455	1	NA	NA	NA	NA	NA	NA	NA	NA	NA
AT3G43870.1	974	4	NA	NA	NA	NA	NA	NA	NA	NA	NA
AT3G43880.1	443	2	NA	NA	NA	NA	NA	NA	NA	NA	NA
AT3G43890.1	1985	1	Protein VACUOLELESS GAMETOPHYTES	GO:0005771;GO:0008270;GO:0009561;GO:0055046;GO:0009617;GO:0002237;GO:0002238;GO:0002240	Essential for development of both female (megagametogenesis) and male (microgametogenesis) gametophytes by promoting the formation of large vacuoles early in development, maybe via the regulation of vesicular fusion.	123	18	60.1	3.68e-09	31.707	Arabidopsis thaliana
AT5G39365.1	585	2	Putative defensin-like protein 40	GO:0005576;GO:0050832;GO:0031640		89	99	180.0	7.08e-60	100.000	Arabidopsis thaliana
AT1G42190.1	194	1	NA	NA	NA	NA	NA	NA	NA	NA	NA
AT3G43940.1	1106	6	Putative ribonuclease H protein At1g65750	GO:0046872;GO:0003676;GO:0004523		42	21	60.7	3.59e-10	54.762	Arabidopsis thaliana
AT3G43950.1	653	1	Phosphatidylinositol 4-kinase gamma 2	GO:0005737;GO:0016020;GO:0005634;GO:0000325;GO:0004430;GO:0005524;GO:0034051;GO:0050821;GO:0009651;GO:0048364	The phosphorylation of phosphatidylinositol (PI) to PI4P is the first committed step in the generation of phosphatidylinositol 4,5-bisphosphate (PIP2), a precursor of the second messenger inositol 1,4,5-trisphosphate (InsP3).	141	60	67.4	2.14e-12	34.043	Arabidopsis thaliana
AT3G43970.1	549	2	NA	NA	NA	NA	NA	NA	NA	NA	NA
AT3G43970.2	549	2	NA	NA	NA	NA	NA	NA	NA	NA	NA
AT4G32714.1	495	2	Putative defensin-like protein 231	GO:0005576;GO:0050832;GO:0031640;GO:0007165		87	99	176.0	1.81e-58	100.000	Arabidopsis thaliana
AT4G32717.1	504	2	Putative defensin-like protein 230	GO:0005576;GO:0050832;GO:0031640;GO:0007165		89	99	185.0	4.62e-62	100.000	Arabidopsis thaliana
AT5G39470.1	1110	4	Putative F-box protein At5g39470			170	99	348.0	4.24e-124	100.000	Arabidopsis thaliana
AT3G44006.1	179	1	NA	NA	NA	NA	NA	NA	NA	NA	NA
AT3G44070.1	911	2	NA	NA	NA	NA	NA	NA	NA	NA	NA
AT3G44070.2	1301	2	NA	NA	NA	NA	NA	NA	NA	NA	NA
AT5G39540.1	677	2	Putative F-box protein At1g50870			80	40	150.0	2.06e-44	88.750	Arabidopsis thaliana
AT2G37910.1	698	1	Cell division control protein 48 homolog C	GO:0005634;GO:0009524;GO:0005524;GO:0016887;GO:1990275;GO:0051301;GO:0015031;GO:0042254	Probably functions in cell division and growth processes. Interacts with certain SNAREs as part of specialized membrane fusion events where vesicles from the same organelle fuse (homotypic fusion) (By similarity).	208	63	49.7	3.94e-06	32.692	Arabidopsis thaliana
AT3G44140.1	303	2	NA	NA	NA	NA	NA	NA	NA	NA	NA
AT3G44210.1	1062	5	NA	NA	NA	NA	NA	NA	NA	NA	NA
AT5G39775.1	601	2	NA	NA	NA	NA	NA	NA	NA	NA	NA
AT3G44235.1	679	2	NA	NA	NA	NA	NA	NA	NA	NA	NA
AT3G44261.1	128	1	NA	NA	NA	NA	NA	NA	NA	NA	NA
AT3G44265.1	1091	1	NA	NA	NA	NA	NA	NA	NA	NA	NA
AT1G42525.1	1858	7	NA	NA	NA	NA	NA	NA	NA	NA	NA
AT1G42525.2	1858	7	NA	NA	NA	NA	NA	NA	NA	NA	NA
AT4G33290.1	1292	1	F-box/kelch-repeat protein At4g33290			430	99	897.0	0.0	100.000	Arabidopsis thaliana
AT3G44405.1	321	2	NA	NA	NA	NA	NA	NA	NA	NA	NA
AT3G44405.2	321	2	NA	NA	NA	NA	NA	NA	NA	NA	NA
AT3G44405.3	321	2	NA	NA	NA	NA	NA	NA	NA	NA	NA
AT3G44405.4	906	3	NA	NA	NA	NA	NA	NA	NA	NA	NA
AT4G33310.1	260	1	NA	NA	NA	NA	NA	NA	NA	NA	NA
AT1G42700.1	661	3	NA	NA	NA	NA	NA	NA	NA	NA	NA
AT4G33355.1	471	2	Non-specific lipid-transfer protein 11	GO:0008289;GO:0006869	Plant non-specific lipid-transfer proteins transfer phospholipids as well as galactolipids across membranes. May play a role in wax or cutin deposition in the cell walls of expanding epidermal cells and certain secretory tissues (By similarity).	119	99	243.0	4.3e-84	100.000	Arabidopsis thaliana
AT4G33355.2	353	1	Non-specific lipid-transfer protein 11	GO:0008289;GO:0006869	Plant non-specific lipid-transfer proteins transfer phospholipids as well as galactolipids across membranes. May play a role in wax or cutin deposition in the cell walls of expanding epidermal cells and certain secretory tissues (By similarity).	116	98	238.0	5.33e-82	100.000	Arabidopsis thaliana
AT3G44428.1	332	1	NA	NA	NA	NA	NA	NA	NA	NA	NA
AT2G38350.1	967	2	NA	NA	NA	NA	NA	NA	NA	NA	NA
AT2G38365.1	320	1	NA	NA	NA	NA	NA	NA	NA	NA	NA
AT3G44440.1	274	2	NA	NA	NA	NA	NA	NA	NA	NA	NA
AT1G42710.1	975	4	NA	NA	NA	NA	NA	NA	NA	NA	NA
AT3G44485.1	686	5	NA	NA	NA	NA	NA	NA	NA	NA	NA
AT4G33465.1	473	2	Putative defensin-like protein 233	GO:0005576;GO:0050832;GO:0031640;GO:0007165		98	99	205.0	1.08e-69	100.000	Arabidopsis thaliana
AT5G40315.1	11	1	NA	NA	NA	NA	NA	NA	NA	NA	NA
AT2G38600.1	950	3	Acid phosphatase 1	GO:0003993		213	85	204.0	8.04e-66	44.601	Solanum lycopersicum
AT2G38600.2	950	3	Acid phosphatase 1	GO:0003993		213	85	204.0	8.04e-66	44.601	Solanum lycopersicum
AT3G44570.1	694	3	NA	NA	NA	NA	NA	NA	NA	NA	NA
AT3G44580.1	491	1	NA	NA	NA	NA	NA	NA	NA	NA	NA
AT2G38646.1	233	1	NA	NA	NA	NA	NA	NA	NA	NA	NA
AT4G33735.1	17	1	NA	NA	NA	NA	NA	NA	NA	NA	NA
AT2G38870.1	504	2	Protease inhibitor HPI	GO:0004867;GO:0009611	Inhibitor of serine proteases, strongly inhibits subtilisin A and weakly inhibits trypsin. Does not inhibit chymotrypsin, papain, pepsin, pronase E, protease type XIII and thermolysin. HPI-1 inhibits subtilisin A with an Ki of 0.21 nM. HPI-2a inhibits subtilisin A with an Ki of 0.08 nM. HPI-2b inhibits subtilisin A with an Ki of 0.1 nM.	70	99	87.7	6.62e-24	55.714	Hevea brasiliensis
AT1G43145.1	1490	3	NA	NA	NA	NA	NA	NA	NA	NA	NA
AT4G33885.1	249	2	NA	NA	NA	NA	NA	NA	NA	NA	NA
AT5G40595.1	569	2	NA	NA	NA	NA	NA	NA	NA	NA	NA
AT3G44713.1	2279	3	NA	NA	NA	NA	NA	NA	NA	NA	NA
AT3G44718.1	203	1	NA	NA	NA	NA	NA	NA	NA	NA	NA
AT4G33960.1	203	1	NA	NA	NA	NA	NA	NA	NA	NA	NA
AT3G44753.1	1604	3	NA	NA	NA	NA	NA	NA	NA	NA	NA
AT3G44753.2	469	2	NA	NA	NA	NA	NA	NA	NA	NA	NA
AT3G44755.1	728	4	NA	NA	NA	NA	NA	NA	NA	NA	NA
AT5G40750.1	1463	4	Putative FBD-associated F-box protein At1g05080			223	88	130.0	3.44e-35	38.565	Arabidopsis thaliana
AT3G44763.1	38	1	NA	NA	NA	NA	NA	NA	NA	NA	NA
AT3G44766.1	35	1	NA	NA	NA	NA	NA	NA	NA	NA	NA
AT3G44769.1	182	2	NA	NA	NA	NA	NA	NA	NA	NA	NA
AT1G43260.1	981	2	NA	NA	NA	NA	NA	NA	NA	NA	NA
AT3G44785.1	227	1	Splicing factor U2af small subunit A	GO:0016607;GO:0005634;GO:0005681;GO:0089701;GO:0003677;GO:0030628;GO:0008270;GO:0000398;GO:0048573	Necessary for the splicing of pre-mRNA (By similarity). Probably active at the 3' splice sites.	73	96	104.0	7.9e-29	65.753	Arabidopsis thaliana
AT2G39160.1	683	2	NA	NA	NA	NA	NA	NA	NA	NA	NA
AT1G43310.1	501	3	Phosphoenolpyruvate/phosphate translocator 1, chloroplastic	GO:0009507;GO:0009941;GO:0031969;GO:0005794;GO:0009536;GO:0009528;GO:0015121;GO:0015120;GO:0009670;GO:0015714;GO:0015713;GO:0035436	Phosphoenolpyruvate/phosphate translocator that transports phosphoenolpyruvate (PEP), 2-phosphoglycerate, 3-phosphoglycerate and dihydroxyacetone phosphate. Imports PEP to the chloroplast stroma as one substrate of the shikimate pathway, from which aromatic amino acids and a variety of secondary products derive. Required for correct leaf mesophyll cell development and expression of chlorophyll a/b binding protein 3 (CAB3).	46	93	87.7	2.12e-21	93.478	Arabidopsis thaliana
AT1G43320.1	356	1	NA	NA	NA	NA	NA	NA	NA	NA	NA
AT1G43330.1	994	3	Transcription factor MYB3R-2	GO:0005634;GO:0003700;GO:0000981;GO:0000978;GO:0043565;GO:0042752;GO:0006355	Transcription factor that binds 5'-AACGG-3' motifs in gene promoters (By similarity). Required for proper circadian rhythm (PubMed:18426557).	43	67	88.8	2.12e-21	90.698	Arabidopsis thaliana
AT5G40855.1	236	1	NA	NA	NA	NA	NA	NA	NA	NA	NA
AT1G43415.1	431	2	NA	NA	NA	NA	NA	NA	NA	NA	NA
AT3G44935.1	607	2	NA	NA	NA	NA	NA	NA	NA	NA	NA
AT5G40960.1	206	1	NA	NA	NA	NA	NA	NA	NA	NA	NA
AT5G40980.1	209	1	NA	NA	NA	NA	NA	NA	NA	NA	NA
AT5G40981.1	95	1	NA	NA	NA	NA	NA	NA	NA	NA	NA
AT1G43605.1	131	1	NA	NA	NA	NA	NA	NA	NA	NA	NA
AT1G43605.2	131	1	NA	NA	NA	NA	NA	NA	NA	NA	NA
AT3G44950.1	241	2	NA	NA	NA	NA	NA	NA	NA	NA	NA
AT2G39355.1	329	1	Putative F-box protein At3g17500			103	94	112.0	6.34e-31	57.282	Arabidopsis thaliana
AT5G41071.1	182	1	NA	NA	NA	NA	NA	NA	NA	NA	NA
AT3G44980.1	1075	5	NA	NA	NA	NA	NA	NA	NA	NA	NA
AT5G41109.1	140	1	NA	NA	NA	NA	NA	NA	NA	NA	NA
AT1G43665.1	823	2	Probable non-specific lipid-transfer protein AKCS9	GO:0008289;GO:0006869	Potential lipid transfer protein.	67	52	62.9	2.11e-13	41.791	Vigna unguiculata
AT1G43667.1	296	1	Probable non-specific lipid-transfer protein AKCS9	GO:0008289;GO:0006869	Potential lipid transfer protein.	78	77	76.1	6.78e-19	42.308	Vigna unguiculata
AT1G43720.1	998	2	NA	NA	NA	NA	NA	NA	NA	NA	NA
AT1G43722.1	974	1	Putative nuclease HARBI1	GO:0034451;GO:0005829;GO:0005634;GO:0005886;GO:0016787;GO:0046872;GO:0004518	Transposase-derived protein that may have nuclease activity (Potential). Does not have transposase activity (By similarity).	198	61	54.2	2.09e-07	26.263	Rattus norvegicus
AT3G45093.1	479	2	Defensin-like protein 255	GO:0005576;GO:0009506;GO:0050832;GO:0031640		80	99	164.0	9.56e-54	100.000	Arabidopsis thaliana
AT1G43730.1	1061	2	NA	NA	NA	NA	NA	NA	NA	NA	NA
AT1G43760.1	2185	3	Transposon TX1 uncharacterized 149 kDa protein	GO:0003824		232	37	74.2	1.31e-12	26.724	Xenopus laevis
AT3G45160.1	275	1	NA	NA	NA	NA	NA	NA	NA	NA	NA
AT5G41401.1	164	1	NA	NA	NA	NA	NA	NA	NA	NA	NA
AT3G45243.1	350	1	NA	NA	NA	NA	NA	NA	NA	NA	NA
AT3G45245.1	350	1	NA	NA	NA	NA	NA	NA	NA	NA	NA
AT3G45248.1	344	1	NA	NA	NA	NA	NA	NA	NA	NA	NA
AT1G43815.1	351	2	NA	NA	NA	NA	NA	NA	NA	NA	NA
AT1G43815.2	351	2	NA	NA	NA	NA	NA	NA	NA	NA	NA
AT5G41420.1	197	1	NA	NA	NA	NA	NA	NA	NA	NA	NA
AT3G45252.1	290	1	NA	NA	NA	NA	NA	NA	NA	NA	NA
AT4G34780.1	320	1	Auxin-responsive protein SAUR29	GO:0005886;GO:0009734;GO:0009266	Functions as a positive effector of cell expansion through modulation of auxin transport (By similarity). Involved in thermo-responsiveness of plant architecture (PubMed:31127632). Enhances plasma membrane H(+)-ATPase (PubMed:31127632).	86	80	95.6	2.43e-26	48.837	Arabidopsis thaliana
AT3G45275.1	344	1	NA	NA	NA	NA	NA	NA	NA	NA	NA
AT3G45285.1	335	1	NA	NA	NA	NA	NA	NA	NA	NA	NA
AT4G34881.1	179	1	NA	NA	NA	NA	NA	NA	NA	NA	NA
AT2G39865.1	146	1	NA	NA	NA	NA	NA	NA	NA	NA	NA
AT5G41640.1	1298	4	UPF0725 protein At5g41640			197	99	409.0	1.28e-147	100.000	Arabidopsis thaliana
AT5G41660.1	1364	2	NA	NA	NA	NA	NA	NA	NA	NA	NA
AT4G35025.1	221	1	NA	NA	NA	NA	NA	NA	NA	NA	NA
AT1G43970.1	1664	4	NA	NA	NA	NA	NA	NA	NA	NA	NA
AT3G45525.1	555	2	E3 ubiquitin-protein ligase RSL1	GO:0005737;GO:0009705;GO:0005886;GO:0000151;GO:0003676;GO:0004523;GO:0031624;GO:0061630;GO:0008270;GO:0009738;GO:0140547;GO:0009740;GO:0010476;GO:0009788;GO:0000209;GO:0010431;GO:0006511	Acts as an E3 ubiquitin-protein ligase, or as part of E3 complex, which accepts ubiquitin from specific E2 ubiquitin-conjugating enzymes and then transfers it to substrates (PubMed:24388521). Negative regulator of the abscisic acid (ABA) signaling pathway which targets PYL4 and PYR1 ABA receptors in plasma membrane to promote their FREE1/FYVE1-dependent trafficking and degradation upon ubiquitynation; this process involves clathrin-mediated endocytosis and trafficking through the ESCRT pathway (PubMed:25330042, PubMed:27495812). Involved in the maintenance of seed longevity (PubMed:24388521). May enhance gibberellins responses (PubMed:24388521).	78	59	54.2	8.04e-09	48.718	Arabidopsis thaliana
AT2G40004.1	146	1	NA	NA	NA	NA	NA	NA	NA	NA	NA
AT5G41763.1	274	2	NA	NA	NA	NA	NA	NA	NA	NA	NA
AT5G41763.2	274	2	NA	NA	NA	NA	NA	NA	NA	NA	NA
AT5G41763.3	269	2	NA	NA	NA	NA	NA	NA	NA	NA	NA
AT5G41765.1	512	2	Probable transcription factor At5g41765	GO:0005634		152	99	316.0	7.84e-112	100.000	Arabidopsis thaliana
AT2G40050.1	1829	1	Protein VACUOLELESS GAMETOPHYTES	GO:0005771;GO:0008270;GO:0009561;GO:0055046;GO:0009617;GO:0002237;GO:0002238;GO:0002240	Essential for development of both female (megagametogenesis) and male (microgametogenesis) gametophytes by promoting the formation of large vacuoles early in development, maybe via the regulation of vesicular fusion.	136	49	71.4	4.37e-13	33.088	Arabidopsis thaliana
AT2G40050.2	1311	2	Protein VACUOLELESS GAMETOPHYTES	GO:0005771;GO:0008270;GO:0009561;GO:0055046;GO:0009617;GO:0002237;GO:0002238;GO:0002240	Essential for development of both female (megagametogenesis) and male (microgametogenesis) gametophytes by promoting the formation of large vacuoles early in development, maybe via the regulation of vesicular fusion.	174	44	58.1	5.46e-09	27.586	Arabidopsis thaliana
AT3G45577.1	356	1	tRNA-splicing endonuclease subunit Sen2-1	GO:0005737;GO:0000214;GO:0003676;GO:0000213;GO:0006397;GO:0008033;GO:0000379	Constitutes one of the two catalytic subunit of the tRNA-splicing endonuclease complex, a complex responsible for identification and cleavage of the splice sites in pre-tRNA. It cleaves pre-tRNA at the 5'- and 3'-splice sites to release the intron. The products are an intron and two tRNA half-molecules bearing 2',3'-cyclic phosphate and 5'-OH termini. There are no conserved sequences at the splice sites, but the intron is invariably located at the same site in the gene, placing the splice sites an invariant distance from the constant structural features of the tRNA body. Probably carries the active site for 5'-splice site cleavage (By similarity).	98	80	162.0	3.42e-51	83.673	Arabidopsis thaliana
AT3G45645.1	191	1	NA	NA	NA	NA	NA	NA	NA	NA	NA
AT1G44085.1	398	3	NA	NA	NA	NA	NA	NA	NA	NA	NA
AT3G45673.1	182	1	NA	NA	NA	NA	NA	NA	NA	NA	NA
AT5G41908.1	155	1	NA	NA	NA	NA	NA	NA	NA	NA	NA
AT2G40205.1	176	2	Small ribosomal subunit protein eS32	GO:1990904;GO:0005840;GO:0003735;GO:0006412		25	96	41.3	1.46e-06	100.000	Oryza sativa subsp. japonica
AT4G35295.1	890	3	Homoserine kinase	GO:0009507;GO:0009570;GO:0005524;GO:0004413;GO:0006952;GO:0009086;GO:0048573;GO:0009617;GO:0009620;GO:0009088	Catalyzes the ATP-dependent phosphorylation of L-homoserine to L-homoserine phosphate (PubMed:15703056). Is specific for L-homoserine and cannot use other substrates such D-serine, L-serine, D-threonine and L-threonine, galactose or D-homoserine in vitro. Required for susceptibility to the downy mildew pathogen Hyaloperonospora parasitica.	63	52	65.5	4.63e-13	68.254	Arabidopsis thaliana
AT5G42053.1	164	1	NA	NA	NA	NA	NA	NA	NA	NA	NA
AT3G45820.1	953	4	NA	NA	NA	NA	NA	NA	NA	NA	NA
AT1G44414.1	305	1	NA	NA	NA	NA	NA	NA	NA	NA	NA
AT1G44478.1	897	4	Peptidyl-prolyl cis-trans isomerase CYP59	GO:0005634;GO:0003755;GO:0003723;GO:0008270	PPIases accelerate the folding of proteins. It catalyzes the cis-trans isomerization of proline imidic peptide bonds in oligopeptides. Influences somehow regulation of RNA pol II (CTD) phosphorylation. Binds RNA with preferences for GC-rich sequences. Probably involved in activities connecting transcription and pre-mRNA processing. Involved in brassinostroid response.	36	68	62.1	7.96e-11	69.444	Arabidopsis thaliana
AT3G45851.1	104	1	NA	NA	NA	NA	NA	NA	NA	NA	NA
AT4G35519.1	122	1	NA	NA	NA	NA	NA	NA	NA	NA	NA
AT5G42223.1	335	2	Putative defensin-like protein 114	GO:0005576;GO:0050832;GO:0031640		84	99	174.0	1.09e-57	100.000	Arabidopsis thaliana
AT1G44740.1	1751	8	NA	NA	NA	NA	NA	NA	NA	NA	NA
AT5G42242.1	721	2	Putative defensin-like protein 179	GO:0005576;GO:0050832;GO:0031640		120	99	243.0	3.89e-84	100.000	Arabidopsis thaliana
AT3G46086.1	116	1	NA	NA	NA	NA	NA	NA	NA	NA	NA
AT4G35725.1	457	2	NA	NA	NA	NA	NA	NA	NA	NA	NA
AT4G35770.1	910	5	Rhodanese-like domain-containing protein 15, chloroplastic	GO:0009507;GO:0009579;GO:0009753;GO:0006979;GO:0009611		182	99	381.0	6.26e-137	100.000	Arabidopsis thaliana
AT4G35770.2	767	4	Rhodanese-like domain-containing protein 15, chloroplastic	GO:0009507;GO:0009579;GO:0009753;GO:0006979;GO:0009611		158	98	331.0	1.28e-117	100.000	Arabidopsis thaliana
AT4G35770.3	891	5	Rhodanese-like domain-containing protein 15, chloroplastic	GO:0009507;GO:0009579;GO:0009753;GO:0006979;GO:0009611		158	89	328.0	3.44e-116	100.000	Arabidopsis thaliana
AT4G35770.4	460	2	Rhodanese-like domain-containing protein 15, chloroplastic	GO:0009507;GO:0009579;GO:0009753;GO:0006979;GO:0009611		122	99	245.0	4.21e-84	96.721	Arabidopsis thaliana
AT4G35770.5	646	3	Rhodanese-like domain-containing protein 15, chloroplastic	GO:0009507;GO:0009579;GO:0009753;GO:0006979;GO:0009611		140	90	294.0	5.18e-103	100.000	Arabidopsis thaliana
AT4G35770.6	460	2	Rhodanese-like domain-containing protein 15, chloroplastic	GO:0009507;GO:0009579;GO:0009753;GO:0006979;GO:0009611		122	99	245.0	4.21e-84	96.721	Arabidopsis thaliana
AT3G46150.1	614	3	NA	NA	NA	NA	NA	NA	NA	NA	NA
AT4G35783.1	188	1	Small polypeptide DEVIL 17	GO:0005886;GO:0008285;GO:0048367	Small polypeptide acting as a regulatory molecule which coordinates cellular responses required for differentiation, growth and development, probably by restricting polar cell proliferation in lateral organs and coordinating socket cell recruitment and differentiation at trichome sites.	62	98	123.0	2.63e-38	100.000	Arabidopsis thaliana
AT1G44895.1	405	2	NA	NA	NA	NA	NA	NA	NA	NA	NA
AT2G40710.1	281	1	Heptahelical transmembrane protein 4	GO:0016020;GO:0038023;GO:0009725;GO:0009744	May play a role in abiotic stress response.	93	99	192.0	6.13e-62	98.925	Arabidopsis thaliana
AT2G40711.1	317	1	NA	NA	NA	NA	NA	NA	NA	NA	NA
AT2G40711.2	317	1	NA	NA	NA	NA	NA	NA	NA	NA	NA
AT2G40715.1	2704	5	NA	NA	NA	NA	NA	NA	NA	NA	NA
AT1G44940.1	889	3	NA	NA	NA	NA	NA	NA	NA	NA	NA
AT1G44940.2	889	3	NA	NA	NA	NA	NA	NA	NA	NA	NA
AT1G44941.1	182	1	NA	NA	NA	NA	NA	NA	NA	NA	NA
AT5G42504.1	227	1	NA	NA	NA	NA	NA	NA	NA	NA	NA
AT5G42530.1	390	2	NA	NA	NA	NA	NA	NA	NA	NA	NA
AT1G44990.1	266	2	NA	NA	NA	NA	NA	NA	NA	NA	NA
AT3G46300.1	425	1	NA	NA	NA	NA	NA	NA	NA	NA	NA
AT3G46310.1	374	1	NA	NA	NA	NA	NA	NA	NA	NA	NA
AT3G46360.1	1285	5	NA	NA	NA	NA	NA	NA	NA	NA	NA
AT3G46380.1	678	3	NA	NA	NA	NA	NA	NA	NA	NA	NA
AT3G46390.1	428	2	NA	NA	NA	NA	NA	NA	NA	NA	NA
AT5G42635.1	498	3	NA	NA	NA	NA	NA	NA	NA	NA	NA
AT1G45165.1	332	1	NA	NA	NA	NA	NA	NA	NA	NA	NA
AT1G45163.1	464	1	NA	NA	NA	NA	NA	NA	NA	NA	NA
AT2G40955.1	2039	1	NA	NA	NA	NA	NA	NA	NA	NA	NA
AT4G36170.1	5962	4	NA	NA	NA	NA	NA	NA	NA	NA	NA
AT2G41082.1	104	1	NA	NA	NA	NA	NA	NA	NA	NA	NA
AT3G46565.1	274	2	NA	NA	NA	NA	NA	NA	NA	NA	NA
AT5G42797.1	378	2	Defensin-like protein 130	GO:0005576;GO:0050832;GO:0031640		81	99	170.0	2.71e-56	100.000	Arabidopsis thaliana
AT5G42825.1	293	1	NA	NA	NA	NA	NA	NA	NA	NA	NA
AT3G46616.1	308	3	NA	NA	NA	NA	NA	NA	NA	NA	NA
AT3G46616.2	308	3	NA	NA	NA	NA	NA	NA	NA	NA	NA
AT3G46616.3	199	2	NA	NA	NA	NA	NA	NA	NA	NA	NA
AT3G46617.1	714	3	NA	NA	NA	NA	NA	NA	NA	NA	NA
AT4G36370.1	360	2	NA	NA	NA	NA	NA	NA	NA	NA	NA
AT2G41225.1	203	1	NA	NA	NA	NA	NA	NA	NA	NA	NA
AT3G46666.1	254	1	NA	NA	NA	NA	NA	NA	NA	NA	NA
AT1G46336.1	242	1	NA	NA	NA	NA	NA	NA	NA	NA	NA
AT2G41342.1	248	1	NA	NA	NA	NA	NA	NA	NA	NA	NA
AT5G42955.1	380	1	NA	NA	NA	NA	NA	NA	NA	NA	NA
AT5G42957.1	533	2	NA	NA	NA	NA	NA	NA	NA	NA	NA
AT2G41355.1	179	1	NA	NA	NA	NA	NA	NA	NA	NA	NA
AT5G42965.1	389	1	NA	NA	NA	NA	NA	NA	NA	NA	NA
AT4G36560.1	332	1	NA	NA	NA	NA	NA	NA	NA	NA	NA
AT3G46845.1	1142	7	NA	NA	NA	NA	NA	NA	NA	NA	NA
AT4G36570.1	176	1	Protein RADIALIS-like 3	GO:0005634;GO:0003700	Probable transcription factor.	55	93	115.0	6.69e-35	100.000	Arabidopsis thaliana
AT2G41417.1	338	2	NA	NA	NA	NA	NA	NA	NA	NA	NA
AT2G41415.1	326	2	EMBRYO SURROUNDING FACTOR 1-like protein 4	GO:0010098		74	99	154.0	6.04e-50	100.000	Arabidopsis thaliana
AT5G43064.1	218	1	NA	NA	NA	NA	NA	NA	NA	NA	NA
AT5G43066.1	224	1	NA	NA	NA	NA	NA	NA	NA	NA	NA
AT2G41473.1	275	1	Putative F-box protein At3g17490			53	58	53.4	8.18e-09	47.170	Arabidopsis thaliana
AT1G47265.1	230	1	NA	NA	NA	NA	NA	NA	NA	NA	NA
AT5G43185.1	251	1	NA	NA	NA	NA	NA	NA	NA	NA	NA
AT4G36791.1	206	1	NA	NA	NA	NA	NA	NA	NA	NA	NA
AT4G36795.1	257	2	NA	NA	NA	NA	NA	NA	NA	NA	NA
AT1G47300.1	1411	4	Putative F-box protein At1g47300			306	99	633.0	0.0	100.000	Arabidopsis thaliana
AT3G47100.1	350	1	NA	NA	NA	NA	NA	NA	NA	NA	NA
AT5G43211.1	164	1	NA	NA	NA	NA	NA	NA	NA	NA	NA
AT5G43285.1	382	2	Protein LURE 1.1	GO:0005576;GO:0010183	Pollen tube attractants guiding pollen tubes to the ovular micropyle.	94	99	194.0	3.16e-65	100.000	Arabidopsis thaliana
AT1G47485.1	275	1	Precursor of CEP1	GO:0048046;GO:0005576;GO:0005615;GO:0005179;GO:0007166;GO:0071242;GO:0006995;GO:0048527;GO:0051782;GO:0030308;GO:1902025;GO:0019740;GO:0048573;GO:1901371;GO:2000280;GO:0009733;GO:0090548;GO:0006970;GO:0009651;GO:0048364	Extracellular signaling peptide that represses, in a dose-dependent manner, primary root growth rate and lateral root elongation by inhibiting both cell division in meristems and cell growth in elongation zones. Also slightly prevents growth of above-ground parts (PubMed:18315543). Regulates systemic nitrogen (N)-demand signaling. Mediates systemic up-regulation of genes involved in N uptake and assimilation pathways (e.g. NRT1.1, NRT2.1 and NRT3.1) (PubMed:25324386).	91	99	188.0	2.49e-63	100.000	Arabidopsis thaliana
AT5G43401.1	515	2	Putative defensin-like protein 254	GO:0005576;GO:0050832;GO:0031640		89	99	183.0	4.35e-61	100.000	Arabidopsis thaliana
AT1G47495.1	868	3	NA	NA	NA	NA	NA	NA	NA	NA	NA
AT1G47497.1	416	1	14.7 kDa ribonuclease H-like protein	GO:0046872;GO:0003676;GO:0004523	Not known; does not have RNase H activity.	118	84	48.6	1.85e-07	30.508	Bacillus subtilis (strain 168)
AT1G47497.2	416	1	14.7 kDa ribonuclease H-like protein	GO:0046872;GO:0003676;GO:0004523	Not known; does not have RNase H activity.	118	84	48.6	1.85e-07	30.508	Bacillus subtilis (strain 168)
AT3G47341.1	146	1	NA	NA	NA	NA	NA	NA	NA	NA	NA
AT4G37022.1	531	4	NA	NA	NA	NA	NA	NA	NA	NA	NA
AT5G43513.1	370	2	Protein LURE 1.3	GO:0005576;GO:0010183	Pollen tube attractants guiding pollen tubes to the ovular micropyle. Attracts pollen tubes from both A.thaliana and A.lyrata.	91	99	183.0	3.55e-61	100.000	Arabidopsis thaliana
AT4G37095.1	222	2	NA	NA	NA	NA	NA	NA	NA	NA	NA
AT5G43518.1	367	2	Protein LURE 1.4	GO:0005576;GO:0010183	Pollen tube attractants guiding pollen tubes to the ovular micropyle.	90	99	181.0	2.71e-60	100.000	Arabidopsis thaliana
AT5G43525.1	367	2	Protein LURE 1.5	GO:0005576	Inactive pollen tube attractants guiding pollen tubes to the ovular micropyle.	90	99	183.0	5.8e-61	100.000	Arabidopsis thaliana
AT5G43570.1	1002	2	Glu S.griseus protease inhibitor	GO:0004867;GO:0009611	Competitively inhibits Glu S.griseus protease by forming probably a 1:1 complex. BGIA has no inhibitory activity against 2 other acidic amino acid-specific endopeptidases (S.aureus protease V8 and B.subtilis proteinase), chymotrypsin, trypsin, pancreatic elastase, and papain, although subtilisin Carlsberg was strongly inhibited.	60	58	58.4	4.75e-12	48.333	Momordica charantia
AT5G43570.2	1002	2	Glu S.griseus protease inhibitor	GO:0004867;GO:0009611	Competitively inhibits Glu S.griseus protease by forming probably a 1:1 complex. BGIA has no inhibitory activity against 2 other acidic amino acid-specific endopeptidases (S.aureus protease V8 and B.subtilis proteinase), chymotrypsin, trypsin, pancreatic elastase, and papain, although subtilisin Carlsberg was strongly inhibited.	60	53	58.7	4.79e-12	48.333	Momordica charantia
AT1G47657.1	3303	8	NA	NA	NA	NA	NA	NA	NA	NA	NA
AT1G47660.1	1610	3	NA	NA	NA	NA	NA	NA	NA	NA	NA
AT1G47680.1	314	1	NA	NA	NA	NA	NA	NA	NA	NA	NA
AT1G47690.1	152	1	NA	NA	NA	NA	NA	NA	NA	NA	NA
AT1G47695.1	191	1	Putative F-box protein At1g47702			63	98	111.0	2.81e-33	88.889	Arabidopsis thaliana
AT1G47700.1	152	1	NA	NA	NA	NA	NA	NA	NA	NA	NA
AT5G43755.1	795	3	NA	NA	NA	NA	NA	NA	NA	NA	NA
AT5G43770.1	563	1	Streptococcal surface protein A	GO:0009986	Adhesin that mediates binding of bacteria to a variety of host cells. Plays a role in the bacterial invasion of dentinal tubules (PubMed:9393810). A host immunostimulatory component, it modulates the innate immunity response. Plays a protective role against some antibiotics and cationic antimicrobial peptides (histatin-5, HTN3, but not beta-defensin 4A, DEFB4A). Purified soluble protein stimulates human epithelial cells to produce IL-6 and monocyte chemotactic protein (MCP-1, CCL2) probably via interaction with integrin beta-1 (ITGB1) (PubMed:22609749).	130	63	50.8	6.93e-07	30.769	Streptococcus gordonii (strain Challis / ATCC 35105 / BCRC 15272 / CH1 / DL1 / V288)
AT1G47770.1	995	5	NA	NA	NA	NA	NA	NA	NA	NA	NA
AT4G37500.1	527	2	Xanthine dehydrogenase	GO:0051537;GO:0071949;GO:0005506;GO:0016491;GO:0004854	Key enzyme involved in purine catabolism. Catalyzes the oxidation of hypoxanthine to xanthine and the oxidation of xanthine to urate.	101	75	125.0	1.21e-33	66.337	Oryza sativa subsp. japonica
AT1G47885.1	408	2	Receptor-like protein 7	GO:0005886;GO:0007165		46	43	68.0	1.05e-13	71.739	Arabidopsis thaliana
AT4G37685.1	1040	5	NA	NA	NA	NA	NA	NA	NA	NA	NA
AT3G47965.1	613	2	NA	NA	NA	NA	NA	NA	NA	NA	NA
AT5G44063.1	1106	5	NA	NA	NA	NA	NA	NA	NA	NA	NA
AT1G48095.1	1856	4	Uncharacterized protein At4g02000			78	26	98.6	7.99e-24	52.564	Arabidopsis thaliana
AT3G48131.1	131	1	NA	NA	NA	NA	NA	NA	NA	NA	NA
AT1G48145.1	406	2	NA	NA	NA	NA	NA	NA	NA	NA	NA
AT3G48185.1	257	1	NA	NA	NA	NA	NA	NA	NA	NA	NA
AT1G48190.1	603	4	F-box/kelch-repeat protein At4g39580			139	82	78.1	1.67e-17	40.288	Arabidopsis thaliana
AT1G48195.1	248	1	Zinc finger CCCH domain-containing protein 13	GO:0003677;GO:0003729;GO:0008270		82	99	172.0	8.03e-57	100.000	Arabidopsis thaliana
AT5G44270.1	2104	8	Protein TPX2	GO:0009941;GO:0005874;GO:0005880;GO:0005654;GO:0005634;GO:0009524;GO:0005819;GO:0008017;GO:0030295;GO:0051301;GO:0000278;GO:0090307;GO:0060236;GO:0051225	Regulates prospindle assembly during late prophase and at the onset of mitosis, before nuclear envelope breakdown (NEB). Is exported from the nucleus shortly before NEB and organized into two polar crescents. After NEB, is progressively associated with the forming spindle. Probably mediates AUR1 activation and localization to spindle microtubules. Has a microtubule binding capability and is able to trigger microtubule assembly induced by RanGTP in a heterologous system. Not involved in phragmoplast assembly, nuclear envelope reformation, and cortical microtubule assembly at the onset of G1 (PubMed:18941054). Involved in the formation of specific nuclear and perinuclear microtubular arrays in the nuclei of acentrosomal plant cells. Fungi and plants have acentrosomal microtubule arrays because they lack centrosomes. They use other microtubule organizing center (MTOC) structures to organize their microtubules. May function through interaction with importin (PubMed:24006426).	124	63	156.0	4.89e-43	62.903	Arabidopsis thaliana
AT2G42865.1	323	2	NA	NA	NA	NA	NA	NA	NA	NA	NA
AT1G48285.1	550	2	Uncharacterized protein At1g43920, Chloroplastic	GO:0031969;GO:0008270		143	93	167.0	2.7e-53	61.538	Arabidopsis thaliana
AT5G44300.1	808	3	Dormancy-associated protein homolog 2			114	99	232.0	7.25e-80	100.000	Arabidopsis thaliana
AT5G44306.1	173	1	NA	NA	NA	NA	NA	NA	NA	NA	NA
AT3G48209.1	203	1	NA	NA	NA	NA	NA	NA	NA	NA	NA
AT3G48231.1	444	2	Defensin-like protein 51	GO:0005576;GO:0050832;GO:0031640		80	99	165.0	3.22e-54	100.000	Arabidopsis thaliana
AT5G44345.1	966	4	F-box protein At1g47340			116	60	89.1	9.71e-21	44.828	Arabidopsis thaliana
AT2G42955.1	886	3	F-box/LRR-repeat protein At2g43260			182	63	86.0	2.27e-19	35.714	Arabidopsis thaliana
AT3G48344.1	167	1	NA	NA	NA	NA	NA	NA	NA	NA	NA
AT3G48346.1	158	1	NA	NA	NA	NA	NA	NA	NA	NA	NA
AT5G44470.1	425	2	NA	NA	NA	NA	NA	NA	NA	NA	NA
AT5G44495.1	359	1	NA	NA	NA	NA	NA	NA	NA	NA	NA
AT5G44563.1	645	2	NA	NA	NA	NA	NA	NA	NA	NA	NA
AT5G44565.1	1267	3	Serine rich endogenous peptide 1	GO:0048046;GO:0005886;GO:0030275;GO:0033612;GO:0002213;GO:1903409;GO:0009625;GO:0009611	Brassicaceae-specific phytocytokine (plant endogenous peptide released into the apoplast) perceived by MIK2 in a BAK1/SERK3 and SERK4 coreceptors-dependent manner, that modulates various physiological and antimicrobial processes including growth prevention and reactive oxygen species (ROS) response regulation.	73	99	119.0	2.17e-36	100.000	Arabidopsis thaliana
AT5G44565.2	1145	2	Serine rich endogenous peptide 1	GO:0048046;GO:0005886;GO:0030275;GO:0033612;GO:0002213;GO:1903409;GO:0009625;GO:0009611	Brassicaceae-specific phytocytokine (plant endogenous peptide released into the apoplast) perceived by MIK2 in a BAK1/SERK3 and SERK4 coreceptors-dependent manner, that modulates various physiological and antimicrobial processes including growth prevention and reactive oxygen species (ROS) response regulation.	70	85	114.0	2.56e-34	100.000	Arabidopsis thaliana
AT5G44565.3	1335	2	Serine rich endogenous peptide 1	GO:0048046;GO:0005886;GO:0030275;GO:0033612;GO:0002213;GO:1903409;GO:0009625;GO:0009611	Brassicaceae-specific phytocytokine (plant endogenous peptide released into the apoplast) perceived by MIK2 in a BAK1/SERK3 and SERK4 coreceptors-dependent manner, that modulates various physiological and antimicrobial processes including growth prevention and reactive oxygen species (ROS) response regulation.	61	91	65.5	3.3e-15	80.328	Arabidopsis thaliana
AT4G38330.1	246	2	NA	NA	NA	NA	NA	NA	NA	NA	NA
AT4G38330.2	246	2	NA	NA	NA	NA	NA	NA	NA	NA	NA
AT4G38330.3	507	3	NA	NA	NA	NA	NA	NA	NA	NA	NA
AT4G38330.4	246	2	NA	NA	NA	NA	NA	NA	NA	NA	NA
AT4G38330.5	246	2	NA	NA	NA	NA	NA	NA	NA	NA	NA
AT5G44567.1	962	2	Serine rich endogenous peptide 2	GO:0048046;GO:0005886;GO:0030275;GO:0033612;GO:0002213;GO:1903409;GO:0009625;GO:0009611	Brassicaceae-specific phytocytokine (plant endogenous peptide released into the apoplast) perceived by MIK2 in a BAK1/SERK3 and SERK4 coreceptors-dependent manner, that modulates various physiological and antimicrobial processes including growth prevention and reactive oxygen species (ROS) response regulation.	79	99	144.0	6.11e-46	100.000	Arabidopsis thaliana
AT5G44568.1	767	2	Serine rich endogenous peptide 4	GO:0048046;GO:0005886;GO:0030275;GO:0033612;GO:0006952;GO:0042742;GO:0002213;GO:0080027;GO:0009625;GO:0009751;GO:0009611	Brassicaceae-specific phytocytokine (plant endogenous peptide released into the apoplast) perceived by MIK2 in a BAK1/SERK3 and SERK4 coreceptors-dependent manner, that modulates various physiological and antimicrobial processes including growth prevention and reactive oxygen species (ROS) response regulation (PubMed:31001913, PubMed:33514716, PubMed:34535661). Inhibits root growth (PubMed:34535661). Prevents general growth and development (PubMed:31001913). Exhibits antibacterial effects against Pseudomonas syringae pv. tomato DC3000, Ralstonia solanacearum, Bacillus subtilis and Agrobacterium tumefaciens, thus being an antimicrobial peptide (AMP) (PubMed:31001913).	75	99	148.0	1.01e-47	100.000	Arabidopsis thaliana
AT5G44566.1	179	1	NA	NA	NA	NA	NA	NA	NA	NA	NA
AT4G38401.1	122	1	NA	NA	NA	NA	NA	NA	NA	NA	NA
AT4G38405.1	140	1	NA	NA	NA	NA	NA	NA	NA	NA	NA
AT5G44585.1	684	2	Serine rich endogenous peptide 12	GO:0048046;GO:0005886;GO:0030275;GO:0033612;GO:0045168;GO:0002213;GO:0009759;GO:0009695;GO:2000378;GO:0009664;GO:1903409;GO:1900424;GO:1900150;GO:2000377;GO:2000280;GO:0010082;GO:0051510;GO:0009617;GO:0080027;GO:0009625;GO:0009611	Brassicaceae-specific phytocytokine (plant endogenous peptide released into the apoplast) perceived by MIK2 in a BAK1/SERK3 and SERK4 coreceptors-dependent manner, that modulates various physiological and antimicrobial processes including root growth prevention, phospholipid signaling pathway activation (e.g. accumulation of phosphatidic acid (PA), but transient reduction of phosphatidylinositol 4,5-bisphosphate (PIP(2)) levels) and reactive oxygen species (ROS) response regulation (PubMed:30715439, PubMed:33514716, PubMed:34535661). Moderates primary root growth, and regulates root meristems and cell elongation; this root growth regulation is associated with the modulation of ROS metabolism and alteration of cell wall structure, and depends on variations in many genes expression (PubMed:34535661, PubMed:35639812). Promotes ROS (e.g. superoxide anion O(2) and hydrogen peroxide H(2)O(2)) production and MAPK (e.g. MPK3, MPK4 and MPK6) activation in a MIK2-dependent manner, thus leading to the up-regulation of immune-related marker genes (e.g. WRKY30, WRKY33 and CYP81F2) (PubMed:34535661, PubMed:35639812). Involved in biotic and oxidative stress responses; acts as a negative regulator of defense against necrotrophic pathogens such as the bacteria Erwinia amylovora and the fungus Alternaria brassicicola (PubMed:30715439). Able to prime defense responses against the pathogenic bacteria Pseudomonas syringae pv. tomato DC3000 (PubMed:30715439). Contributes to the triggering of defense responses toward generalist herbivores such as Spodoptera littoralis, probably via the activation of jasmonate and indole glucosinolate biosynthesis (PubMed:35401621). Triggers the expression of several PROSCOOP genes (e.g. PROSCOOP3, PROSCOOP7, PROSCOOP12 and PROSCOOP13) (PubMed:30715439).	78	99	130.0	7.93e-41	100.000	Arabidopsis thaliana
AT2G43310.1	401	1	NA	NA	NA	NA	NA	NA	NA	NA	NA
AT1G48720.1	293	1	NA	NA	NA	NA	NA	NA	NA	NA	NA
AT3G48630.1	548	3	NA	NA	NA	NA	NA	NA	NA	NA	NA
AT1G48725.1	1368	2	NA	NA	NA	NA	NA	NA	NA	NA	NA
AT2G43386.1	170	1	NA	NA	NA	NA	NA	NA	NA	NA	NA
AT2G43390.1	344	1	NA	NA	NA	NA	NA	NA	NA	NA	NA
AT1G48912.1	146	1	NA	NA	NA	NA	NA	NA	NA	NA	NA
AT4G38781.1	152	1	NA	NA	NA	NA	NA	NA	NA	NA	NA
AT1G48953.1	290	1	NA	NA	NA	NA	NA	NA	NA	NA	NA
AT1G49005.1	299	1	CLAVATA3/ESR (CLE)-related protein 11	GO:0048046;GO:0033612;GO:0045168;GO:0010078;GO:0010088;GO:0045595	CLE11p  Extracellular signal peptide that regulates cell fate. Represses root apical meristem maintenance. Regulates the transition of protophloem cells from proliferation to differentiation, thus impinging on postembryonic growth capacity of the root meristem; this signaling pathway requires CRN and CLV2 (PubMed:28607033).	99	99	206.0	3.85e-70	100.000	Arabidopsis thaliana
AT1G49032.1	173	1	NA	NA	NA	NA	NA	NA	NA	NA	NA
AT1G49032.2	173	1	NA	NA	NA	NA	NA	NA	NA	NA	NA
AT5G44973.1	489	2	Defensin-like protein 285	GO:0005576;GO:0050832;GO:0031640		102	99	210.0	2.12e-71	100.000	Arabidopsis thaliana
AT2G43865.1	305	1	NA	NA	NA	NA	NA	NA	NA	NA	NA
AT4G39060.1	2027	4	F-box/kelch-repeat protein At4g19330	GO:0009409;GO:0009845	Involved in seed germination.	252	64	152.0	3.12e-43	39.683	Arabidopsis thaliana
AT3G49115.1	200	1	NA	NA	NA	NA	NA	NA	NA	NA	NA
AT5G45095.1	1184	1	NA	NA	NA	NA	NA	NA	NA	NA	NA
AT1G49260.1	449	1	Mechanosensitive ion channel protein 7	GO:0005886;GO:0008381;GO:0050982;GO:0006820	Mechanosensitive channel that opens in response to stretch forces in the membrane lipid bilayer.	123	78	61.8	4.61e-11	30.894	Arabidopsis thaliana
AT3G49230.1	502	2	NA	NA	NA	NA	NA	NA	NA	NA	NA
AT2G44175.1	426	2	Glycylpeptide N-tetradecanoyltransferase 1	GO:0005829;GO:0009536;GO:0005840;GO:0004379;GO:0019107;GO:0010064;GO:0072657	Adds a myristoyl group to the N-terminal glycine residue of certain cellular proteins. Can also use decanoyl-CoA and lauroyl-CoA as substrates.	60	52	95.3	7.02e-24	66.667	Arabidopsis thaliana
AT2G44198.1	98	1	NA	NA	NA	NA	NA	NA	NA	NA	NA
AT1G49435.1	368	2	Defensin-like protein 124	GO:0005576;GO:0050832;GO:0031640		71	99	147.0	2.65e-47	100.000	Arabidopsis thaliana
AT2G44400.1	440	1	Protein VACUOLELESS GAMETOPHYTES	GO:0005771;GO:0008270;GO:0009561;GO:0055046;GO:0009617;GO:0002237;GO:0002238;GO:0002240	Essential for development of both female (megagametogenesis) and male (microgametogenesis) gametophytes by promoting the formation of large vacuoles early in development, maybe via the regulation of vesicular fusion.	146	98	80.1	9.91e-19	33.562	Arabidopsis thaliana
AT4G39403.1	110	1	Peptide POLARIS	GO:0009955;GO:0009926;GO:0009734;GO:0071365;GO:0071368;GO:0071369;GO:0009736;GO:0009873;GO:0010105;GO:0070507;GO:0009733;GO:0009735;GO:0048364;GO:0010051	Required for correct root growth and vascular development, probably by modulating both cell division rate in meristems and cell elongation in roots. Negative regulator of the ethylene signaling pathway that modulates microtubule cytoskeleton dynamics and auxin transport and homeostasis, and possibly cytokinin signaling, thus influencing root growth and lateral root development.	36	97	73.6	4.4e-19	100.000	Arabidopsis thaliana
AT3G49440.1	602	1	F-box protein DOR	GO:0009738;GO:0042631;GO:0009788;GO:0016567;GO:0010119;GO:0009737;GO:0009414;GO:0010118	Component of SCF(ASK-cullin-F-box) E3 ubiquitin ligase complexes, which may mediate the ubiquitination and subsequent proteasomal degradation of target proteins (By similarity). Negative regulator of guard cell abscisic acid (ABA) signaling, especially during drought stress.	193	94	129.0	5.61e-36	40.415	Arabidopsis thaliana
AT3G49460.1	222	2	NA	NA	NA	NA	NA	NA	NA	NA	NA
AT3G49551.1	167	1	NA	NA	NA	NA	NA	NA	NA	NA	NA
AT2G44581.1	437	1	ERAD-associated E3 ubiquitin-protein ligase HRD1	GO:0012505;GO:0005789;GO:0061630;GO:0008270;GO:0036503;GO:0043161;GO:0016567	Probable component of the HRD1 ubiquitin ligase complex that mediates the rapid degradation of misfolded endoplasmic reticulum (ER) proteins, a process called ER-associated degradation (ERAD).	93	63	65.2	2.69e-12	39.785	Oryza sativa subsp. japonica
AT4G39675.1	212	1	NA	NA	NA	NA	NA	NA	NA	NA	NA
AT5G45455.1	245	2	NA	NA	NA	NA	NA	NA	NA	NA	NA
AT5G45469.1	218	1	NA	NA	NA	NA	NA	NA	NA	NA	NA
AT2G44735.1	3018	8	F-box/kelch-repeat protein At3g18720			161	43	141.0	5.08e-39	49.689	Arabidopsis thaliana
AT3G49744.1	173	1	NA	NA	NA	NA	NA	NA	NA	NA	NA
AT3G49796.1	245	1	NA	NA	NA	NA	NA	NA	NA	NA	NA
AT5G45573.1	818	5	NA	NA	NA	NA	NA	NA	NA	NA	NA
AT1G49930.1	707	4	Alanine--tRNA ligase, chloroplastic/mitochondrial	GO:0009507;GO:0009570;GO:0005829;GO:0005739;GO:0004813;GO:0002161;GO:0005524;GO:0000049;GO:0008270;GO:0006419;GO:0009793	Catalyzes the attachment of alanine to tRNA(Ala) in a two-step reaction: alanine is first activated by ATP to form Ala-AMP and then transferred to the acceptor end of tRNA(Ala). Also edits incorrectly charged tRNA(Ala) via its editing domain.	37	27	73.0	4.17e-15	91.892	Arabidopsis thaliana
AT4G40011.1	206	1	NA	NA	NA	NA	NA	NA	NA	NA	NA
AT1G50080.1	275	1	NA	NA	NA	NA	NA	NA	NA	NA	NA
AT4G40063.1	248	1	NA	NA	NA	NA	NA	NA	NA	NA	NA
AT1G50160.1	221	1	NA	NA	NA	NA	NA	NA	NA	NA	NA
AT3G50123.1	143	1	NA	NA	NA	NA	NA	NA	NA	NA	NA
AT5G45875.1	454	2	Defensin-like protein 229	GO:0005576;GO:0050832;GO:0031640;GO:0007165		93	99	192.0	1.46e-64	100.000	Arabidopsis thaliana
AT1G50290.1	404	1	NA	NA	NA	NA	NA	NA	NA	NA	NA
AT3G50250.1	446	1	NA	NA	NA	NA	NA	NA	NA	NA	NA
AT1G50325.1	593	1	Pectinesterase inhibitor 2	GO:0048046;GO:0012505;GO:0090404;GO:0046910;GO:0009860	Inhibits pectin methylesterase (PME) from flowers, siliques and pollen tube.	179	89	69.7	1.01e-14	29.050	Arabidopsis thaliana
AT1G50340.1	473	1	Pectinesterase inhibitor	GO:0005737;GO:0046910	Inhibits pectin methylesterase; may be involved in the regulation of fruit ripening.	133	84	54.5	3.52e-09	30.075	Actinidia deliciosa
AT3G50320.1	847	4	NA	NA	NA	NA	NA	NA	NA	NA	NA
AT2G45243.1	86	1	NA	NA	NA	NA	NA	NA	NA	NA	NA
AT3G50350.2	1501	3	NA	NA	NA	NA	NA	NA	NA	NA	NA
AT3G50350.1	800	3	NA	NA	NA	NA	NA	NA	NA	NA	NA
AT1G50470.1	444	2	Putative F-box protein At3g17560			89	62	82.3	4.95e-19	55.056	Arabidopsis thaliana
AT2G45403.1	616	3	NA	NA	NA	NA	NA	NA	NA	NA	NA
AT2G45405.1	200	1	NA	NA	NA	NA	NA	NA	NA	NA	NA
AT2G45405.2	197	1	NA	NA	NA	NA	NA	NA	NA	NA	NA
AT1G50530.1	517	3	NA	NA	NA	NA	NA	NA	NA	NA	NA
AT3G50510.1	596	1	LOB domain-containing protein 28	GO:0005634;GO:0001216;GO:0006355		198	99	422.0	1.85e-152	100.000	Arabidopsis thaliana
AT3G50510.2	596	1	LOB domain-containing protein 28	GO:0005634;GO:0001216;GO:0006355		198	99	422.0	1.85e-152	100.000	Arabidopsis thaliana
AT3G50540.1	495	3	NA	NA	NA	NA	NA	NA	NA	NA	NA
AT5G46395.1	291	2	NA	NA	NA	NA	NA	NA	NA	NA	NA
AT5G46440.1	281	1	Pentatricopeptide repeat-containing protein At5g46460, mitochondrial	GO:0005739;GO:0003723;GO:0008270;GO:0009451		54	55	62.4	5.82e-12	62.963	Arabidopsis thaliana
AT1G51035.1	227	1	NA	NA	NA	NA	NA	NA	NA	NA	NA
AT3G50925.1	425	2	Putative defensin-like protein 168	GO:0005576;GO:0050832;GO:0031640;GO:0007165		90	99	186.0	1.8e-62	100.000	Arabidopsis thaliana
AT5G46660.1	917	1	Protein VACUOLELESS GAMETOPHYTES	GO:0005771;GO:0008270;GO:0009561;GO:0055046;GO:0009617;GO:0002237;GO:0002238;GO:0002240	Essential for development of both female (megagametogenesis) and male (microgametogenesis) gametophytes by promoting the formation of large vacuoles early in development, maybe via the regulation of vesicular fusion.	159	48	56.4	1.36e-08	30.818	Arabidopsis thaliana
AT5G46670.1	998	1	Protein VACUOLELESS GAMETOPHYTES	GO:0005771;GO:0008270;GO:0009561;GO:0055046;GO:0009617;GO:0002237;GO:0002238;GO:0002240	Essential for development of both female (megagametogenesis) and male (microgametogenesis) gametophytes by promoting the formation of large vacuoles early in development, maybe via the regulation of vesicular fusion.	141	42	68.8	6.04e-13	34.043	Arabidopsis thaliana
AT1G51172.1	2366	5	Uncharacterized protein At3g60930, chloroplastic	GO:0009507		177	25	82.3	3.48e-15	26.554	Arabidopsis thaliana
AT1G51230.1	377	1	S-protein homolog 25	GO:0005576;GO:0060320		126	98	101.0	3.22e-28	44.444	Arabidopsis thaliana
AT5G46825.1	454	4	NA	NA	NA	NA	NA	NA	NA	NA	NA
AT2G46308.1	188	1	NA	NA	NA	NA	NA	NA	NA	NA	NA
AT3G51210.1	315	2	Putative cytosolic sulfotransferase 2	GO:0005737;GO:0008146	Sulfotransferase that utilizes 3'-phospho-5'-adenylyl sulfate (PAPS) as sulfonate donor.	67	99	140.0	8.81e-45	100.000	Arabidopsis thaliana
AT5G46873.1	324	2	Putative defensin-like protein 303	GO:0005576;GO:0050832;GO:0031640		71	99	145.0	1.14e-46	100.000	Arabidopsis thaliana
AT5G46874.1	316	2	Putative defensin-like protein 309	GO:0005576;GO:0050832;GO:0031640		79	99	166.0	8.8e-55	100.000	Arabidopsis thaliana
AT5G46877.1	374	2	Putative defensin-like protein 304	GO:0005576;GO:0050832;GO:0031640		87	99	181.0	2.39e-60	100.000	Arabidopsis thaliana
AT1G51330.1	1003	3	Serpin-Z2	GO:0005615;GO:0005634;GO:0004867;GO:0006974;GO:0006281	Probable serine protease inhibitor.	109	56	155.0	3.18e-46	66.972	Arabidopsis thaliana
AT3G51325.1	272	1	E3 ubiquitin-protein ligase ARK2C	GO:0005634;GO:0032991;GO:0061630;GO:0008270;GO:0035136;GO:0060384;GO:0008045;GO:0061061;GO:0030513;GO:0030163;GO:0000209	E3 ubiquitin-protein ligase that acts as a regulator of motor axon elongation. Required for efficient motor axon extension in the dorsal forelimb by enhancing the transcriptional responses of the SMAD1/SMAD5/SMAD8 effectors, which are activated downstream of BMP. Acts by mediating ubiquitination and degradation of SMAD inhibitors such as SMAD6, SMAD7, SKI and SNON isoform of SKIL.	64	70	59.8	3.21e-11	42.188	Homo sapiens
AT2G46460.1	482	1	14.7 kDa ribonuclease H-like protein	GO:0046872;GO:0003676;GO:0004523	Not known; does not have RNase H activity.	129	78	48.6	3.3e-07	31.783	Bacillus subtilis (strain 168)
AT5G47075.1	323	2	Defensin-like protein 127	GO:0005576;GO:0050832;GO:0031640		75	99	151.0	7.21e-49	100.000	Arabidopsis thaliana
AT5G47077.1	273	2	Putative defensin-like protein 126	GO:0005576;GO:0050832;GO:0031640		75	99	155.0	1.71e-50	100.000	Arabidopsis thaliana
AT2G46567.1	110	1	NA	NA	NA	NA	NA	NA	NA	NA	NA
AT3G51642.1	110	1	NA	NA	NA	NA	NA	NA	NA	NA	NA
AT3G51644.1	140	1	NA	NA	NA	NA	NA	NA	NA	NA	NA
AT3G51700.1	1702	3	ATP-dependent DNA helicase PIF6	GO:0005737;GO:0005739;GO:0031981;GO:0005634;GO:0043139;GO:0005524;GO:0016887;GO:0003677;GO:0000287;GO:0051276;GO:0006310;GO:0006281;GO:0000723	DNA-dependent ATPase and 5'-3' DNA helicase required for the maintenance of genome stability.	133	37	58.1	2.43e-08	31.579	Trypanosoma brucei brucei (strain 927/4 GUTat10.1)
AT5G47229.1	155	1	NA	NA	NA	NA	NA	NA	NA	NA	NA
AT2G46765.1	224	1	NA	NA	NA	NA	NA	NA	NA	NA	NA
AT1G51823.1	143	1	NA	NA	NA	NA	NA	NA	NA	NA	NA
AT1G51913.1	319	2	NA	NA	NA	NA	NA	NA	NA	NA	NA
AT1G51915.1	278	2	NA	NA	NA	NA	NA	NA	NA	NA	NA
AT1G51920.1	350	2	NA	NA	NA	NA	NA	NA	NA	NA	NA
AT2G46995.1	116	1	NA	NA	NA	NA	NA	NA	NA	NA	NA
AT3G52070.1	344	1	NA	NA	NA	NA	NA	NA	NA	NA	NA
AT3G52070.2	507	2	NA	NA	NA	NA	NA	NA	NA	NA	NA
AT3G52075.1	173	1	NA	NA	NA	NA	NA	NA	NA	NA	NA
AT3G52105.2	436	2	NA	NA	NA	NA	NA	NA	NA	NA	NA
AT3G52105.1	212	1	NA	NA	NA	NA	NA	NA	NA	NA	NA
AT2G47150.1	790	3	Short-chain dehydrogenase reductase 3a	GO:0016491;GO:0042742;GO:0009626	Confers resistance to the incompatible pathogenic bacteria P.syringae pv. tomato DC3000 in a PR1-dependent manner. Seems not involved in abscisic acid (ABA) biosynthesis.	252	99	228.0	8.02e-76	53.571	Arabidopsis thaliana
AT3G52510.1	726	2	Putative F-box protein At3g52320			207	82	161.0	4.25e-48	46.860	Arabidopsis thaliana
AT3G52510.2	971	3	Putative F-box protein At3g52320			202	81	155.0	5.09e-46	46.535	Arabidopsis thaliana
AT5G48040.1	1268	1	Protein WHAT'S THIS FACTOR 9, mitochondrial	GO:0005739;GO:0003723;GO:0017004;GO:0000373;GO:0006397	RNA-binding protein involved in group II intron splicing. Binds specific group II introns and promotes their splicing (e.g. rpl2 and ccmFC).	351	81	190.0	1.65e-57	35.897	Arabidopsis thaliana
AT1G52325.1	625	2	Pre-mRNA-splicing factor CWC22 homolog	GO:0071013;GO:0016607;GO:0003723;GO:0000398	Required for pre-mRNA splicing and for exon-junction complex (EJC) assembly. Hinders eIF4AIII from non-specifically binding RNA and escorts it to the splicing machinery to promote EJC assembly on mature mRNAs.	75	81	84.9	4.07e-19	52.000	Musca domestica
AT1G52390.1	269	2	NA	NA	NA	NA	NA	NA	NA	NA	NA
AT5G48280.1	624	2	NA	NA	NA	NA	NA	NA	NA	NA	NA
AT3G52830.1	260	1	NA	NA	NA	NA	NA	NA	NA	NA	NA
AT2G47844.1	146	1	NA	NA	NA	NA	NA	NA	NA	NA	NA
AT1G52603.1	544	3	NA	NA	NA	NA	NA	NA	NA	NA	NA
AT1G52618.1	257	1	NA	NA	NA	NA	NA	NA	NA	NA	NA
AT3G52941.1	143	1	NA	NA	NA	NA	NA	NA	NA	NA	NA
AT5G48515.1	344	2	Putative defensin-like protein 221	GO:0005576;GO:0050832;GO:0031640		91	99	186.0	1.49e-62	100.000	Arabidopsis thaliana
AT1G52827.1	335	2	Protein CYSTEINE-RICH TRANSMEMBRANE MODULE 2	GO:0005737;GO:0005634;GO:0009505;GO:0005886;GO:0046872;GO:0140487;GO:1990748;GO:0071585;GO:0010273	Isoform 2  Confers resistance to heavy metal ions (e.g. cadmium (CdCl(2)) and copper (CuCl(2))) by chelating them at the plasma membrane of root cells, thus stopping their entry and reducing their accumulation.	62	98	122.0	1.2e-37	100.000	Arabidopsis thaliana
AT5G48543.1	900	2	Defensin-like protein 147	GO:0005576;GO:0050832;GO:0031640		89	99	179.0	1.4e-59	100.000	Arabidopsis thaliana
AT1G52857.1	520	3	NA	NA	NA	NA	NA	NA	NA	NA	NA
AT1G52857.2	315	2	NA	NA	NA	NA	NA	NA	NA	NA	NA
AT1G52855.1	206	1	NA	NA	NA	NA	NA	NA	NA	NA	NA
AT5G48595.1	382	2	Defensin-like protein 219	GO:0005576;GO:0050832;GO:0031640		98	99	201.0	5.93e-68	100.000	Arabidopsis thaliana
AT5G48605.1	363	2	Defensin-like protein 220	GO:0005576;GO:0050832;GO:0009567;GO:0031640		91	99	185.0	4.12e-62	100.000	Arabidopsis thaliana
AT3G53232.1	173	1	Small polypeptide DEVIL 20	GO:0005886;GO:0008285;GO:0048367	Small polypeptide acting as a regulatory molecule which coordinates cellular responses required for differentiation, growth and development, probably by restricting polar cell proliferation in lateral organs and coordinating socket cell recruitment and differentiation at trichome sites.	57	98	119.0	1.34e-36	100.000	Arabidopsis thaliana
AT1G52990.1	2946	4	Thioredoxin M-type, chloroplastic	GO:0009507;GO:0008047;GO:0015035	Participates in various redox reactions through the reversible oxidation of the active center dithiol to a disulfide. The M form is known to activate NADP-malate dehydrogenase (By similarity).	92	29	76.7	1.8e-16	43.478	Pisum sativum
AT1G52990.2	2248	3	NA	NA	NA	NA	NA	NA	NA	NA	NA
AT3G53294.1	125	1	NA	NA	NA	NA	NA	NA	NA	NA	NA
AT3G53342.1	218	1	NA	NA	NA	NA	NA	NA	NA	NA	NA
AT5G48860.1	1214	2	NA	NA	NA	NA	NA	NA	NA	NA	NA
AT5G48953.1	539	2	Defensin-like protein 76	GO:0005576;GO:0050832;GO:0031640		85	99	178.0	2.25e-59	100.000	Arabidopsis thaliana
AT1G53282.1	331	2	NA	NA	NA	NA	NA	NA	NA	NA	NA
AT1G53285.1	306	2	NA	NA	NA	NA	NA	NA	NA	NA	NA
AT3G53611.1	152	1	NA	NA	NA	NA	NA	NA	NA	NA	NA
AT1G53325.1	506	1	Putative F-box protein At1g58090			151	88	237.0	1.37e-78	76.159	Arabidopsis thaliana
AT1G53366.1	137	1	NA	NA	NA	NA	NA	NA	NA	NA	NA
AT3G53820.1	428	1	Transcriptional regulator TAC1	GO:0005634;GO:0003677;GO:0003700;GO:0008270;GO:0006355	Activation factor which mediates telomerase activity and potentiates responses to auxin through the regulation of BT2. Binds in vitro to the DNA sequence 5'-GACAGTGTTAC-3' of the BT2 promoter.	148	88	79.5	4.62e-19	37.162	Arabidopsis thaliana
AT1G53480.1	1236	2	NA	NA	NA	NA	NA	NA	NA	NA	NA
AT1G53480.2	362	1	NA	NA	NA	NA	NA	NA	NA	NA	NA
AT1G53541.1	110	1	NA	NA	NA	NA	NA	NA	NA	NA	NA
AT1G53542.1	185	1	NA	NA	NA	NA	NA	NA	NA	NA	NA
AT1G53625.1	269	1	NA	NA	NA	NA	NA	NA	NA	NA	NA
AT1G53655.1	744	2	NA	NA	NA	NA	NA	NA	NA	NA	NA
AT5G49440.1	545	1	NA	NA	NA	NA	NA	NA	NA	NA	NA
AT1G53705.1	976	5	NA	NA	NA	NA	NA	NA	NA	NA	NA
AT1G53705.2	976	4	NA	NA	NA	NA	NA	NA	NA	NA	NA
AT1G53708.1	502	3	Small polypeptide DEVIL 22	GO:0005886;GO:0008285;GO:0048367	Small polypeptide acting as a regulatory molecule which coordinates cellular responses required for differentiation, growth and development, probably by restricting polar cell proliferation in lateral organs and coordinating socket cell recruitment and differentiation at trichome sites.	48	44	103.0	7.64e-30	97.917	Arabidopsis thaliana
AT1G53815.1	713	1	Probable F-box protein At1g53815			237	99	489.0	7.93e-178	100.000	Arabidopsis thaliana
AT5G49525.1	242	1	NA	NA	NA	NA	NA	NA	NA	NA	NA
AT1G53887.1	95	1	NA	NA	NA	NA	NA	NA	NA	NA	NA
AT1G53887.2	95	1	NA	NA	NA	NA	NA	NA	NA	NA	NA
AT5G49590.1	818	2	NA	NA	NA	NA	NA	NA	NA	NA	NA
AT3G54363.1	296	1	NA	NA	NA	NA	NA	NA	NA	NA	NA
AT1G53935.1	539	2	Probable transcription factor At4g01260	GO:0005634;GO:0000976;GO:0006355		63	38	77.0	6.45e-17	52.381	Arabidopsis thaliana
AT1G53970.1	366	2	GDSL esterase/lipase 2	GO:0005576;GO:0004064;GO:0016298;GO:0009734;GO:0042742;GO:0098542;GO:0016042;GO:0006629;GO:0010930;GO:0009723;GO:0009753;GO:0009751	Involved in the resistance to the necrotropic bacteria Erwinia carotovora, probably via negative regulation of auxin signaling. Possesses lipase and antimicrobial activities, inhibiting germination of fungal spores (e.g. Alternaria brassicicola).	89	91	151.0	4.69e-46	85.393	Arabidopsis thaliana
AT1G53970.2	366	2	GDSL esterase/lipase 2	GO:0005576;GO:0004064;GO:0016298;GO:0009734;GO:0042742;GO:0098542;GO:0016042;GO:0006629;GO:0010930;GO:0009723;GO:0009753;GO:0009751	Involved in the resistance to the necrotropic bacteria Erwinia carotovora, probably via negative regulation of auxin signaling. Possesses lipase and antimicrobial activities, inhibiting germination of fungal spores (e.g. Alternaria brassicicola).	89	91	151.0	4.69e-46	85.393	Arabidopsis thaliana
AT5G49640.1	212	1	NA	NA	NA	NA	NA	NA	NA	NA	NA
AT5G49645.1	59	1	NA	NA	NA	NA	NA	NA	NA	NA	NA
AT3G54730.1	1163	1	Putative transmembrane protein At3g54730	GO:0016020		387	99	774.0	0.0	100.000	Arabidopsis thaliana
AT3G54730.2	735	2	Probable transcription repressor OFP9	GO:0005634;GO:0045892	Probable transcriptional repressor that may regulate multiple aspects of plant growth and development.	128	99	256.0	3.79e-86	100.000	Arabidopsis thaliana
AT3G54730.3	735	2	Probable transcription repressor OFP9	GO:0005634;GO:0045892	Probable transcriptional repressor that may regulate multiple aspects of plant growth and development.	122	99	244.0	1.43e-81	100.000	Arabidopsis thaliana
AT3G54730.4	1030	2	Probable transcription repressor OFP9	GO:0005634;GO:0045892	Probable transcriptional repressor that may regulate multiple aspects of plant growth and development.	131	82	256.0	9.65e-86	97.710	Arabidopsis thaliana
AT1G54420.1	799	2	NA	NA	NA	NA	NA	NA	NA	NA	NA
AT1G54445.1	434	2	Defensin-like protein 90	GO:0005576;GO:0050832;GO:0031640		78	99	161.0	5.76e-53	100.000	Arabidopsis thaliana
AT1G54575.2	374	1	NA	NA	NA	NA	NA	NA	NA	NA	NA
AT1G54575.1	308	1	NA	NA	NA	NA	NA	NA	NA	NA	NA
AT1G54700.1	179	1	NA	NA	NA	NA	NA	NA	NA	NA	NA
AT1G54720.1	923	3	Sugar transporter ERD6	GO:0005783;GO:0016020;GO:0051119;GO:0022857;GO:0009737;GO:0009409;GO:0009651;GO:0009414;GO:0055085	Sugar transporter.	32	26	57.0	1.07e-09	81.250	Arabidopsis thaliana
AT1G54775.1	230	1	NA	NA	NA	NA	NA	NA	NA	NA	NA
AT1G54953.1	320	2	Serine rich endogenous peptide 22	GO:0048046;GO:0005886;GO:0030275;GO:0033612	Brassicaceae-specific phytocytokine (plant endogenous peptide released into the apoplast) perceived by MIK2 in a BAK1/SERK3 and SERK4 coreceptors-dependent manner, that modulates various physiological and antimicrobial processes including growth prevention and reactive oxygen species (ROS) response regulation.	49	66	73.0	3.74e-18	63.265	Arabidopsis thaliana
AT5G50345.1	343	2	EMBRYO SURROUNDING FACTOR 1-like protein 11			88	99	178.0	2.15e-59	100.000	Arabidopsis thaliana
AT1G54957.1	301	2	Serine rich endogenous peptide 22	GO:0048046;GO:0005886;GO:0030275;GO:0033612	Brassicaceae-specific phytocytokine (plant endogenous peptide released into the apoplast) perceived by MIK2 in a BAK1/SERK3 and SERK4 coreceptors-dependent manner, that modulates various physiological and antimicrobial processes including growth prevention and reactive oxygen species (ROS) response regulation.	68	99	140.0	1.43e-44	100.000	Arabidopsis thaliana
AT5G50361.1	197	1	NA	NA	NA	NA	NA	NA	NA	NA	NA
AT5G50365.1	615	2	NA	NA	NA	NA	NA	NA	NA	NA	NA
AT5G50500.1	407	1	NA	NA	NA	NA	NA	NA	NA	NA	NA
AT5G50540.1	341	1	NA	NA	NA	NA	NA	NA	NA	NA	NA
AT1G55152.1	179	1	NA	NA	NA	NA	NA	NA	NA	NA	NA
AT1G55175.1	1465	5	NA	NA	NA	NA	NA	NA	NA	NA	NA
AT3G55513.1	477	2	NA	NA	NA	NA	NA	NA	NA	NA	NA
AT3G55515.1	239	1	Small polypeptide DEVIL 8	GO:0005886;GO:0008285;GO:0048367	Small polypeptide acting as a regulatory molecule which coordinates cellular responses required for differentiation, growth and development, probably by restricting polar cell proliferation in lateral organs and coordinating socket cell recruitment and differentiation at trichome sites.	79	99	165.0	2.09e-54	100.000	Arabidopsis thaliana
AT1G55207.1	233	1	NA	NA	NA	NA	NA	NA	NA	NA	NA
AT1G55220.1	553	2	NA	NA	NA	NA	NA	NA	NA	NA	NA
AT5G50710.1	557	1	NA	NA	NA	NA	NA	NA	NA	NA	NA
AT3G55670.1	1490	4	F-box/FBD/LRR-repeat protein At3g52680			87	93	171.0	9.32e-52	93.103	Arabidopsis thaliana
AT3G55677.1	497	1	S-protein homolog 2	GO:0005576;GO:0060320		152	89	65.2	2.45e-13	30.263	Arabidopsis thaliana
AT5G50910.1	873	2	NA	NA	NA	NA	NA	NA	NA	NA	NA
AT3G55900.1	323	1	F-box protein At3g55900			81	75	167.0	4.11e-54	97.531	Arabidopsis thaliana
AT5G51090.1	957	4	NA	NA	NA	NA	NA	NA	NA	NA	NA
AT3G56020.1	217	2	Small ribosomal subunit protein eS32	GO:1990904;GO:0005840;GO:0003735;GO:0006412		25	96	41.3	1.46e-06	100.000	Oryza sativa subsp. japonica
AT1G55675.1	326	1	NA	NA	NA	NA	NA	NA	NA	NA	NA
AT3G56390.1	236	1	WRKY transcription factor 55	GO:0005634;GO:0003700;GO:0043565;GO:0000976;GO:0006355;GO:0010468	Transcription factor. Interacts specifically with the W box (5'-(T)TGAC[CT]-3'), a frequently occurring elicitor-responsive cis-acting element (By similarity).	60	76	52.5	6.97e-09	55.000	Arabidopsis thaliana
AT1G55917.1	1152	7	NA	NA	NA	NA	NA	NA	NA	NA	NA
AT3G56610.1	386	1	NA	NA	NA	NA	NA	NA	NA	NA	NA
AT1G56085.1	1026	4	Peptidyl-prolyl cis-trans isomerase CYP59	GO:0005634;GO:0003755;GO:0003723;GO:0008270	PPIases accelerate the folding of proteins. It catalyzes the cis-trans isomerization of proline imidic peptide bonds in oligopeptides. Influences somehow regulation of RNA pol II (CTD) phosphorylation. Binds RNA with preferences for GC-rich sequences. Probably involved in activities connecting transcription and pre-mRNA processing. Involved in brassinostroid response.	23	15	54.8	1.43e-08	95.652	Arabidopsis thaliana
AT5G51650.1	1046	3	NA	NA	NA	NA	NA	NA	NA	NA	NA
AT1G56225.1	952	3	NA	NA	NA	NA	NA	NA	NA	NA	NA
AT1G56233.1	406	2	Defensin-like protein 81	GO:0005576;GO:0006952;GO:0050832;GO:0031640		87	99	174.0	8.39e-58	100.000	Arabidopsis thaliana
AT1G56385.1	458	1	S-protein homolog 2	GO:0005576;GO:0060320		159	99	75.9	1.25e-17	31.447	Arabidopsis thaliana
AT3G57072.1	137	1	NA	NA	NA	NA	NA	NA	NA	NA	NA
AT3G57110.1	410	1	Exonuclease V, chloroplastic	GO:0009507;GO:0005634;GO:0051539;GO:0003677;GO:0046872;GO:0045145;GO:0036297	Single-stranded DNA (ssDNA) bidirectional exonuclease. Has both 5'-3' and 3'-5' exonuclease activities with a strong preference for 5'-ends (By similarity).	126	92	202.0	8.67e-65	88.889	Arabidopsis thaliana
AT5G52080.1	107	1	NA	NA	NA	NA	NA	NA	NA	NA	NA
AT5G52115.1	1536	2	NA	NA	NA	NA	NA	NA	NA	NA	NA
AT1G56530.1	1651	2	NA	NA	NA	NA	NA	NA	NA	NA	NA
AT3G57310.1	311	1	Probable non-specific lipid-transfer protein AKCS9	GO:0008289;GO:0006869	Potential lipid transfer protein.	72	69	75.0	2.62e-18	47.222	Vigna unguiculata
AT3G57465.1	507	3	Insulin-degrading enzyme-like 2	GO:0005829;GO:0005739;GO:0046872;GO:0004222;GO:0043171;GO:0051603		33	65	53.9	7.42e-09	90.909	Arabidopsis thaliana
AT3G57587.1	1094	1	Uncharacterized protein At4g02000			311	76	231.0	1.98e-74	50.804	Arabidopsis thaliana
AT1G57613.1	533	3	NA	NA	NA	NA	NA	NA	NA	NA	NA
AT1G57760.1	347	1	NA	NA	NA	NA	NA	NA	NA	NA	NA
AT3G57850.1	414	2	NA	NA	NA	NA	NA	NA	NA	NA	NA
AT1G57906.1	1383	3	F-box protein At2g17690	GO:0016567;GO:0009408	Involved in heat stress response. Contributes to recovery from heat stress.	216	81	184.0	1.01e-56	49.537	Arabidopsis thaliana
AT3G57900.1	293	2	Outer envelope pore protein 16-3, chloroplastic/mitochondrial	GO:0009507;GO:0009707;GO:0005829;GO:0005741;GO:0005739;GO:0009527;GO:0046930;GO:0045271;GO:0042721;GO:0015288;GO:0042803;GO:0006811;GO:0045039	Voltage-dependent high-conductance channel with a slight cation-selectivity; selective for amino acids but excludes triosephosphates or uncharged sugars. Non-essential amino acid-selective channel protein and translocation pore for NADPH:protochlorophyllide oxidoreductase A (PORA) and possibly PORB (By similarity).	30	43	50.3	1.1e-08	66.667	Arabidopsis thaliana
AT1G58055.1	323	2	Defensin-like protein 117	GO:0005576;GO:0050832;GO:0031640		79	99	157.0	2.68e-51	100.000	Arabidopsis thaliana
AT1G58150.1	355	2	NA	NA	NA	NA	NA	NA	NA	NA	NA
AT1G58235.1	224	1	NA	NA	NA	NA	NA	NA	NA	NA	NA
AT1G58235.2	224	1	NA	NA	NA	NA	NA	NA	NA	NA	NA
AT1G58242.1	275	1	NA	NA	NA	NA	NA	NA	NA	NA	NA
AT1G58245.1	260	1	NA	NA	NA	NA	NA	NA	NA	NA	NA
AT1G58248.1	275	1	NA	NA	NA	NA	NA	NA	NA	NA	NA
AT1G58265.1	479	1	Isoleucine N-monooxygenase 1	GO:0020037;GO:0005506;GO:0102001;GO:0004497;GO:0102002;GO:0019756	Involved in the biosynthesis of the cyanogenic glucosides linamarin and lotaustralin and of the nitirle glucosides rhodiocyanoside A and D (PubMed:15122013). Can use L-isoleucine > L-valine as substrate, but not L-leucine, L-phenylalanine or L-tyrosine (PubMed:15122013). Catalyzes multi-step reactions starting with two successive N-hydroxylations using L-isoleucine and, to a lower extent, L-valine as substrates leading to the formation of N,N-dihydroxy-L-valine and N,N-dihydroxy-L-isoleucine, respectively; following spontaneous reactions lead to the production of (E)-2-methylpropanal oxime and (1E,2S)-2-methylbutanal oxime, respectively (PubMed:15122013).	111	69	118.0	9.14e-32	47.748	Lotus japonicus
AT5G53410.1	107	1	NA	NA	NA	NA	NA	NA	NA	NA	NA
AT3G58877.1	179	1	NA	NA	NA	NA	NA	NA	NA	NA	NA
AT3G58910.1	773	2	Putative F-box protein At3g58910			214	99	408.0	9.28e-147	100.000	Arabidopsis thaliana
AT5G53600.1	335	1	Glucan endo-1,3-beta-glucosidase	GO:0005886;GO:0042973;GO:0005975;GO:0006952	Is thought to be an important plant defense-related product against fungal pathogens.	83	74	98.1	7.76e-25	50.602	Triticum aestivum
AT5G53740.1	3275	8	NA	NA	NA	NA	NA	NA	NA	NA	NA
AT5G53742.1	347	1	NA	NA	NA	NA	NA	NA	NA	NA	NA
AT5G53905.1	1106	3	NA	NA	NA	NA	NA	NA	NA	NA	NA
AT3G59245.1	418	4	Pirin-like protein 2	GO:0005829;GO:0005634;GO:0046872;GO:0030414;GO:0042742	Involved in susceptibility to the bacterial plant pathogen Ralstonia solanacearum. Stabilizes the xylem cysteine protease XCP2 by blocking its autolysis.	33	52	51.1	1.97e-08	69.697	Arabidopsis thaliana
AT1G59690.1	510	2	Putative F-box protein At4g09190			161	90	65.5	1.37e-12	28.571	Arabidopsis thaliana
AT5G54067.1	380	1	B3 domain-containing protein At5g54067	GO:0005634;GO:0003677		126	99	255.0	1.47e-88	100.000	Arabidopsis thaliana
AT1G59722.1	532	2	NA	NA	NA	NA	NA	NA	NA	NA	NA
AT1G59723.1	480	3	NA	NA	NA	NA	NA	NA	NA	NA	NA
AT1G59724.1	490	3	NA	NA	NA	NA	NA	NA	NA	NA	NA
AT1G59833.1	377	2	Putative defensin-like protein 63	GO:0005576;GO:0050832;GO:0031640		84	99	174.0	5.98e-58	100.000	Arabidopsis thaliana
AT1G59865.1	974	3	NA	NA	NA	NA	NA	NA	NA	NA	NA
AT1G59865.2	502	2	NA	NA	NA	NA	NA	NA	NA	NA	NA
AT1G59885.1	507	2	NA	NA	NA	NA	NA	NA	NA	NA	NA
AT5G54460.1	524	2	NA	NA	NA	NA	NA	NA	NA	NA	NA
AT3G60060.1	787	4	Fatty acyl-CoA reductase 6, chloroplastic	GO:0009507;GO:0102965;GO:0080019;GO:0035336;GO:0009611;GO:0010345	Catalyzes the reduction of fatty acyl-CoA and -ACP (acyl carrier protein) substrates to fatty alcohols (PubMed:19062129, PubMed:22166367). Triggers the accumulation of C16 and, to a lower extent, of C18 fatty alcohols; converts palmitoyl-acyl carrier protein to the corresponding C16:0 alcohol with NAD(P)H as electron donor (PubMed:22166367). Also triggers the formation of some C16:0 and C18:0 aldehydes (PubMed:22166367). May be involved in the generation of C30 primary alcohol (PubMed:16980563).	122	63	77.0	1.94e-16	42.623	Arabidopsis thaliana
AT3G60286.1	140	1	NA	NA	NA	NA	NA	NA	NA	NA	NA
AT3G60286.2	140	1	NA	NA	NA	NA	NA	NA	NA	NA	NA
AT3G60286.3	140	1	NA	NA	NA	NA	NA	NA	NA	NA	NA
AT3G60286.4	140	1	NA	NA	NA	NA	NA	NA	NA	NA	NA
AT3G60286.5	140	1	NA	NA	NA	NA	NA	NA	NA	NA	NA
AT3G60286.6	140	1	NA	NA	NA	NA	NA	NA	NA	NA	NA
AT3G60328.1	158	1	NA	NA	NA	NA	NA	NA	NA	NA	NA
AT5G54950.1	410	2	Aconitate hydratase 3, mitochondrial	GO:0009507;GO:0009570;GO:0005737;GO:0005829;GO:0005739;GO:0009505;GO:0000325;GO:0051539;GO:0003994;GO:0005524;GO:0005507;GO:0030350;GO:0006101;GO:0006097;GO:0006102;GO:0009737;GO:0006979;GO:0090351;GO:0006099	Catalyzes the isomerization of citrate to isocitrate via cis-aconitate. Contributes to oxidative stress tolerance (PubMed:17013749). Modulates cytosolic citrate metabolism during lipid mobilization. Required during seedling growth (PubMed:25061985).	60	80	99.8	3.33e-25	71.667	Arabidopsis thaliana
AT5G55010.1	329	1	NA	NA	NA	NA	NA	NA	NA	NA	NA
AT1G60720.1	869	1	NA	NA	NA	NA	NA	NA	NA	NA	NA
AT5G55131.1	406	2	Putative defensin-like protein 84	GO:0005576;GO:0050832;GO:0031640		87	99	178.0	2.98e-59	100.000	Arabidopsis thaliana
AT1G60815.1	245	1	Protein RALF-like 7	GO:0048046;GO:0005179;GO:0005102;GO:0019722;GO:0007267;GO:0060468;GO:0040008	Cell signaling peptide that may regulate plant stress, growth, and development. Mediates a rapid alkalinization of extracellular space by mediating a transient increase in the cytoplasmic Ca(2+) concentration leading to a calcium-dependent signaling events through a cell surface receptor and a concomitant activation of some intracellular mitogen-activated protein kinases (By similarity).	81	99	168.0	1.08e-55	100.000	Arabidopsis thaliana
AT3G60760.1	586	2	NA	NA	NA	NA	NA	NA	NA	NA	NA
AT5G55460.1	435	2	Putative lipid-transfer protein DIR1	GO:0048046;GO:0005783;GO:0009506;GO:0099503;GO:0005504;GO:0008270;GO:0006869;GO:0009627;GO:0009862	Putative lipid transfer protein required for systemic acquired resistance (SAR) long distance signaling. May interact with a lipid-derived molecule to promote long distance signaling associated with SAR. Together with AZI1, required for glycerol-3-phosphate- (G3P) and azelaic acid- (AA) induced systemic acquired resistance (SAR). Component of plant systemic immunity involved in priming defenses in a AA-dependent manner, by modulating production and/or translocation of a mobile signal(s) during SAR. Is able to bind with high affinity monoacylated phospholipids, mainly lysophosphatidylcholines (PubMed:18552128).	81	72	59.5	3.44e-12	35.802	Arabidopsis thaliana
AT5G55565.1	194	1	Defensin-like protein 41	GO:0050832;GO:0031640		64	98	134.0	1.3e-42	100.000	Arabidopsis thaliana
AT1G61165.1	107	1	NA	NA	NA	NA	NA	NA	NA	NA	NA
AT3G60966.1	419	1	RING-H2 finger protein ATL34	GO:0016020;GO:0061630;GO:0008270;GO:0016567		60	43	71.4	5.1e-15	50.000	Arabidopsis thaliana
AT3G60975.1	1309	4	NA	NA	NA	NA	NA	NA	NA	NA	NA
AT5G55790.1	575	1	NA	NA	NA	NA	NA	NA	NA	NA	NA
AT5G55790.2	575	1	NA	NA	NA	NA	NA	NA	NA	NA	NA
AT5G55790.3	575	1	NA	NA	NA	NA	NA	NA	NA	NA	NA
AT5G55800.1	1736	1	Protein VACUOLELESS GAMETOPHYTES	GO:0005771;GO:0008270;GO:0009561;GO:0055046;GO:0009617;GO:0002237;GO:0002238;GO:0002240	Essential for development of both female (megagametogenesis) and male (microgametogenesis) gametophytes by promoting the formation of large vacuoles early in development, maybe via the regulation of vesicular fusion.	183	54	66.3	2.07e-11	29.508	Arabidopsis thaliana
AT5G55870.1	674	1	NA	NA	NA	NA	NA	NA	NA	NA	NA
AT3G61117.1	128	1	NA	NA	NA	NA	NA	NA	NA	NA	NA
AT5G55893.1	1157	5	NA	NA	NA	NA	NA	NA	NA	NA	NA
AT5G55893.2	1157	5	NA	NA	NA	NA	NA	NA	NA	NA	NA
AT5G55893.3	1157	5	NA	NA	NA	NA	NA	NA	NA	NA	NA
AT3G61177.1	321	2	Putative defensin-like protein 119	GO:0005576;GO:0050832;GO:0031640		75	99	155.0	1.59e-50	100.000	Arabidopsis thaliana
AT5G55980.1	341	1	NA	NA	NA	NA	NA	NA	NA	NA	NA
AT1G61575.1	278	2	NA	NA	NA	NA	NA	NA	NA	NA	NA
AT1G61575.2	278	2	NA	NA	NA	NA	NA	NA	NA	NA	NA
AT1G61688.1	560	2	Defensin-like protein 106	GO:0005576;GO:0050832;GO:0031640		105	99	216.0	9.74e-74	100.000	Arabidopsis thaliana
AT3G61571.1	161	1	NA	NA	NA	NA	NA	NA	NA	NA	NA
AT3G61723.1	318	2	Histone-lysine N-methyltransferase ATX3	GO:0048188;GO:0042054;GO:0008270;GO:0040029;GO:0032259;GO:0006357	Histone methyltransferase.	44	59	79.5	3.5e-18	79.545	Arabidopsis thaliana
AT3G61826.1	92	1	NA	NA	NA	NA	NA	NA	NA	NA	NA
AT3G61829.1	131	1	NA	NA	NA	NA	NA	NA	NA	NA	NA
AT1G61920.1	170	1	NA	NA	NA	NA	NA	NA	NA	NA	NA
AT5G56555.1	265	2	NA	NA	NA	NA	NA	NA	NA	NA	NA
AT3G61898.1	170	1	NA	NA	NA	NA	NA	NA	NA	NA	NA
AT3G61962.1	125	1	NA	NA	NA	NA	NA	NA	NA	NA	NA
AT1G62421.1	314	1	NA	NA	NA	NA	NA	NA	NA	NA	NA
AT3G62499.1	230	1	NA	NA	NA	NA	NA	NA	NA	NA	NA
AT5G57123.1	203	1	NA	NA	NA	NA	NA	NA	NA	NA	NA
AT3G62528.1	173	1	NA	NA	NA	NA	NA	NA	NA	NA	NA
AT1G62895.1	869	5	NA	NA	NA	NA	NA	NA	NA	NA	NA
AT3G63052.1	200	1	NA	NA	NA	NA	NA	NA	NA	NA	NA
AT5G57535.1	134	1	NA	NA	NA	NA	NA	NA	NA	NA	NA
AT1G62915.1	737	3	NA	NA	NA	NA	NA	NA	NA	NA	NA
AT3G63088.1	146	1	Small polypeptide DEVIL 14	GO:0005886;GO:0008285;GO:0048367	Small polypeptide acting as a regulatory molecule which coordinates cellular responses required for differentiation, growth and development, probably by restricting polar cell proliferation in lateral organs and coordinating socket cell recruitment and differentiation at trichome sites.	48	98	98.4	1.31e-28	100.000	Arabidopsis thaliana
AT1G62978.1	146	1	NA	NA	NA	NA	NA	NA	NA	NA	NA
AT5G57650.1	488	2	NA	NA	NA	NA	NA	NA	NA	NA	NA
AT5G57760.1	236	1	NA	NA	NA	NA	NA	NA	NA	NA	NA
AT5G57785.1	221	1	NA	NA	NA	NA	NA	NA	NA	NA	NA
AT5G57785.2	221	1	NA	NA	NA	NA	NA	NA	NA	NA	NA
AT5G57887.1	254	1	NA	NA	NA	NA	NA	NA	NA	NA	NA
AT1G63280.1	362	1	Serpin-Z2	GO:0005615;GO:0005634;GO:0004867;GO:0006974;GO:0006281	Probable serine protease inhibitor.	118	96	161.0	2.87e-49	66.102	Arabidopsis thaliana
AT1G63535.1	182	1	Putative defensin-like protein 279	GO:0005576;GO:0050832;GO:0031640		60	98	123.0	4.46e-38	100.000	Arabidopsis thaliana
AT5G58570.1	260	1	NA	NA	NA	NA	NA	NA	NA	NA	NA
AT1G64195.1	337	2	Defensin-like protein 35	GO:0005576;GO:0050832;GO:0031640		72	99	149.0	2.9e-48	100.000	Arabidopsis thaliana
AT5G59060.1	332	1	NA	NA	NA	NA	NA	NA	NA	NA	NA
AT5G59305.1	447	3	CLAVATA3/ESR (CLE)-related protein 46	GO:0005576;GO:0045168	CLE46p  Extracellular signal peptide that regulates cell fate.	76	99	158.0	1.36e-51	100.000	Arabidopsis thaliana
AT5G59305.2	316	2	CLAVATA3/ESR (CLE)-related protein 46	GO:0005576;GO:0045168	CLE46p  Extracellular signal peptide that regulates cell fate.	51	86	107.0	9.66e-32	100.000	Arabidopsis thaliana
AT1G64561.1	434	2	NA	NA	NA	NA	NA	NA	NA	NA	NA
AT1G64585.1	164	1	Small polypeptide DEVIL 12	GO:0005886;GO:0008285;GO:0048367	Small polypeptide acting as a regulatory molecule which coordinates cellular responses required for differentiation, growth and development, probably by restricting polar cell proliferation in lateral organs and coordinating socket cell recruitment and differentiation at trichome sites.	54	98	111.0	1.53e-33	100.000	Arabidopsis thaliana
AT5G59616.1	566	2	Probable LRR receptor-like serine/threonine-protein kinase At5g59680	GO:0016020;GO:0005524;GO:0106310;GO:0004674		152	99	233.0	2.44e-73	68.421	Arabidopsis thaliana
AT1G64633.1	2	1	NA	NA	NA	NA	NA	NA	NA	NA	NA
AT1G64795.1	269	2	NA	NA	NA	NA	NA	NA	NA	NA	NA
AT1G65113.1	373	2	Defensin-like protein 226	GO:0005576;GO:0050832;GO:0031640;GO:0007165		92	99	190.0	9.68e-64	100.000	Arabidopsis thaliana
AT5G60215.1	334	3	NA	NA	NA	NA	NA	NA	NA	NA	NA
AT5G60240.1	246	2	NA	NA	NA	NA	NA	NA	NA	NA	NA
AT5G60260.1	831	4	NA	NA	NA	NA	NA	NA	NA	NA	NA
AT5G60265.1	1324	5	NA	NA	NA	NA	NA	NA	NA	NA	NA
AT5G60290.1	979	4	NA	NA	NA	NA	NA	NA	NA	NA	NA
AT1G65350.1	4757	2	Polyubiquitin 4	GO:0005737;GO:0005634;GO:0003729;GO:0031386;GO:0031625;GO:0019941;GO:0016567;GO:0006511	Ubiquitin exists either covalently attached to another protein, or free (unanchored). When covalently bound, it is conjugated to target proteins via an isopeptide bond either as a monomer (monoubiquitin), a polymer linked via different Lys residues of the ubiquitin (polyubiquitin chains) or a linear polymer linked via the initiator Met of the ubiquitin (linear polyubiquitin chains). Polyubiquitin chains, when attached to a target protein, have different functions depending on the Lys residue of the ubiquitin that is linked: Lys-11-linked is involved in ERAD (endoplasmic reticulum-associated degradation) and in cell-cycle regulation; Lys-29-linked is involved in lysosomal degradation; Lys-33-linked is involved in kinase modification; Lys-48-linked is involved in protein degradation via the proteasome; Lys-63-linked is involved in endocytosis, and DNA-damage responses. Linear polymer chains formed via attachment by the initiator Met lead to cell signaling. Ubiquitin is usually conjugated to Lys residues of target proteins, however, in rare cases, conjugation to Cys or Ser residues has been observed. When polyubiquitin is free (unanchored-polyubiquitin), it also has distinct roles, such as in activation of protein kinases, and in signaling (By similarity).	320	99	581.0	0.0	93.750	Arabidopsis thaliana
AT1G65346.1	857	2	NA	NA	NA	NA	NA	NA	NA	NA	NA
AT1G65349.1	371	2	NA	NA	NA	NA	NA	NA	NA	NA	NA
AT1G65352.1	526	2	Defensin-like protein 266	GO:0005576;GO:0003729;GO:0050832;GO:0031640		81	99	166.0	8.88e-55	100.000	Arabidopsis thaliana
AT1G65425.1	731	2	Putative F-box/kelch-repeat protein At1g13200			47	42	59.8	7.02e-11	63.830	Arabidopsis thaliana
AT1G65481.1	460	2	Serine rich endogenous peptide 17	GO:0048046;GO:0005886;GO:0030275;GO:0033612;GO:1903409	Brassicaceae-specific phytocytokine (plant endogenous peptide released into the apoplast) perceived by MIK2 in a BAK1/SERK3 and SERK4 coreceptors-dependent manner, that modulates various physiological and antimicrobial processes including growth prevention and reactive oxygen species (ROS) response regulation.	87	99	155.0	3.81e-50	100.000	Arabidopsis thaliana
AT1G65483.1	297	2	NA	NA	NA	NA	NA	NA	NA	NA	NA
AT1G65483.2	297	2	NA	NA	NA	NA	NA	NA	NA	NA	NA
AT1G65541.1	95	1	NA	NA	NA	NA	NA	NA	NA	NA	NA
AT1G65735.1	574	2	F-box protein At4g35733	GO:0016567	Component of SCF(ASK-cullin-F-box) E3 ubiquitin ligase complexes, which may mediate the ubiquitination and subsequent proteasomal degradation of target proteins.	56	83	77.8	3.14e-18	64.286	Arabidopsis thaliana
AT5G60805.1	427	2	Putative defensin-like protein 224	GO:0005576;GO:0050832;GO:0031640		106	99	217.0	2.37e-74	100.000	Arabidopsis thaliana
AT5G60945.1	338	1	NA	NA	NA	NA	NA	NA	NA	NA	NA
AT5G60964.1	338	1	NA	NA	NA	NA	NA	NA	NA	NA	NA
AT1G66045.1	525	2	NA	NA	NA	NA	NA	NA	NA	NA	NA
AT1G66235.1	925	2	Glutathione S-transferase T3	GO:0005737;GO:0005634;GO:0009536;GO:0004364;GO:0009407	May be involved in the conjugation of reduced glutathione to a wide number of exogenous and endogenous hydrophobic electrophiles and have a detoxification role against certain herbicides.	218	73	64.9	5.12e-11	26.606	Arabidopsis thaliana
AT1G66235.2	699	2	NA	NA	NA	NA	NA	NA	NA	NA	NA
AT5G61997.1	119	1	NA	NA	NA	NA	NA	NA	NA	NA	NA
AT5G62400.1	992	2	NA	NA	NA	NA	NA	NA	NA	NA	NA
AT5G62573.1	245	2	NA	NA	NA	NA	NA	NA	NA	NA	NA
AT5G62627.1	591	2	Putative defensin-like protein 265	GO:0005576;GO:0050832;GO:0031640		81	99	164.0	9.42e-54	100.000	Arabidopsis thaliana
AT1G67265.1	122	1	Small polypeptide DEVIL 3	GO:0005886;GO:0008285;GO:0010218;GO:0010114;GO:0048367	Small polypeptide acting as a regulatory molecule which coordinates cellular responses required for differentiation, growth and development, including leaves shape, pedicule elongation, inflorescence organization and fruit maturation, probably by restricting polar cell proliferation in lateral organs and coordinating socket cell recruitment and differentiation at trichome sites.	40	98	83.7	5.8e-23	100.000	Arabidopsis thaliana
AT5G62780.1	751	2	NA	NA	NA	NA	NA	NA	NA	NA	NA
AT5G62998.1	113	1	NA	NA	NA	NA	NA	NA	NA	NA	NA
AT5G63085.1	368	2	NA	NA	NA	NA	NA	NA	NA	NA	NA
AT1G67635.1	332	1	Phosphatidylinositol 4-kinase gamma 2	GO:0005737;GO:0016020;GO:0005634;GO:0000325;GO:0004430;GO:0005524;GO:0034051;GO:0050821;GO:0009651;GO:0048364	The phosphorylation of phosphatidylinositol (PI) to PI4P is the first committed step in the generation of phosphatidylinositol 4,5-bisphosphate (PIP2), a precursor of the second messenger inositol 1,4,5-trisphosphate (InsP3).	103	91	49.1	4.47e-07	28.155	Arabidopsis thaliana
AT1G67635.2	236	1	NA	NA	NA	NA	NA	NA	NA	NA	NA
AT5G63340.1	780	4	NA	NA	NA	NA	NA	NA	NA	NA	NA
AT5G63375.1	447	2	NA	NA	NA	NA	NA	NA	NA	NA	NA
AT5G63625.1	1427	3	Ubiquinol oxidase 1a, mitochondrial	GO:0009507;GO:0005743;GO:0005739;GO:0009916;GO:0046872;GO:0106292;GO:0102721;GO:0010230;GO:0045333;GO:0031930;GO:0009409	Catalyzes the cyanide-resistant oxidation of ubiquinol and the reduction of molecular oxygen to water, but does not translocate protons and consequently is not linked to oxidative phosphorylation. Increases respiration when the cytochrome respiratory pathway is restricted, or in response to low temperatures.	33	26	61.8	1.49e-11	84.848	Arabidopsis thaliana
AT1G68325.1	962	4	Glutamine--tRNA ligase	GO:0005829;GO:0005524;GO:0004819;GO:0006425;GO:0009791;GO:0048608		73	68	74.5	4.36e-16	60.274	Lupinus luteus
AT1G68420.1	263	1	Asparagine--tRNA ligase, cytoplasmic 3	GO:0005829;GO:0005739;GO:0004816;GO:0005524;GO:0003677;GO:0006421		77	88	109.0	4.77e-29	64.935	Arabidopsis thaliana
AT1G68526.1	369	2	NA	NA	NA	NA	NA	NA	NA	NA	NA
AT5G64395.1	95	1	NA	NA	NA	NA	NA	NA	NA	NA	NA
AT5G64401.1	161	1	NA	NA	NA	NA	NA	NA	NA	NA	NA
AT5G64687.1	335	3	Ubiquinol oxidase 1a, mitochondrial	GO:0009507;GO:0005743;GO:0005739;GO:0009916;GO:0046872;GO:0106292;GO:0102721;GO:0010230;GO:0045333;GO:0031930;GO:0009409	Catalyzes the cyanide-resistant oxidation of ubiquinol and the reduction of molecular oxygen to water, but does not translocate protons and consequently is not linked to oxidative phosphorylation. Increases respiration when the cytochrome respiratory pathway is restricted, or in response to low temperatures.	54	87	53.1	3.71e-09	62.963	Arabidopsis thaliana
AT5G64687.2	170	1	Ubiquinol oxidase 1a, mitochondrial	GO:0009507;GO:0005743;GO:0005739;GO:0009916;GO:0046872;GO:0106292;GO:0102721;GO:0010230;GO:0045333;GO:0031930;GO:0009409	Catalyzes the cyanide-resistant oxidation of ubiquinol and the reduction of molecular oxygen to water, but does not translocate protons and consequently is not linked to oxidative phosphorylation. Increases respiration when the cytochrome respiratory pathway is restricted, or in response to low temperatures.	56	98	55.0	5.58e-10	64.286	Arabidopsis thaliana
AT1G68825.1	140	1	Small polypeptide DEVIL 5	GO:0005886;GO:0008285;GO:0048367	Small polypeptide acting as a regulatory molecule which coordinates cellular responses required for differentiation, growth and development, including leaves shape, pedicule elongation, inflorescence organization and fruit maturation, probably by restricting polar cell proliferation in lateral organs and coordinating socket cell recruitment and differentiation at trichome sites.	46	98	93.9	7.24e-27	100.000	Arabidopsis thaliana
AT1G68825.2	140	1	Small polypeptide DEVIL 5	GO:0005886;GO:0008285;GO:0048367	Small polypeptide acting as a regulatory molecule which coordinates cellular responses required for differentiation, growth and development, including leaves shape, pedicule elongation, inflorescence organization and fruit maturation, probably by restricting polar cell proliferation in lateral organs and coordinating socket cell recruitment and differentiation at trichome sites.	46	98	93.9	7.24e-27	100.000	Arabidopsis thaliana
AT1G68862.1	1179	3	NA	NA	NA	NA	NA	NA	NA	NA	NA
AT1G68862.2	1040	2	NA	NA	NA	NA	NA	NA	NA	NA	NA
AT1G68862.3	1179	3	NA	NA	NA	NA	NA	NA	NA	NA	NA
AT1G68862.4	1179	3	NA	NA	NA	NA	NA	NA	NA	NA	NA
AT1G68945.1	146	1	NA	NA	NA	NA	NA	NA	NA	NA	NA
AT5G65005.1	791	1	NA	NA	NA	NA	NA	NA	NA	NA	NA
AT5G65225.1	5005	11	NA	NA	NA	NA	NA	NA	NA	NA	NA
AT1G69588.1	374	1	CLAVATA3/ESR (CLE)-related protein 45	GO:0048046;GO:0033612;GO:0009734;GO:0045168;GO:0010078;GO:0010088;GO:0010928;GO:0045595;GO:0080092;GO:0009266	CLE45p  Extracellular signal peptide that regulates cell fate (PubMed:16902140). Promotes the interactions between BAMs and CIKs proteins and triggers the phosphorylation of CIKs in a CLV1- BAM1- and BAM3-dependent manner (PubMed:34651321). Represses root apical meristem maintenance (PubMed:16902140, PubMed:23569225). Represses protophloem differentiation in a BAM3-dependent manner (PubMed:23569225). BRX, BAM3, and CLE45 act together to regulate the transition of protophloem cells from proliferation to differentiation, thus impinging on postembryonic growth capacity of the root meristem; this signaling pathway requires CRN and CLV2 and involves MAKR5 for its transduction/amplification (PubMed:23569225, PubMed:27354416, PubMed:28607033). Collaboratively with CLE25 and CLE26, prevents protophloem differentiation and triggers the consumption of the proximal root meristem in a BAMs- and CIKs-dependent manner (PubMed:34651321). Triggers the accumulation of MAKR5 in developing sieve elements in a BAM3-dependent manner (PubMed:27354416). Prevents, in a dose-dependent manner, auxin response in the root meristem thus leading in the repression of protophloem differentiation and periclinal sieve element precursor cell division (PubMed:25049386). Promotes pollen tube growth prolongation in a SKM1 and SKM2-dependent manner, especially under relatively high temperature (at 30 degrees Celsius), thus conferring tolerance against high temperature probably through the maintenance of mitochondrial activity (PubMed:23910659). Alleviates mitochondrial decay pollen tube in vitro culture (PubMed:23910659).	124	99	258.0	1.09e-89	100.000	Arabidopsis thaliana
AT5G65495.1	284	1	Protein SKIP34			94	99	135.0	2.2e-42	100.000	Arabidopsis thaliana
AT5G65580.1	308	1	NA	NA	NA	NA	NA	NA	NA	NA	NA
AT5G65609.1	182	1	NA	NA	NA	NA	NA	NA	NA	NA	NA
AT1G69818.1	482	2	Defensin-like protein 34	GO:0005576;GO:0050832;GO:0031640		73	99	153.0	1.13e-49	100.000	Arabidopsis thaliana
AT1G69825.1	433	2	Putative defensin-like protein 33	GO:0005576;GO:0050832;GO:0031640		73	99	154.0	4.72e-50	100.000	Arabidopsis thaliana
AT1G69828.1	426	2	Putative defensin-like protein 36	GO:0005576;GO:0050832;GO:0031640		74	99	151.0	8.06e-49	100.000	Arabidopsis thaliana
AT5G66052.1	203	1	NA	NA	NA	NA	NA	NA	NA	NA	NA
AT5G66053.1	146	1	NA	NA	NA	NA	NA	NA	NA	NA	NA
AT1G70209.1	143	1	NA	NA	NA	NA	NA	NA	NA	NA	NA
AT1G70270.2	323	1	NA	NA	NA	NA	NA	NA	NA	NA	NA
AT1G70270.1	260	1	NA	NA	NA	NA	NA	NA	NA	NA	NA
AT5G66340.1	651	3	NA	NA	NA	NA	NA	NA	NA	NA	NA
AT1G70360.2	263	1	F-box protein At1g70360			68	77	137.0	2.74e-42	97.059	Arabidopsis thaliana
AT1G70360.1	604	2	F-box protein At1g70360			174	90	351.0	6.57e-125	100.000	Arabidopsis thaliana
AT5G66607.1	113	1	NA	NA	NA	NA	NA	NA	NA	NA	NA
AT5G66658.1	224	1	NA	NA	NA	NA	NA	NA	NA	NA	NA
AT1G70895.1	299	1	CLAVATA3/ESR (CLE)-related protein 17	GO:0048046;GO:0045168;GO:0010311;GO:0010078;GO:0010088;GO:0045597;GO:0045595;GO:0048863	CLE17p  Extracellular signal peptide that regulates cell fate. Represses root apical meristem maintenance. Regulates the transition of protophloem cells from proliferation to differentiation, thus impinging on postembryonic growth capacity of the root meristem; this signaling pathway requires CRN and CLV2 (PubMed:28607033).	99	99	206.0	6.2e-70	100.000	Arabidopsis thaliana
AT1G70895.2	299	1	CLAVATA3/ESR (CLE)-related protein 17	GO:0048046;GO:0045168;GO:0010311;GO:0010078;GO:0010088;GO:0045597;GO:0045595;GO:0048863	CLE17p  Extracellular signal peptide that regulates cell fate. Represses root apical meristem maintenance. Regulates the transition of protophloem cells from proliferation to differentiation, thus impinging on postembryonic growth capacity of the root meristem; this signaling pathway requires CRN and CLV2 (PubMed:28607033).	99	99	206.0	6.2e-70	100.000	Arabidopsis thaliana
AT1G70944.1	116	1	NA	NA	NA	NA	NA	NA	NA	NA	NA
AT1G70949.1	263	1	NA	NA	NA	NA	NA	NA	NA	NA	NA
AT5G67245.1	185	1	NA	NA	NA	NA	NA	NA	NA	NA	NA
AT1G72141.1	176	1	NA	NA	NA	NA	NA	NA	NA	NA	NA
AT1G72645.1	257	1	NA	NA	NA	NA	NA	NA	NA	NA	NA
AT1G74675.1	1013	3	NA	NA	NA	NA	NA	NA	NA	NA	NA
AT1G74675.2	532	2	NA	NA	NA	NA	NA	NA	NA	NA	NA
AT1G74929.1	101	1	NA	NA	NA	NA	NA	NA	NA	NA	NA
AT1G75335.1	290	1	NA	NA	NA	NA	NA	NA	NA	NA	NA
AT1G75945.1	396	2	NA	NA	NA	NA	NA	NA	NA	NA	NA
AT1G76465.1	382	2	NA	NA	NA	NA	NA	NA	NA	NA	NA
AT1G76705.1	689	3	Protein IQ-DOMAIN 12	GO:0005634;GO:0005886;GO:0005516	May be involved in cooperative interactions with calmodulins or calmodulin-like proteins (By similarity). Recruits calmodulin proteins to microtubules, thus being a potential scaffold in cellular signaling and trafficking (By similarity). May associate with nucleic acids and regulate gene expression at the transcriptional or post-transcriptional level (By similarity).	54	68	111.0	9.49e-30	92.593	Arabidopsis thaliana
AT1G76728.1	101	1	NA	NA	NA	NA	NA	NA	NA	NA	NA
AT1G76840.1	722	3	NA	NA	NA	NA	NA	NA	NA	NA	NA
AT1G76910.1	886	5	NA	NA	NA	NA	NA	NA	NA	NA	NA
AT1G76994.1	161	1	NA	NA	NA	NA	NA	NA	NA	NA	NA
AT1G77150.1	294	2	Pentatricopeptide repeat-containing protein At1g77170, mitochondrial	GO:0005739;GO:0003723;GO:0009451		48	99	102.0	7.93e-27	95.833	Arabidopsis thaliana
AT1G77655.1	290	1	NA	NA	NA	NA	NA	NA	NA	NA	NA
AT1G77815.1	302	1	NA	NA	NA	NA	NA	NA	NA	NA	NA
AT1G77830.1	592	2	E3 ubiquitin-protein ligase RDUF2	GO:0005737;GO:0005829;GO:0061630;GO:0004842;GO:0008270;GO:0009738;GO:0051865;GO:0016567;GO:0009737;GO:0009414	E3 ubiquitin-protein ligase involved in the positive regulation of abscisic acid-dependent drought stress responses. Possesses E3 ubiquitin ligase activity in vitro.	62	33	48.0	6e-06	38.710	Arabidopsis thaliana
AT1G77880.2	984	2	NA	NA	NA	NA	NA	NA	NA	NA	NA
AT1G77880.3	914	2	Putative F-box protein At1g77880			70	99	132.0	3.85e-41	97.143	Arabidopsis thaliana
AT1G77880.1	392	1	Putative F-box protein At1g77880			130	99	263.0	9.7e-92	100.000	Arabidopsis thaliana
AT1G77910.1	269	1	NA	NA	NA	NA	NA	NA	NA	NA	NA
AT1G78030.1	1389	6	NA	NA	NA	NA	NA	NA	NA	NA	NA
AT1G78476.1	2045	5	NA	NA	NA	NA	NA	NA	NA	NA	NA
AT1G78480.1	862	3	Amyrin synthase LUP2	GO:0005811;GO:0042300;GO:0042299;GO:0016104	Multifunctional enzyme that converts oxidosqualene to nine different triterpenes, mainly lupeol, beta-amyrin and alpha-amyrin in a 15:50:30 ratio.	157	74	135.0	1.24e-36	50.318	Arabidopsis thaliana
AT1G79170.1	349	2	NA	NA	NA	NA	NA	NA	NA	NA	NA
AT1G80525.1	239	1	NA	NA	NA	NA	NA	NA	NA	NA	NA
