AT5G12450.1_56459	sp|Q56XW8|FBL30_ARATH	67.742	62	95	7.30e-23	91.3
AT5G12450.1_56459	sp|P0C2F8|FB71_ARATH	67.213	61	95	1.99e-19	81.8
AT5G12450.1_56459	sp|Q9SZ44|FB309_ARATH	64.286	56	88	2.38e-14	68.0
AT5G12450.1_56459	sp|Q56W59|FBL84_ARATH	57.377	61	95	3.31e-10	56.4
AT5G12450.1_56459	sp|Q0WR05|FBL39_ARATH	47.541	61	92	1.26e-09	54.8
AT3G42473.1_28525	sp|P82762|DEF91_ARATH	100.000	77	99	2.53e-51	157
AT3G42473.1_28525	sp|Q3E7S1|DEF87_ARATH	38.667	75	96	1.17e-08	48.9
AT3G42473.1_28525	sp|Q2V4G9|DEF90_ARATH	41.333	75	96	7.34e-07	44.4
AT2G16200.2_3745	sp|Q0WW26|COPG_ARATH	75.385	65	77	3.32e-27	105
AT2G16200.2_3745	sp|Q6Z382|COPG2_ORYSJ	63.077	65	77	1.20e-23	95.6
AT2G16200.2_3745	sp|Q8H852|COPG1_ORYSJ	61.538	65	77	3.73e-22	91.3
AT2G13985.1_3137	sp|Q8GYM4|REM14_ARATH	54.472	123	96	2.36e-32	118
AT2G13985.1_3137	sp|Q8GYM4|REM14_ARATH	49.351	77	96	3.81e-21	88.5
AT2G13985.1_3137	sp|O23076|REM15_ARATH	54.128	109	97	3.99e-28	107
AT2G13985.1_3137	sp|O23076|REM15_ARATH	51.220	82	97	3.97e-21	88.5
AT2G13985.1_3137	sp|Q84WP3|REM17_ARATH	44.156	77	69	9.60e-13	65.5
AT2G13985.1_3137	sp|Q84WP3|REM17_ARATH	45.455	55	69	9.98e-11	59.5
AT2G13985.1_3137	sp|Q84WP3|REM17_ARATH	37.662	77	69	6.21e-09	54.5
AT2G13985.1_3137	sp|Q84WP3|REM17_ARATH	39.344	61	69	4.47e-08	51.9
AT2G13985.1_3137	sp|Q84WP3|REM17_ARATH	35.065	77	69	9.49e-07	48.3
AT2G13985.1_3137	sp|F4KFT6|REML3_ARATH	40.541	74	67	1.40e-11	62.1
AT2G13985.1_3137	sp|F4KFT6|REML3_ARATH	35.135	74	67	2.14e-08	52.8
AT2G13985.1_3137	sp|F4KFT6|REML3_ARATH	42.000	50	67	9.00e-07	48.3
AT2G13985.1_3137	sp|P0CAP5|REM13_ARATH	50.847	59	53	3.14e-11	60.9
AT5G33210.1_62575	sp|F4KH89|SRS8_ARATH	100.000	173	99	1.30e-129	362
AT5G33210.1_62575	sp|Q9SD40|SRS1_ARATH	76.230	122	67	1.44e-60	191
AT5G33210.1_62575	sp|Q9XGX0|SHI_ARATH	62.500	120	68	5.25e-37	129
AT5G33210.1_62575	sp|K4B6C9|EOT1_SOLLC	56.881	109	61	4.01e-29	109
AT5G33210.1_62575	sp|Q9LQZ5|SRS5_ARATH	67.568	74	43	1.81e-28	107
AT5G47075.1_67174	sp|P82734|DF127_ARATH	100.000	75	99	7.21e-49	151
AT5G47075.1_67174	sp|P82721|DF126_ARATH	78.667	75	99	3.98e-40	129
AT5G47075.1_67174	sp|P82718|DF141_ARATH	55.263	76	96	9.93e-21	79.8
AT5G47075.1_67174	sp|P82723|DF128_ARATH	41.096	73	96	7.27e-15	64.9
AT5G47075.1_67174	sp|P82766|DF118_ARATH	39.474	76	96	7.88e-11	54.5
AT1G27535.1_85277	sp|Q9SGW8|P4KG2_ARATH	41.935	62	57	2.15e-06	47.2
AT2G06166.1_1869	sp|Q2V493|DF305_ARATH	100.000	103	99	4.89e-71	209
AT2G06166.1_1869	sp|Q2V3H5|DF307_ARATH	69.307	101	97	8.85e-45	142
AT2G06166.1_1869	sp|Q2V3H6|DF306_ARATH	38.095	105	97	3.51e-14	64.3
AT5G44585.1_66238	sp|B3H7I1|SOP12_ARATH	100.000	78	99	7.93e-41	130
AT5G44585.1_66238	sp|A8MRU6|SOP11_ARATH	63.636	44	56	2.90e-06	43.2
AT2G07702.1_2269	sp|P93300|M440_ARATH	100.000	152	99	6.79e-112	316
AT2G07676.1_2219	sp|P92531|M970_ARATH	94.068	118	99	1.68e-74	219
AT3G55670.1_33309	sp|Q9LXJ6|FDL21_ARATH	93.103	87	93	9.32e-52	171
AT3G55670.1_33309	sp|Q9LXJ6|FDL21_ARATH	50.490	204	93	1.89e-45	155
AT3G55670.1_33309	sp|Q8LF09|FDL23_ARATH	80.000	85	93	5.76e-41	143
AT3G55670.1_33309	sp|Q8LF09|FDL23_ARATH	44.118	204	93	8.63e-38	135
AT3G55670.1_33309	sp|Q9LXJ7|FBD11_ARATH	51.266	158	91	1.82e-37	134
AT3G55670.1_33309	sp|Q9LXJ7|FBD11_ARATH	63.095	84	91	2.91e-26	104
AT3G55670.1_33309	sp|Q501E9|FDL20_ARATH	60.000	85	89	7.44e-26	103
AT3G55670.1_33309	sp|Q501E9|FDL20_ARATH	38.265	196	89	4.49e-21	91.1
AT3G55670.1_33309	sp|Q9SMU1|FDL19_ARATH	40.940	149	86	3.00e-25	101
AT3G55670.1_33309	sp|Q9SMU1|FDL19_ARATH	61.538	65	86	4.66e-18	82.6
AT4G03830.1_37965	sp|Q9LEX8|Y3093_ARATH	25.373	268	45	6.34e-18	89.9
AT4G03830.1_37965	sp|F4JTJ9|ASY2_ARATH	24.837	153	26	9.73e-12	71.1
AT2G03955.1_1131	sp|Q2V4A5|DEF60_ARATH	100.000	77	99	7.54e-53	161
AT2G03955.1_1131	sp|Q4VNZ9|DEF58_ARATH	66.216	74	95	9.37e-34	112
AT2G03955.1_1131	sp|Q4VNZ8|DEF59_ARATH	64.865	74	95	2.97e-32	109
AT2G03955.1_1131	sp|Q2V2Q4|DEF55_ARATH	63.514	74	95	2.42e-31	106
AT2G03955.1_1131	sp|Q2V4A6|DEF56_ARATH	60.494	81	95	2.64e-29	101
AT1G78480.1_100305	sp|Q8RWT0|LUP2_ARATH	50.318	157	74	1.24e-36	135
AT1G78480.1_100305	sp|A0A0U2U4F3|BAMS1_BARVU	50.980	153	74	5.27e-36	133
AT1G78480.1_100305	sp|Q9FZI2|LUP5_ARATH	50.641	156	75	2.31e-35	132
AT1G78480.1_100305	sp|A8CDT2|BAS_BRUGY	46.104	154	73	3.12e-32	123
AT1G78480.1_100305	sp|B6EXY6|LUP4_ARATH	45.509	167	81	7.88e-31	119
AT5G48595.1_67771	sp|Q2V305|DF219_ARATH	100.000	98	99	5.93e-68	201
AT5G48595.1_67771	sp|Q2V304|DF220_ARATH	77.551	98	99	4.37e-48	150
AT5G48595.1_67771	sp|Q2V306|DF221_ARATH	75.510	98	99	9.05e-46	144
AT5G48595.1_67771	sp|Q2V3K4|DF210_ARATH	38.000	100	98	3.34e-14	64.0
AT5G48595.1_67771	sp|Q2V300|DF222_ARATH	38.000	100	94	1.39e-13	62.6
AT2G07110.1_2041	sp|Q9LX74|EXOS5_ARATH	57.143	112	74	2.15e-28	105
AT2G07110.1_2041	sp|Q9LXQ0|FB339_ARATH	94.872	39	26	1.06e-18	81.2
AT2G07110.1_2041	sp|Q84T68|EXOS5_ORYSJ	46.364	110	73	7.99e-18	77.8
AT5G06030.1_54009	sp|Q9FI83|SPH28_ARATH	100.000	150	99	1.46e-111	315
AT5G06030.1_54009	sp|P0DN92|SPH24_ARATH	84.000	150	99	8.93e-91	262
AT5G06030.1_54009	sp|Q9FI84|SPH27_ARATH	59.603	151	99	1.02e-59	183
AT5G06030.1_54009	sp|F2Q9V4|SPH6_ARATH	62.879	132	87	1.71e-55	172
AT5G06030.1_54009	sp|O23020|SPH5_ARATH	41.379	87	57	3.68e-12	60.9
ATCG00630.1_16286	sp|A4QJV1|PSAJ_OLIPU	100.000	44	98	5.24e-25	89.1
ATCG00630.1_16286	sp|A4QLV3|PSAJ_NASOF	100.000	44	98	5.24e-25	89.1
ATCG00630.1_16286	sp|Q09FU1|PSAJ_NANDO	100.000	44	98	5.24e-25	89.1
ATCG00630.1_16286	sp|A4QLL4|PSAJ_LOBMA	100.000	44	98	5.24e-25	89.1
ATCG00630.1_16286	sp|A4QL39|PSAJ_DRANE	100.000	44	98	5.24e-25	89.1
AT3G57587.1_34067	sp|O04244|Y4200_ARATH	50.804	311	76	1.98e-74	231
AT4G26880.1_46871	sp|Q9SZ28|STGL1_ARATH	100.000	152	99	2.30e-110	312
AT4G26880.1_46871	sp|Q9FLQ0|STGL2_ARATH	61.875	160	98	1.18e-59	183
AT4G26880.1_46871	sp|Q9C6T5|STGL3_ARATH	54.000	150	98	9.48e-57	175
AT4G26880.1_46871	sp|Q9C6P6|STGL4_ARATH	43.023	86	54	8.17e-19	79.2
AT4G26880.1_46871	sp|Q9LNN7|GRI_ARATH	31.579	152	96	5.03e-18	77.0
AT1G43667.1_88851	sp|Q43681|NLTP_VIGUN	42.308	78	77	6.78e-19	76.1
AT1G43667.1_88851	sp|P82353|NLTP2_PRUAR	39.706	68	67	1.32e-13	62.1
AT1G43667.1_88851	sp|P82900|NLT2G_WHEAT	34.848	66	65	3.23e-12	59.3
AT1G43667.1_88851	sp|P82901|NLT2P_WHEAT	35.821	67	66	2.33e-11	56.4
AT1G43667.1_88851	sp|P20145|NLTP2_HORVU	33.333	66	65	3.28e-11	56.7
AT3G28958.1_27405	sp|Q8LC95|ENL13_ARATH	28.571	91	49	2.57e-06	47.2
AT1G17235.1_81782	sp|A8MS09|DVL24_ARATH	100.000	119	99	2.11e-85	246
AT3G29740.1_27717	sp|Q9LRQ1|Y3974_ARATH	100.000	87	99	4.05e-57	172
AT3G29740.1_27717	sp|O22891|Y2044_ARATH	73.563	87	99	1.02e-40	132
AT3G29740.1_27717	sp|O22890|Y2045_ARATH	63.636	88	99	6.81e-32	111
AT3G29740.1_27717	sp|Q9LV63|Y5851_ARATH	60.227	88	99	1.86e-28	102
AT3G29740.1_27717	sp|O81432|Y4409_ARATH	55.172	87	99	1.14e-23	89.9
AT4G12617.1_40742	sp|B3H469|Y4261_ARATH	100.000	127	99	1.24e-92	265
AT4G12617.1_40742	sp|Q9M0U1|Y4563_ARATH	74.380	121	95	1.59e-64	194
AT4G29285.1_47822	sp|Q8LFM0|DF163_ARATH	100.000	76	99	5.79e-51	156
AT4G29285.1_47822	sp|P82752|DF162_ARATH	72.727	77	99	1.74e-35	117
AT4G29285.1_47822	sp|P82753|DF164_ARATH	47.436	78	99	4.06e-15	65.5
AT4G29285.1_47822	sp|P82735|DF156_ARATH	35.443	79	99	1.96e-10	53.6
AT4G29285.1_47822	sp|Q9M0F3|DF157_ARATH	35.443	79	99	5.45e-10	52.5
AT2G29735.1_8855	sp|Q94G86|ALL9_OLEEU	47.619	84	71	9.67e-23	92.7
AT2G29735.1_8855	sp|Q84V39|ALL10_OLEEU	43.617	94	79	6.95e-22	84.9
AT2G29735.1_8855	sp|Q9M069|E137_ARATH	44.944	89	75	2.21e-21	89.4
AT2G29735.1_8855	sp|P52409|E13B_WHEAT	44.828	87	74	1.18e-19	84.3
AT2G29735.1_8855	sp|Q9FZ86|PDCB3_ARATH	34.259	108	92	8.57e-18	75.6
AT2G19960.3_5072	sp|Q5SVZ6|ZMYM1_HUMAN	40.625	64	34	3.15e-06	48.9
AT1G65481.1_95668	sp|F4IBG4|SOP17_ARATH	100.000	87	99	3.81e-50	155
AT3G12960.1_21054	sp|Q9LE44|SMP1_ARATH	100.000	86	99	3.25e-58	175
ATCG00670.1_16294	sp|A4QJV6|CLPP_OLIPU	99.490	196	99	9.68e-147	407
ATCG00670.1_16294	sp|A4QKV6|CLPP_CRUWA	99.490	196	99	9.68e-147	407
ATCG00670.1_16294	sp|A4QKD0|CLPP_BARVE	99.490	196	99	9.68e-147	407
ATCG00670.1_16294	sp|A4QLD1|CLPP_LEPVR	98.980	196	99	3.56e-146	406
ATCG00670.1_16294	sp|A4QJM4|CLPP_AETGR	98.980	196	99	3.56e-146	406
AT1G43722.1_88870	sp|B0BN95|HARB1_RAT	26.263	198	61	2.09e-07	54.2
AT1G43722.1_88870	sp|Q8BR93|HARB1_MOUSE	25.253	198	61	3.72e-07	53.4
AT1G43722.1_88870	sp|Q96MB7|HARB1_HUMAN	25.455	220	67	3.46e-06	50.5
AT3G11120.1_20337	sp|P62121|RS32_TOBAC	100.000	25	96	1.46e-06	41.3
AT3G11120.1_20337	sp|P62123|RS32_PEA	100.000	25	96	1.46e-06	41.3
AT3G11120.1_20337	sp|P62125|RS32_ORYSJ	100.000	25	96	1.46e-06	41.3
AT3G11120.1_20337	sp|P62124|RS32_HORVU	100.000	25	96	1.46e-06	41.3
AT3G11120.1_20337	sp|P62122|RS32_GOSHI	100.000	25	96	1.46e-06	41.3
AT5G44565.1_66207	sp|Q3E8H4|SCOP1_ARATH	100.000	73	99	2.17e-36	119
AT5G44565.1_66207	sp|Q9LU08|SOP10_ARATH	41.270	63	85	4.96e-08	47.7
AT5G44565.1_66207	sp|A8MRU6|SOP11_ARATH	60.000	40	54	9.67e-07	44.4
AT5G44565.1_66207	sp|Q8GWN6|SCOP8_ARATH	47.826	46	59	7.90e-06	41.5
ATMG00510.1_52093	sp|P92528|M910_ARATH	94.253	87	22	2.83e-52	172
AT5G55131.1_70198	sp|Q2V2Y3|DEF84_ARATH	100.000	87	99	2.98e-59	178
AT5G55131.1_70198	sp|Q8GXV6|DEF85_ARATH	66.667	84	94	1.37e-31	107
AT5G55131.1_70198	sp|Q3E7S1|DEF87_ARATH	41.975	81	85	5.14e-09	50.3
AT5G55131.1_70198	sp|Q2V4G6|DEF81_ARATH	41.892	74	83	1.27e-08	49.4
AT5G55131.1_70198	sp|P82761|DEF83_ARATH	44.156	77	83	1.31e-08	49.4
AT4G00020.4_36379	sp|Q7Y1C5|BRC2A_ARATH	99.078	1085	99	0.0	2227
AT4G00020.4_36379	sp|Q7Y1C4|BRC2B_ARATH	93.572	1089	99	0.0	2114
AT4G00020.4_36379	sp|P97929|BRCA2_MOUSE	31.393	481	42	4.52e-51	198
AT4G00020.4_36379	sp|Q864S8|BRCA2_FELCA	30.339	501	43	5.11e-50	195
AT4G00020.4_36379	sp|O35923|BRCA2_RAT	30.353	481	42	3.62e-49	192
AT2G33705.1_10467	sp|Q3EBP0|FB125_ARATH	100.000	69	99	7.01e-46	143
AT2G33705.1_10467	sp|Q9M2D0|FB214_ARATH	60.938	64	91	6.51e-18	77.5
AT2G33705.1_10467	sp|O80758|FB68_ARATH	64.000	50	71	6.27e-16	71.1
AT2G33705.1_10467	sp|Q3ECH0|FB75_ARATH	57.143	56	80	9.14e-13	63.8
AT2G33705.1_10467	sp|Q9FIH4|FB280_ARATH	57.143	56	80	1.50e-12	62.9
AT5G38950.1_64157	sp|Q9FMA8|GL111_ARATH	73.973	73	70	7.51e-32	112
AT5G38950.1_64157	sp|Q9FMA9|GL110_ARATH	73.973	73	70	1.82e-31	111
AT5G38950.1_64157	sp|Q9FMA6|GL112_ARATH	71.233	73	70	2.23e-29	105
AT5G38950.1_64157	sp|Q9FMB0|GL19_ARATH	65.333	75	71	9.71e-28	101
AT5G38950.1_64157	sp|Q9FIC6|GL117_ARATH	65.753	73	70	2.01e-26	98.4
AT3G60060.1_34990	sp|B9TSP7|FACR6_ARATH	42.623	122	63	1.94e-16	77.0
AT3G60060.1_34990	sp|Q08891|FACR2_ARATH	35.632	87	45	8.67e-08	52.5
AT4G00020.2_36377	sp|Q7Y1C5|BRC2A_ARATH	97.485	1153	97	0.0	2300
AT4G00020.2_36377	sp|Q7Y1C4|BRC2B_ARATH	91.703	1157	97	0.0	2178
AT4G00020.2_36377	sp|P97929|BRCA2_MOUSE	30.787	445	35	5.75e-43	174
AT4G00020.2_36377	sp|Q864S8|BRCA2_FELCA	29.462	465	37	2.73e-41	168
AT4G00020.2_36377	sp|O35923|BRCA2_RAT	28.898	481	38	3.63e-41	168
AT3G23637.1_25309	sp|Q6IM80|DVL21_ARATH	100.000	53	98	1.16e-31	106
AT3G03370.1_17386	sp|Q93V61|LCAT3_ARATH	96.875	32	16	1.51e-13	70.0
AT3G03370.1_17386	sp|Q8RY22|DEGP7_ARATH	68.750	64	32	3.36e-13	69.4
AT4G10595.1_40006	sp|P82717|DF145_ARATH	100.000	91	99	1.27e-62	187
AT4G10595.1_40006	sp|Q2V3K0|DF169_ARATH	40.476	84	85	2.80e-12	59.0
AT4G10595.1_40006	sp|P82749|DF142_ARATH	41.667	84	91	1.52e-10	54.5
AT4G10595.1_40006	sp|Q8S8H9|DF144_ARATH	39.506	81	87	1.19e-06	44.4
AT4G10595.1_40006	sp|P82716|DF147_ARATH	40.299	67	73	2.26e-06	43.8
AT3G28155.1_27110	sp|Q94FN2|MOR1_ARATH	47.872	94	55	1.72e-14	70.0
AT3G28155.1_27110	sp|Q5N749|MOR1_ORYSJ	68.293	41	40	1.11e-10	59.3
AT4G22217.1_44948	sp|Q3E6U0|DF100_ARATH	100.000	87	99	9.73e-59	177
AT4G22217.1_44948	sp|Q94AZ8|DEF98_ARATH	42.222	90	99	1.20e-13	62.4
AT4G22217.1_44948	sp|Q8L7G7|DEF96_ARATH	41.111	90	99	7.36e-11	55.3
AT4G22217.1_44948	sp|P82794|DEF97_ARATH	38.272	81	91	5.22e-08	47.7
AT4G22217.1_44948	sp|Q7X6T3|DEF99_ARATH	40.196	102	95	1.65e-07	48.3
AT2G07671.1_2207	sp|P60112|ATP9_ARATH	95.294	85	99	4.40e-42	134
AT2G07671.1_2207	sp|P60113|ATP9_BRANA	100.000	74	86	3.54e-35	116
AT2G07671.1_2207	sp|P69422|ATP9_VICFA	95.946	74	86	1.47e-32	110
AT2G07671.1_2207	sp|P69421|ATP9_SOYBN	95.946	74	86	1.47e-32	110
AT2G07671.1_2207	sp|P69420|ATP9_PEA	95.946	74	86	1.47e-32	110
AT1G47695.1_89475	sp|Q9FZE7|FB41_ARATH	88.889	63	98	2.81e-33	111
AT1G47695.1_89475	sp|Q9LXJ6|FDL21_ARATH	45.455	55	86	3.63e-08	50.5
AT1G47695.1_89475	sp|Q9LZZ2|FBD12_ARATH	52.632	38	59	2.88e-07	47.7
AT1G47695.1_89475	sp|Q9LYZ2|FBL80_ARATH	43.137	51	80	4.06e-07	47.4
AT1G47695.1_89475	sp|Q9FLA2|FDL34_ARATH	44.737	38	59	1.90e-06	45.8
AT4G39403.1_51807	sp|Q8LLV8|PLS_ARATH	100.000	36	97	4.40e-19	73.6
AT5G33210.2_62576	sp|F4KH89|SRS8_ARATH	100.000	105	98	4.73e-74	218
AT5G33210.2_62576	sp|Q9SD40|SRS1_ARATH	96.703	91	85	1.13e-59	186
AT5G33210.2_62576	sp|Q9XGX0|SHI_ARATH	72.941	85	79	9.47e-37	127
AT5G33210.2_62576	sp|K4B6C9|EOT1_SOLLC	57.692	104	94	2.64e-28	105
AT5G33210.2_62576	sp|Q652K4|SHI1_ORYSJ	86.275	51	48	1.12e-27	103
AT1G69588.1_97200	sp|Q6IWA9|CLE45_ARATH	100.000	124	99	1.09e-89	258
AT2G24620.1_6924	sp|Q39086|SD17_ARATH	38.608	158	97	7.07e-29	112
AT2G24620.1_6924	sp|P17840|SLSG3_BRAOL	38.710	155	97	1.49e-28	109
AT2G24620.1_6924	sp|O81905|SD18_ARATH	36.709	158	97	3.91e-28	111
AT2G24620.1_6924	sp|P22553|SLSG2_BRAOA	36.538	156	97	8.75e-27	104
AT2G24620.1_6924	sp|Q09092|SRK6_BRAOV	36.709	158	97	1.45e-26	106
AT1G13245.1_80222	sp|Q9SAF8|DVL4_ARATH	100.000	41	98	4.49e-23	84.0
AT1G13245.1_80222	sp|Q6X5T8|DVL5_ARATH	71.795	39	93	5.71e-16	66.0
AT1G13245.1_80222	sp|Q6IM95|DVL6_ARATH	80.000	40	93	9.71e-15	62.9
AT1G13245.1_80222	sp|Q6X5U0|DVL3_ARATH	62.500	40	93	6.79e-12	55.6
AT1G13245.1_80222	sp|Q6X5V0|DVL1_ARATH	60.000	35	83	2.91e-09	48.9
AT1G58055.1_93148	sp|Q2V4G3|DF117_ARATH	100.000	79	99	2.68e-51	157
AT1G58055.1_93148	sp|P82765|DF111_ARATH	48.148	81	95	1.84e-20	79.2
AT1G58055.1_93148	sp|Q2V321|DF115_ARATH	49.367	79	95	5.33e-19	75.6
AT1G58055.1_93148	sp|Q2V488|DF112_ARATH	40.000	80	94	1.53e-13	61.8
AT1G58055.1_93148	sp|Q3E8I8|DF116_ARATH	40.476	84	99	1.56e-13	61.8
AT3G57900.1_34185	sp|O48528|OP163_ARATH	66.667	30	43	1.10e-08	50.3
ATCG00220.1_16219	sp|P62111|PSBM_TOBAC	100.000	34	97	1.35e-16	67.1
ATCG00220.1_16219	sp|P62112|PSBM_SPIOL	100.000	34	97	1.35e-16	67.1
ATCG00220.1_16219	sp|Q2VEI2|PSBM_SOLTU	100.000	34	97	1.35e-16	67.1
ATCG00220.1_16219	sp|Q2MIA6|PSBM_SOLLC	100.000	34	97	1.35e-16	67.1
ATCG00220.1_16219	sp|Q2MIJ3|PSBM_SOLBU	100.000	34	97	1.35e-16	67.1
AT3G23633.1_25304	sp|Q9SI34|FBX9_ARATH	46.309	149	92	1.24e-30	113
AT3G23633.1_25304	sp|Q9LUI8|FBK65_ARATH	41.176	153	92	2.14e-22	91.9
AT3G23633.1_25304	sp|Q9LUJ1|FB324_ARATH	45.528	123	76	2.18e-22	91.6
AT3G23633.1_25304	sp|Q9LUP2|FB155_ARATH	43.836	146	87	1.30e-21	90.5
AT3G23633.1_25304	sp|Q9LVS9|FB340_ARATH	37.162	148	85	9.16e-19	82.9
AT3G25170.3_25870	sp|Q0V822|RLF26_ARATH	100.000	76	99	3.14e-51	157
AT3G25170.3_25870	sp|A7REH2|RLF30_ARATH	51.351	74	96	5.08e-20	78.1
AT3G25170.3_25870	sp|Q9LSG0|RLF25_ARATH	54.667	75	96	2.48e-17	71.1
AT3G25170.3_25870	sp|O64466|RLF11_ARATH	54.667	75	97	4.84e-14	62.6
AT3G25170.3_25870	sp|F4ISE2|RLF13_ARATH	54.667	75	97	2.59e-13	60.9
AT1G56085.1_92658	sp|Q6Q151|CYP59_ARATH	95.652	23	15	1.43e-08	54.8
AT1G31772.1_86799	sp|Q2V4J8|DF316_ARATH	100.000	100	99	9.52e-68	200
AT1G77880.1_100111	sp|Q9SH13|FB90_ARATH	100.000	130	99	9.70e-92	263
AT1G77880.1_100111	sp|Q9SVA3|FBK98_ARATH	57.317	82	63	1.46e-24	97.2
AT1G77880.1_100111	sp|Q9T0E2|FK124_ARATH	77.586	58	44	9.60e-24	95.0
AT1G77880.1_100111	sp|Q9SUR8|FBK88_ARATH	67.105	76	58	1.33e-22	91.9
AT1G77880.1_100111	sp|Q9SV98|FK103_ARATH	57.895	76	58	3.83e-21	87.7
AT1G69828.1_97284	sp|Q2V4D5|DEF36_ARATH	100.000	74	99	8.06e-49	151
AT1G69828.1_97284	sp|Q2V4D7|DEF34_ARATH	60.811	74	99	9.27e-23	84.9
AT1G69828.1_97284	sp|Q2V4D6|DEF33_ARATH	51.351	74	99	6.28e-19	75.0
AT1G69828.1_97284	sp|Q2V4F3|DEF35_ARATH	46.053	76	99	2.64e-12	58.1
AT2G07629.2_2150	sp|P92550|M1200_ARATH	39.583	96	59	1.14e-12	65.2
AT2G07629.2_2150	sp|P93319|M670_ARATH	46.835	79	47	1.43e-10	59.5
AT2G07629.2_2150	sp|P92511|M690_ARATH	36.364	77	47	4.21e-06	46.9
AT2G07713.1_2282	sp|P93309|M540_ARATH	100.000	122	99	2.50e-86	249
AT4G09647.1_39649	sp|Q2V3K1|DF135_ARATH	100.000	81	99	2.40e-54	165
AT3G20555.1_24204	sp|Q5BPP4|Y3477_ARATH	48.214	56	49	6.90e-09	53.9
AT4G02482.1_37407	sp|O81283|TC159_ARATH	51.515	66	99	4.73e-10	56.2
AT4G02482.1_37407	sp|Q9LUS2|TC120_ARATH	35.938	64	96	6.32e-06	44.4
AT1G47485.1_89399	sp|Q8L8Y3|PCEP1_ARATH	100.000	91	99	2.49e-63	188
AT1G47485.1_89399	sp|P0DN97|PCEP8_ARATH	37.975	79	83	4.95e-06	42.9
AT5G32590.1_62511	sp|Q9LEX8|Y3093_ARATH	29.825	171	22	1.68e-13	77.3
AT5G32590.1_62511	sp|F4JTJ9|ASY2_ARATH	32.530	83	11	4.30e-09	63.8
AT1G27490.1_85265	sp|Q9FZI7|FB313_ARATH	91.908	173	99	2.61e-114	323
AT1G27490.1_85265	sp|Q9LTC3|FB179_ARATH	50.794	63	58	1.42e-09	57.6
AT1G27490.1_85265	sp|Q9LTC3|FB179_ARATH	77.143	35	58	7.96e-09	55.3
AT1G27490.1_85265	sp|O04591|FBK26_ARATH	42.029	69	41	1.21e-08	55.0
AT5G59305.2_71775	sp|Q8LDN4|CLE46_ARATH	100.000	51	86	9.66e-32	107
AT2G04046.1_1185	sp|Q4VNZ5|DF296_ARATH	100.000	110	99	1.59e-75	221
AT2G04046.1_1185	sp|Q4VNZ6|DF295_ARATH	55.455	110	99	3.29e-40	131
AT2G04046.1_1185	sp|Q2V459|DF298_ARATH	33.333	108	97	7.44e-13	61.2
AT1G32720.1_87134	sp|O80871|P2C25_ARATH	80.357	56	30	2.42e-14	71.4
AT1G32720.1_87134	sp|Q8RX37|P2C02_ARATH	62.500	56	30	3.25e-12	65.5
AT3G33187.1_28343	sp|Q2V3R5|DF315_ARATH	100.000	88	99	7.82e-58	174
AT1G35467.1_88002	sp|A8MQI8|RLF5_ARATH	100.000	89	99	4.30e-62	185
AT1G35467.1_88002	sp|A8MQP2|RLF29_ARATH	53.333	90	98	2.71e-24	89.6
AT1G35467.1_88002	sp|A8MRF9|RLF21_ARATH	39.241	79	83	5.33e-08	48.3
AT1G35467.1_88002	sp|A7REE5|RLF3_ARATH	38.272	81	71	5.60e-08	48.0
AT1G35467.1_88002	sp|A8MQ92|RLF2_ARATH	35.294	85	86	2.78e-07	46.3
AT3G24508.1_25608	sp|Q2V3S8|DF257_ARATH	100.000	83	99	1.99e-56	170
AT3G24508.1_25608	sp|Q2V3S7|DF258_ARATH	65.882	85	99	1.25e-35	118
AT3G24508.1_25608	sp|Q9LV55|DF259_ARATH	48.837	86	99	5.64e-23	86.0
AT1G43665.1_88847	sp|Q43681|NLTP_VIGUN	41.791	67	52	2.11e-13	62.9
AT1G43665.1_88847	sp|P82900|NLT2G_WHEAT	37.500	64	50	4.69e-12	59.5
AT1G43665.1_88847	sp|P82901|NLT2P_WHEAT	38.462	65	51	2.52e-11	57.0
AT1G43665.1_88847	sp|P86809|NLTP2_APIGA	42.623	61	48	3.07e-11	56.7
AT1G43665.1_88847	sp|P20145|NLTP2_HORVU	40.625	64	50	1.45e-10	55.6
AT5G23035.1_60057	sp|Q2V354|DF267_ARATH	100.000	88	99	1.52e-60	181
AT5G23035.1_60057	sp|Q2V2W3|DF264_ARATH	46.591	88	99	1.51e-17	72.2
AT5G23035.1_60057	sp|Q2V2W2|DF265_ARATH	43.836	73	82	1.15e-15	67.4
AT5G23035.1_60057	sp|Q2V4F0|DF266_ARATH	38.636	88	99	3.61e-12	58.4
AT3G29763.1_27732	sp|Q5SVZ6|ZMYM1_HUMAN	26.802	444	84	3.27e-38	149
AT3G29763.1_27732	sp|Q9CUX1|P52K_MOUSE	21.700	447	85	4.04e-15	80.6
AT3G29763.1_27732	sp|O43422|P52K_HUMAN	22.148	447	85	4.08e-15	80.6
AT3G23633.2_25305	sp|Q9SI34|FBX9_ARATH	64.286	42	37	1.25e-09	56.2
AT3G23633.2_25305	sp|Q9LVS9|FB340_ARATH	50.943	53	43	3.87e-08	51.9
AT2G13720.1_3079	sp|P30182|TOP2_ARATH	31.250	160	70	4.17e-13	70.0
AT2G13720.1_3079	sp|Q55BP5|TOP2_DICDI	36.364	99	43	6.66e-12	66.3
AT2G13720.1_3079	sp|O24308|TOP2_PEA	33.696	92	40	1.91e-08	56.4
AT2G13720.1_3079	sp|P06786|TOP2_YEAST	32.323	99	43	8.55e-08	54.5
AT2G13720.1_3079	sp|P41001|TOP2_PLAFK	28.289	152	66	2.15e-07	53.4
AT2G03932.1_1119	sp|Q2V4A7|DEF64_ARATH	100.000	90	99	2.30e-62	186
AT2G03932.1_1119	sp|Q2V4A5|DEF60_ARATH	66.667	39	43	2.23e-15	66.6
AT2G03932.1_1119	sp|Q2V4A8|DEF57_ARATH	64.103	39	43	2.14e-14	64.0
AT2G03932.1_1119	sp|Q4VNZ9|DEF58_ARATH	61.538	39	43	8.19e-13	60.1
AT2G03932.1_1119	sp|Q4VNZ8|DEF59_ARATH	58.974	39	43	5.84e-11	55.3
AT3G55515.1_33241	sp|Q6IM93|DVL8_ARATH	100.000	79	99	2.09e-54	165
AT3G55515.1_33241	sp|Q8S8S3|DVL11_ARATH	72.093	43	54	6.76e-18	72.8
AT3G55515.1_33241	sp|Q7XXN8|DVL16_ARATH	55.263	38	48	4.77e-12	57.3
AT3G55515.1_33241	sp|Q8LE84|DVL18_ARATH	57.576	33	41	3.93e-10	54.2
AT3G55515.1_33241	sp|Q6IM82|DVL19_ARATH	61.111	36	45	4.10e-10	52.5
AT2G06420.1_1908	sp|Q9M237|Y3353_ARATH	34.314	102	37	1.52e-11	65.7
AT4G08895.1_39426	sp|Q9ZWT3|PHT16_ARATH	59.694	196	85	3.84e-68	213
AT4G08895.1_39426	sp|O48639|PHT13_ARATH	58.571	140	69	1.53e-48	162
AT4G08895.1_39426	sp|Q96303|PHT14_ARATH	58.042	143	71	3.78e-48	161
AT4G08895.1_39426	sp|Q494P0|PHT17_ARATH	55.556	153	78	4.24e-48	161
AT4G08895.1_39426	sp|A7KTC5|PHT11_PETHY	58.571	140	69	4.77e-48	161
AT4G13570.2_41177	sp|Q9T0H7|H2A8_ARATH	100.000	88	70	3.93e-60	182
AT4G13570.2_41177	sp|O23628|H2AV1_ARATH	81.111	90	72	3.02e-48	152
AT4G13570.2_41177	sp|Q9SII0|H2AV2_ARATH	81.111	90	72	5.27e-48	152
AT4G13570.2_41177	sp|Q8H7Y8|H2AV1_ORYSJ	73.684	95	76	9.65e-47	149
AT4G13570.2_41177	sp|Q8S857|H2AV2_ORYSJ	74.737	95	76	1.17e-46	148
AT4G39060.1_51657	sp|O65704|FBK83_ARATH	39.683	252	64	3.12e-43	152
AT4G39060.1_51657	sp|P0C2F9|FK105_ARATH	33.212	274	70	6.27e-29	114
AT4G39060.1_51657	sp|O65663|FK106_ARATH	40.000	155	41	6.15e-26	106
AT4G39060.1_51657	sp|Q9M0E6|FBK90_ARATH	31.638	177	45	3.74e-18	85.4
AT4G39060.1_51657	sp|P0C2G4|FBK84_ARATH	29.412	255	65	1.66e-17	83.7
AT4G09795.1_39718	sp|P82728|DF129_ARATH	100.000	77	99	5.33e-52	159
AT4G09795.1_39718	sp|P82743|DF130_ARATH	56.790	81	99	4.24e-26	93.6
AT4G09795.1_39718	sp|P82744|DF131_ARATH	37.209	86	99	1.27e-13	61.8
AT4G09795.1_39718	sp|P82745|DF122_ARATH	40.506	79	99	9.19e-12	57.0
AT4G09795.1_39718	sp|P82768|DF125_ARATH	44.444	81	99	7.53e-11	54.8
AT1G56385.1_92782	sp|F4JLQ5|SPH2_ARATH	31.447	159	99	1.25e-17	75.9
AT1G56385.1_92782	sp|Q9FMQ4|SPH3_ARATH	25.503	149	97	1.33e-09	54.8
AT1G56385.1_92782	sp|Q3E9W6|SPH20_ARATH	31.532	111	73	2.09e-09	54.2
AT1G56385.1_92782	sp|F4JZG1|SPH4_ARATH	24.161	149	97	2.11e-09	54.5
AT1G56385.1_92782	sp|P0DN93|SPH29_ARATH	30.556	108	71	8.45e-09	52.5
AT3G44785.1_29315	sp|Q9S709|U2AFA_ARATH	65.753	73	96	7.90e-29	104
AT3G44785.1_29315	sp|Q9FMY5|U2AFB_ARATH	67.568	74	96	1.21e-28	104
AT3G44785.1_29315	sp|Q29350|U2AF1_PIG	67.925	53	70	9.11e-23	85.1
AT3G44785.1_29315	sp|Q8WU68|U2AF4_HUMAN	69.811	53	70	4.33e-22	86.0
AT3G44785.1_29315	sp|Q3T127|U2AF4_BOVIN	67.925	53	70	1.15e-21	85.1
AT3G28530.1_27220	sp|Q9T0A7|UGE2_ARATH	100.000	25	96	6.33e-11	56.4
AT3G28530.1_27220	sp|Q9SN58|UGE5_ARATH	83.333	24	92	8.53e-08	47.7
AT2G05050.1_1522	sp|Q9SUF4|P2C53_ARATH	81.132	212	99	3.08e-117	332
AT2G05050.1_1522	sp|Q3EAZ3|P2C45_ARATH	80.729	192	98	2.08e-104	300
AT2G05050.1_1522	sp|O80871|P2C25_ARATH	92.308	104	87	6.72e-65	203
AT2G05050.1_1522	sp|O80871|P2C25_ARATH	87.692	65	87	9.47e-32	118
AT2G05050.1_1522	sp|Q8RX37|P2C02_ARATH	74.038	104	86	8.97e-46	154
AT2G05050.1_1522	sp|Q8RX37|P2C02_ARATH	69.231	65	86	3.12e-22	92.7
AT2G05050.1_1522	sp|Q9XEE8|P2C30_ARATH	62.500	104	54	4.09e-44	150
AT4G00020.1_36376	sp|Q7Y1C5|BRC2A_ARATH	100.000	1151	99	0.0	2389
AT4G00020.1_36376	sp|Q7Y1C4|BRC2B_ARATH	94.199	1155	99	0.0	2265
AT4G00020.1_36376	sp|P97929|BRCA2_MOUSE	31.393	481	39	1.31e-50	197
AT4G00020.1_36376	sp|Q864S8|BRCA2_FELCA	30.339	501	41	1.27e-49	194
AT4G00020.1_36376	sp|O35923|BRCA2_RAT	30.353	481	39	1.19e-48	191
ATCG00070.1_16193	sp|P56782|PSBK_ARATH	100.000	61	98	2.33e-36	118
ATCG00070.1_16193	sp|P10347|PSBK_SINAL	96.721	61	98	1.78e-34	114
ATCG00070.1_16193	sp|Q2L8Z0|PSBK_GOSHI	86.885	61	98	1.92e-30	103
ATCG00070.1_16193	sp|A0ZZ18|PSBK_GOSBA	86.885	61	98	1.92e-30	103
ATCG00070.1_16193	sp|Q0ZJ37|PSBK_VITVI	85.246	61	98	8.08e-30	102
AT5G38160.1_63855	sp|Q43681|NLTP_VIGUN	55.882	68	65	8.31e-22	83.7
AT5G38160.1_63855	sp|P82900|NLT2G_WHEAT	45.455	66	63	3.24e-19	77.3
AT5G38160.1_63855	sp|P82901|NLT2P_WHEAT	44.776	67	64	1.44e-18	75.0
AT5G38160.1_63855	sp|A2XBN5|NLTPX_ORYSI	43.284	67	64	1.75e-18	75.3
AT5G38160.1_63855	sp|P82353|NLTP2_PRUAR	50.000	68	65	2.88e-18	74.2
AT1G15015.1_80897	sp|Q9M9Q4|FB9_ARATH	100.000	160	99	2.97e-119	335
AT1G15015.1_80897	sp|O80777|FB126_ARATH	38.129	139	85	3.37e-12	64.9
AT1G15015.1_80897	sp|Q7X7A9|FB4_ARATH	51.786	56	35	4.02e-12	64.0
AT1G15015.1_80897	sp|Q3E9H1|FB259_ARATH	46.667	60	37	4.13e-12	60.4
AT1G15015.1_80897	sp|Q9LX89|FB255_ARATH	36.986	146	85	2.04e-11	62.9
AT5G65495.1_74206	sp|Q8GWU7|SKI34_ARATH	100.000	94	99	2.20e-42	135
AT2G14365.1_3242	sp|P82793|DEF71_ARATH	100.000	76	99	1.91e-50	155
AT2G14365.1_3242	sp|Q2V2S9|DEF72_ARATH	81.250	48	62	2.88e-24	88.5
AT2G14365.1_3242	sp|Q4VNZ8|DEF59_ARATH	35.897	78	97	3.33e-10	53.1
AT2G14365.1_3242	sp|Q4VNZ9|DEF58_ARATH	35.443	79	99	4.29e-09	50.0
AT2G14365.1_3242	sp|Q2V4A8|DEF57_ARATH	36.986	73	95	7.85e-09	49.4
AT3G25655.1_26017	sp|Q29PV4|IDL1_ARATH	100.000	86	99	8.55e-59	177
AT2G03933.1_1121	sp|Q4VNZ8|DEF59_ARATH	100.000	75	99	4.93e-49	151
AT2G03933.1_1121	sp|Q4VNZ9|DEF58_ARATH	87.838	74	97	6.76e-41	130
AT2G03933.1_1121	sp|Q2V4A5|DEF60_ARATH	64.865	74	97	2.90e-32	109
AT2G03933.1_1121	sp|Q2V2Q4|DEF55_ARATH	65.333	75	99	7.48e-30	102
AT2G03933.1_1121	sp|Q2V4A6|DEF56_ARATH	58.025	81	97	4.43e-26	93.6
AT3G01015.1_16398	sp|Q5XVC4|MDP60_ARATH	100.000	488	99	0.0	983
AT3G01015.1_16398	sp|F4I2H7|TPX2_ARATH	33.913	115	23	2.18e-14	78.1
AT3G01015.1_16398	sp|Q9SJ62|WDL4_ARATH	44.304	79	16	1.77e-06	53.1
AT3G29152.1_27508	sp|P82353|NLTP2_PRUAR	39.437	71	68	7.36e-09	50.3
AT3G29152.1_27508	sp|Q10ST8|NLTPX_ORYSJ	42.857	49	47	4.58e-07	46.0
AT3G29152.1_27508	sp|A2XBN5|NLTPX_ORYSI	42.857	49	47	6.13e-07	45.8
AT5G60805.1_72361	sp|Q2V2W6|DF224_ARATH	100.000	106	99	2.37e-74	217
AT5G60805.1_72361	sp|Q2V306|DF221_ARATH	34.066	91	81	5.50e-06	43.2
AT2G19850.1_5016	sp|P0DKG3|OFP9_ARATH	99.219	128	99	1.56e-85	255
AT2G19850.1_5016	sp|P0DKG2|Y3473_ARATH	99.219	128	99	2.36e-84	251
AT5G10605.2_55749	sp|Q9LXB4|Y5620_ARATH	86.111	36	63	3.30e-14	64.6
AT2G07739.1_2317	sp|P93296|M370_ARATH	99.497	199	99	6.39e-146	405
AT2G07739.1_2317	sp|Q06GK1|T214A_PIPCE	82.955	176	88	3.48e-102	297
AT2G07739.1_2317	sp|A4QLQ5|TI214_LOBMA	91.005	189	94	1.58e-86	279
AT2G07739.1_2317	sp|A4QKG5|TI214_BARVE	91.005	189	94	3.44e-86	278
AT2G07739.1_2317	sp|A4QLZ3|TI214_NASOF	91.005	189	94	4.92e-86	278
ATMG00650.1_52103	sp|P92512|M710_ARATH	87.879	33	7	1.03e-07	53.1
AT3G43415.1_28771	sp|Q9FYF4|FB77_ARATH	70.149	67	54	8.23e-24	95.8
AT3G43415.1_28771	sp|Q9SAG4|FB93_ARATH	40.404	99	80	7.72e-16	74.2
AT3G43415.1_28771	sp|Q3EBJ8|FB128_ARATH	48.980	49	40	1.66e-11	58.4
AT3G43415.1_28771	sp|Q9LZY4|FB213_ARATH	42.857	98	80	4.20e-11	60.9
AT3G43415.1_28771	sp|Q9LYZ2|FBL80_ARATH	49.123	57	46	8.45e-11	60.1
AT1G52325.1_91138	sp|A0A1I8M2I8|CWC22_MUSDO	52.000	75	81	4.07e-19	84.9
AT1G52325.1_91138	sp|A0A1I8M2I8|CWC22_MUSDO	58.140	43	81	1.23e-11	63.5
AT1G52325.1_91138	sp|Q9VJ87|CWC22_DROME	50.667	75	81	6.73e-18	81.2
AT1G52325.1_91138	sp|Q9VJ87|CWC22_DROME	58.140	43	81	1.56e-11	63.2
AT1G52325.1_91138	sp|Q08C72|CWC22_DANRE	49.315	73	79	1.29e-16	77.5
AT1G52325.1_91138	sp|Q08C72|CWC22_DANRE	51.163	43	79	9.23e-10	57.9
AT1G52325.1_91138	sp|Q5ZKA3|CWC22_CHICK	48.000	75	81	1.78e-16	77.3
AT1G52325.1_91138	sp|Q5ZKA3|CWC22_CHICK	53.488	43	81	6.92e-10	58.4
AT1G52325.1_91138	sp|Q8C5N3|CWC22_MOUSE	46.667	75	82	9.87e-16	75.0
AT1G52325.1_91138	sp|Q8C5N3|CWC22_MOUSE	52.273	44	82	8.13e-10	58.1
AT5G44567.1_66213	sp|A0A1P8BDL3|SCOP2_ARATH	100.000	79	99	6.11e-46	144
AT3G58910.1_34528	sp|Q9LXR1|FB208_ARATH	100.000	214	99	9.28e-147	408
AT3G58910.1_34528	sp|Q2V3N5|FB211_ARATH	61.333	150	93	1.59e-45	156
AT3G58910.1_34528	sp|Q2V3N5|FB211_ARATH	62.745	51	93	5.08e-10	60.4
AT3G58910.1_34528	sp|Q9LXR6|FB207_ARATH	54.110	146	67	1.93e-44	152
AT3G58910.1_34528	sp|Q93ZX6|FBL57_ARATH	55.714	140	63	1.53e-43	147
AT3G58910.1_34528	sp|Q9SSR7|FBL31_ARATH	56.291	151	70	3.24e-41	144
AT5G36225.1_63199	sp|O04244|Y4200_ARATH	32.323	99	42	8.66e-13	67.4
AT2G40050.2_12915	sp|Q6NQN8|VLG_ARATH	27.586	174	44	5.46e-09	58.1
AT1G22720.1_83756	sp|Q9LMN6|WAK4_ARATH	60.748	214	90	9.59e-80	250
AT1G22720.1_83756	sp|Q9LMN7|WAK5_ARATH	62.963	216	90	8.88e-79	247
AT1G22720.1_83756	sp|Q9LMP1|WAK2_ARATH	61.033	213	90	8.94e-78	244
AT1G22720.1_83756	sp|Q39191|WAK1_ARATH	59.524	210	90	9.31e-77	242
AT1G22720.1_83756	sp|Q9LMN8|WAK3_ARATH	59.809	209	90	1.30e-71	228
AT4G28395.1_47458	sp|F4JL89|ATA7_ARATH	100.000	140	77	1.02e-102	293
AT4G28395.1_47458	sp|A8MQA2|NLTPD_ARATH	33.673	98	54	9.15e-12	60.7
AT4G28395.1_47458	sp|P07597|NLTP1_HORVU	31.496	127	70	2.85e-10	56.7
AT4G28395.1_47458	sp|O04403|NLT22_PARJU	32.110	109	57	7.69e-09	53.4
AT4G28395.1_47458	sp|E6Y8S8|NLTP1_APIGR	29.703	101	55	1.69e-08	51.9
AT2G02103.1_454	sp|O04244|Y4200_ARATH	51.948	308	70	7.42e-77	238
AT4G13095.1_40960	sp|P82752|DF162_ARATH	100.000	77	99	1.92e-51	158
AT4G13095.1_40960	sp|Q8LFM0|DF163_ARATH	72.727	77	99	1.76e-35	117
AT4G13095.1_40960	sp|P82753|DF164_ARATH	45.570	79	99	6.85e-15	64.9
AT4G13095.1_40960	sp|P82739|DF159_ARATH	35.802	81	99	9.11e-11	54.5
AT4G13095.1_40960	sp|Q9M0F1|DF161_ARATH	37.349	83	99	1.08e-10	54.2
AT5G44565.3_66209	sp|Q3E8H4|SCOP1_ARATH	80.328	61	91	3.30e-15	65.5
AT2G13510.1_3026	sp|O04244|Y4200_ARATH	65.957	94	64	1.60e-38	136
AT2G13510.1_3026	sp|O04244|Y4200_ARATH	37.079	89	64	2.95e-06	50.3
AT2G05335.1_1601	sp|P82634|DF253_ARATH	100.000	101	99	3.40e-71	209
AT2G05335.1_1601	sp|P82635|DF238_ARATH	37.209	86	81	2.27e-12	59.5
AT2G05335.1_1601	sp|P82622|DF228_ARATH	35.211	71	69	6.78e-07	45.5
AT2G05335.1_1601	sp|P82631|DF251_ARATH	33.333	93	84	2.96e-06	43.8
AT2G05335.1_1601	sp|P82639|DF236_ARATH	31.183	93	82	5.37e-06	43.2
AT1G65735.1_95765	sp|B3H6C3|FB311_ARATH	64.286	56	83	3.14e-18	77.8
AT1G65735.1_95765	sp|Q9SHY1|FB317_ARATH	74.074	54	80	4.92e-17	74.7
AT1G65735.1_95765	sp|Q9C6X9|FB315_ARATH	60.377	53	78	1.27e-16	73.3
AT1G65735.1_95765	sp|Q9SHX9|FB72_ARATH	77.358	53	78	2.32e-16	72.8
AT1G65735.1_95765	sp|Q3EBY8|FB111_ARATH	70.690	58	83	7.75e-16	71.9
AT2G44735.1_14809	sp|Q9LSA5|FBK62_ARATH	49.689	161	43	5.08e-39	141
AT2G44735.1_14809	sp|Q9XIA2|FB49_ARATH	41.611	149	40	7.75e-24	102
AT2G44735.1_14809	sp|Q9LXZ3|FB204_ARATH	40.411	146	39	6.41e-21	92.7
AT2G44735.1_14809	sp|Q9FVS1|FBK23_ARATH	37.324	142	38	1.74e-19	88.8
AT2G44735.1_14809	sp|Q1G391|FB217_ARATH	28.378	148	39	7.31e-08	56.2
AT3G60966.1_35332	sp|Q9C7I1|ATL34_ARATH	50.000	60	43	5.10e-15	71.4
AT3G60966.1_35332	sp|Q9SLC3|ATL41_ARATH	50.000	54	39	5.19e-14	67.4
AT3G60966.1_35332	sp|Q9M0R7|ATL39_ARATH	52.083	48	34	1.70e-13	64.3
AT3G60966.1_35332	sp|Q9LZJ6|ATL5_ARATH	52.830	53	38	2.05e-13	66.3
AT3G60966.1_35332	sp|Q8L9T5|ATL2_ARATH	53.846	52	37	3.96e-13	66.0
AT1G47300.1_89352	sp|Q9FX02|FB38_ARATH	100.000	306	99	0.0	633
AT1G47300.1_89352	sp|Q0V7S0|FB39_ARATH	63.793	174	84	8.82e-63	203
AT1G47300.1_89352	sp|Q0V7S0|FB39_ARATH	41.538	130	84	2.27e-08	57.3
AT1G47300.1_89352	sp|Q8S8C7|FB105_ARATH	57.485	167	54	6.24e-60	194
AT1G47300.1_89352	sp|Q9ZQF0|FB104_ARATH	54.913	173	54	8.55e-58	189
AT1G47300.1_89352	sp|Q9SIV7|FB108_ARATH	53.757	173	54	3.10e-55	182
AT5G01440.1_52303	sp|F4HNU6|NRDC_ARATH	44.500	200	65	3.21e-44	160
AT5G01440.1_52303	sp|P14735|IDE_HUMAN	23.684	190	62	1.03e-08	58.4
AT5G01440.1_52303	sp|Q24K02|IDE_BOVIN	23.684	190	62	2.08e-08	57.6
AT5G01440.1_52303	sp|P35559|IDE_RAT	22.632	190	62	3.32e-08	57.0
AT5G01440.1_52303	sp|Q9JHR7|IDE_MOUSE	22.632	190	62	5.20e-08	56.4
AT1G57906.1_93108	sp|Q3EBY8|FB111_ARATH	49.537	216	81	1.01e-56	184
AT1G57906.1_93108	sp|Q9SHY1|FB317_ARATH	44.086	186	77	9.80e-37	131
AT1G57906.1_93108	sp|Q9SHX9|FB72_ARATH	43.784	185	79	5.39e-33	121
AT1G57906.1_93108	sp|P0C2F5|Y1657_ARATH	42.623	183	78	4.49e-29	111
AT1G57906.1_93108	sp|B3H6C3|FB311_ARATH	36.792	212	84	9.84e-20	86.6
AT3G29794.1_27767	sp|Q5SVZ6|ZMYM1_HUMAN	24.607	382	93	2.00e-23	103
AT3G29794.1_27767	sp|O43422|P52K_HUMAN	22.000	350	82	5.30e-12	70.0
AT3G29794.1_27767	sp|Q9CUX1|P52K_MOUSE	21.326	347	82	1.11e-10	66.0
AT3G29794.1_27767	sp|Q6R2W3|SCND3_HUMAN	28.671	143	35	8.84e-07	54.2
AT3G54730.3_32915	sp|P0DKG3|OFP9_ARATH	100.000	122	99	1.43e-81	244
AT3G54730.3_32915	sp|P0DKG2|Y3473_ARATH	100.000	122	99	1.86e-80	241
AT1G11608.1_79644	sp|Q9SAB5|FBLK2_ARATH	46.429	84	96	1.87e-13	65.7
AT1G53708.1_91673	sp|F4HTB2|DVL22_ARATH	97.917	48	44	7.64e-30	103
AT1G53708.1_91673	sp|Q6IM82|DVL19_ARATH	85.417	48	44	3.23e-25	91.9
AT1G53708.1_91673	sp|Q8S8S3|DVL11_ARATH	58.696	46	42	4.50e-10	53.9
AT1G53708.1_91673	sp|Q6IM93|DVL8_ARATH	67.742	31	28	1.03e-09	52.8
AT1G53708.1_91673	sp|Q7XXN8|DVL16_ARATH	57.143	35	32	1.03e-08	49.7
AT4G14785.1_41766	sp|P82642|DF232_ARATH	100.000	95	99	1.02e-65	195
AT4G14785.1_41766	sp|P82641|DF233_ARATH	62.105	95	99	1.22e-39	129
AT4G14785.1_41766	sp|P82639|DF236_ARATH	33.684	95	95	1.92e-07	46.9
AT4G14785.1_41766	sp|P82622|DF228_ARATH	30.337	89	93	2.54e-07	46.3
AT4G14785.1_41766	sp|P82645|DF235_ARATH	31.522	92	91	5.48e-06	42.9
AT2G21040.1_5544	sp|Q9SKR2|SYT1_ARATH	88.506	87	33	7.25e-50	169
AT2G21040.1_5544	sp|B6ETT4|SYT2_ARATH	64.773	88	34	3.99e-37	136
AT2G21040.1_5544	sp|Q7XA06|SYT3_ARATH	52.000	75	28	6.46e-15	75.6
AT1G49930.1_90306	sp|Q9FFC7|SYAP_ARATH	91.892	37	27	4.17e-15	73.0
AT1G49930.1_90306	sp|B9HQZ6|SYAP_POPTR	59.459	37	27	8.28e-08	51.9
AT3G54730.2_32914	sp|P0DKG3|OFP9_ARATH	100.000	128	99	3.79e-86	256
AT3G54730.2_32914	sp|P0DKG2|Y3473_ARATH	100.000	128	99	6.44e-85	252
AT2G14635.1_3307	sp|O22161|ADLO1_ARATH	72.222	36	58	1.88e-08	51.4
AT2G14635.1_3307	sp|Q9M224|ADLO2_ARATH	62.500	48	76	7.54e-08	49.7
AT1G10747.1_79261	sp|A8MSA6|ESF11_ARATH	100.000	83	99	2.96e-56	170
AT1G10747.1_79261	sp|A8MQA5|ESF13_ARATH	50.000	90	94	6.10e-23	86.0
AT1G10747.1_79261	sp|Q1G3R6|ESFL4_ARATH	50.667	75	89	6.24e-20	77.8
AT1G10747.1_79261	sp|A8MRI0|ESFL3_ARATH	47.059	68	77	1.63e-16	69.4
AT1G10747.1_79261	sp|P0DKH1|ESFL2_ARATH	47.143	70	80	7.34e-16	67.7
AT1G37113.1_88355	sp|Q6XKE6|POLG_PVCV2	27.746	173	40	1.69e-08	59.8
AT1G37113.1_88355	sp|Q91DM0|POLG_PVCV1	27.746	173	40	2.26e-08	59.3
AT4G34780.1_50061	sp|Q9SRV9|SAU29_ARATH	48.837	86	80	2.43e-26	95.6
AT4G34780.1_50061	sp|Q9FJG0|SAU20_ARATH	60.294	68	64	1.09e-24	91.1
AT4G34780.1_50061	sp|Q9FJF7|SAU22_ARATH	48.315	89	83	1.52e-24	90.8
AT4G34780.1_50061	sp|Q9FK62|SAU24_ARATH	59.701	67	63	2.88e-24	89.9
AT4G34780.1_50061	sp|Q9FJF6|SAU23_ARATH	53.012	83	77	5.88e-24	89.4
AT3G28870.1_27340	sp|Q9SYP1|DEXHC_ARATH	90.385	52	15	7.17e-25	107
AT3G28870.1_27340	sp|O48534|DEXHD_ARATH	78.846	52	15	1.61e-20	94.7
AT3G28870.1_27340	sp|Q9VUV9|U520_DROME	59.322	59	17	1.34e-11	68.3
AT3G28870.1_27340	sp|Q9LFQ3|SNL2_ARATH	31.690	142	35	9.02e-11	65.7
AT3G28870.1_27340	sp|O75643|U520_HUMAN	63.265	49	14	1.03e-10	65.7
AT5G42223.1_65271	sp|Q2V322|DF114_ARATH	100.000	84	99	1.09e-57	174
AT5G42223.1_65271	sp|Q2V321|DF115_ARATH	52.326	86	99	1.02e-20	80.1
AT5G42223.1_65271	sp|P82765|DF111_ARATH	51.163	86	99	4.53e-17	70.8
AT5G42223.1_65271	sp|Q2V4G3|DF117_ARATH	39.759	83	96	1.29e-10	54.2
AT5G42223.1_65271	sp|Q2V488|DF112_ARATH	40.909	88	99	3.24e-10	53.4
AT4G04985.1_38348	sp|Q6XBF8|CDR1_ARATH	30.709	127	79	9.98e-09	55.0
AT3G51210.1_31553	sp|Q9SD25|SOT2_ARATH	100.000	67	99	8.81e-45	140
AT3G51210.1_31553	sp|Q9M1V2|SOT5_ARATH	56.452	62	88	2.91e-13	64.3
AT3G51210.1_31553	sp|Q8RUC1|SOT4_ARATH	61.538	52	76	3.31e-13	63.5
AT3G51210.1_31553	sp|Q9M1V1|SOT6_ARATH	57.895	57	82	5.06e-12	60.9
AT3G51210.1_31553	sp|Q9FG94|SOT1_ARATH	63.636	55	81	3.92e-11	58.7
AT3G07710.1_19163	sp|Q8VYD2|STKLH_ARATH	50.000	78	53	4.25e-14	69.4
AT3G07710.1_19163	sp|Q9ASZ1|STKLO_ARATH	49.254	67	46	8.10e-13	65.2
AT3G07710.1_19163	sp|P0DKL0|STKLT_ARATH	50.000	68	46	5.99e-12	62.9
AT3G07710.1_19163	sp|Q9SJM4|STKLI_ARATH	44.872	78	53	1.22e-11	62.9
AT2G07667.2_2203	sp|P92548|M1180_ARATH	98.246	57	28	2.21e-33	116
AT2G06983.2_2020	sp|P82635|DF238_ARATH	100.000	47	96	1.87e-28	98.6
AT2G06983.2_2020	sp|P82640|DF237_ARATH	50.000	46	94	2.53e-08	47.7
AT2G06983.2_2020	sp|P82634|DF253_ARATH	43.750	48	96	1.15e-07	46.0
AT2G32470.1_9967	sp|Q9SY20|FB20_ARATH	29.825	285	91	6.17e-28	110
AT2G32470.1_9967	sp|Q9C6J3|FB52_ARATH	28.409	264	87	6.67e-21	91.6
AT2G32470.1_9967	sp|Q9FZD6|FB306_ARATH	29.108	213	70	1.53e-19	87.7
AT2G32470.1_9967	sp|Q9C627|FB36_ARATH	30.045	223	77	5.58e-19	86.0
AT2G32470.1_9967	sp|Q9FYJ1|FB24_ARATH	30.055	183	59	5.01e-18	83.5
AT5G42242.1_65283	sp|P82771|DF179_ARATH	100.000	120	99	3.89e-84	243
AT5G42242.1_65283	sp|P82772|DF180_ARATH	53.125	128	99	2.11e-36	122
AT5G42242.1_65283	sp|P82789|DF181_ARATH	50.407	123	99	7.36e-33	112
AT5G42242.1_65283	sp|P82773|DF182_ARATH	43.750	128	98	1.33e-27	99.8
AT5G42242.1_65283	sp|P82733|DF183_ARATH	35.433	127	99	5.63e-22	85.4
AT5G55800.1_70447	sp|Q6NQN8|VLG_ARATH	29.508	183	54	2.07e-11	66.3
AT5G55800.1_70447	sp|Q6NQN8|VLG_ARATH	31.544	149	54	3.92e-09	59.8
AT5G28820.1_62175	sp|O82368|Y2988_ARATH	40.217	92	98	1.39e-15	73.6
AT5G28820.1_62175	sp|O82368|Y2988_ARATH	31.206	141	98	1.68e-11	62.6
AT2G03937.1_1127	sp|Q4VNZ9|DEF58_ARATH	62.667	75	98	3.96e-20	77.5
AT2G03937.1_1127	sp|Q4VNZ8|DEF59_ARATH	52.703	74	97	3.94e-14	62.4
AT2G03937.1_1127	sp|Q2V4A8|DEF57_ARATH	73.333	30	50	4.72e-11	54.5
AT2G03937.1_1127	sp|Q2V4A5|DEF60_ARATH	38.667	75	98	1.94e-09	50.5
AT2G03937.1_1127	sp|Q2V2Q4|DEF55_ARATH	36.486	74	97	2.67e-09	50.0
AT4G18980.1_43632	sp|Q8GX72|S403_ARATH	100.000	106	99	7.62e-75	219
AT4G18980.1_43632	sp|Q9FK78|S402_ARATH	55.652	115	99	1.98e-33	113
AT4G18980.1_43632	sp|Q9C7N7|S401_ARATH	45.000	140	99	9.54e-23	87.1
AT3G20997.1_24344	sp|P82769|DF121_ARATH	100.000	76	99	6.40e-52	159
AT3G20997.1_24344	sp|P82770|DF120_ARATH	71.429	77	99	1.21e-35	117
AT3G20997.1_24344	sp|P82767|DF119_ARATH	58.108	74	95	7.88e-27	95.3
AT3G20997.1_24344	sp|P82766|DF118_ARATH	60.526	76	95	2.21e-25	91.6
AT3G20997.1_24344	sp|P82745|DF122_ARATH	40.000	75	95	4.96e-12	57.6
ATCG00550.1_16272	sp|A4QLC0|PSBJ_LEPVR	100.000	40	98	2.36e-20	77.0
ATCG00550.1_16272	sp|A4QL33|PSBJ_DRANE	100.000	40	98	2.36e-20	77.0
ATCG00550.1_16272	sp|A4QKB9|PSBJ_BARVE	100.000	40	98	2.36e-20	77.0
ATCG00550.1_16272	sp|P56781|PSBJ_ARATH	100.000	40	98	2.36e-20	77.0
ATCG00550.1_16272	sp|P69692|PSBJ_TOBAC	97.500	40	98	4.16e-20	76.4
ATCG00510.1_16264	sp|P56768|PSAI_ARATH	100.000	37	97	1.80e-19	74.7
ATCG00510.1_16264	sp|Q4VZI2|PSAI_CUCSA	89.189	37	97	2.97e-17	69.1
ATCG00510.1_16264	sp|Q14FE7|PSAI_POPAL	89.189	37	97	1.13e-16	67.7
ATCG00510.1_16264	sp|Q09X07|PSAI_MORIN	83.784	37	97	1.34e-15	64.9
ATCG00510.1_16264	sp|Q49KY8|PSAI_EUCGG	86.486	37	97	1.45e-15	64.9
AT4G15562.1_42173	sp|Q9T0K9|HIP18_ARATH	35.922	103	75	1.59e-06	46.6
AT1G36005.1_88132	sp|Q9FID6|Y5392_ARATH	89.431	123	66	2.15e-66	215
AT1G36005.1_88132	sp|Q9FID5|Y5393_ARATH	79.675	123	66	8.16e-56	186
AT1G36005.1_88132	sp|Q9FF31|LRL21_ARATH	72.881	118	63	6.73e-48	163
AT1G36005.1_88132	sp|F4HQ23|LRL27_ARATH	67.227	119	63	7.11e-42	150
AT1G36005.1_88132	sp|F4KA51|LRL23_ARATH	68.644	118	63	8.15e-42	147
AT4G10767.1_40061	sp|P82640|DF237_ARATH	100.000	80	73	2.67e-55	169
AT4G10767.1_40061	sp|P82639|DF236_ARATH	58.025	81	73	1.04e-25	93.9
AT4G10767.1_40061	sp|P82635|DF238_ARATH	46.154	52	47	9.27e-09	50.5
AT4G10767.1_40061	sp|P82637|DF240_ARATH	36.842	76	69	2.01e-07	47.2
AT4G10767.1_40061	sp|P82636|DF239_ARATH	35.616	73	66	2.94e-07	46.9
AT1G31095.1_86571	sp|Q95028|LDH_DROME	51.220	41	61	3.69e-07	47.7
AT1G31095.1_86571	sp|O93543|LDHA_PARMG	55.000	40	60	4.05e-07	47.4
AT1G31095.1_86571	sp|O93537|LDHA_HARAN	55.000	40	60	4.11e-07	47.4
AT1G31095.1_86571	sp|O93542|LDHA_ELEMC	55.000	40	60	4.24e-07	47.4
AT1G31095.1_86571	sp|Q9W7M6|LDHA_AMBME	55.000	40	60	4.54e-07	47.4
AT2G44400.1_14695	sp|Q6NQN8|VLG_ARATH	33.562	146	98	9.91e-19	80.1
AT3G18518.1_23359	sp|Q6IM94|DVL7_ARATH	100.000	53	98	3.25e-32	107
AT3G18518.1_23359	sp|Q6X5U1|DVL2_ARATH	54.054	37	69	5.23e-09	48.6
AT3G18518.1_23359	sp|Q6X5V0|DVL1_ARATH	50.000	36	67	1.41e-07	45.2
AT3G30230.1_27815	sp|F4JTJ9|ASY2_ARATH	33.735	83	16	5.00e-11	68.5
AT3G30230.1_27815	sp|Q9LEX8|Y3093_ARATH	30.435	115	22	3.04e-08	59.5
AT2G34825.1_10895	sp|A8MQL7|RLF20_ARATH	100.000	72	99	9.72e-48	148
AT2G34825.1_10895	sp|A8MR00|RLF36_ARATH	81.690	71	97	4.34e-38	123
AT2G34825.1_10895	sp|Q3ECL0|RLF9_ARATH	39.394	66	88	3.27e-11	55.3
AT2G34825.1_10895	sp|A8MQ92|RLF2_ARATH	36.364	66	90	4.11e-09	50.5
AT2G34825.1_10895	sp|A8MRM1|RLF16_ARATH	35.211	71	95	6.83e-08	47.2
AT5G12060.1_56314	sp|Q9FMQ4|SPH3_ARATH	100.000	150	99	8.17e-110	310
AT5G12060.1_56314	sp|F4JZG1|SPH4_ARATH	78.289	152	99	1.02e-80	236
AT5G12060.1_56314	sp|F4JLQ5|SPH2_ARATH	38.926	149	91	3.65e-33	115
AT5G12060.1_56314	sp|Q3E9W6|SPH20_ARATH	42.056	107	71	3.36e-22	87.1
AT5G12060.1_56314	sp|B3H730|SPH18_ARATH	39.000	100	66	5.69e-21	83.7
AT4G09784.1_39716	sp|Q8GXJ1|HDA15_ARATH	89.583	48	68	5.50e-23	92.5
AT3G19565.1_23785	sp|Q9FHK1|FB263_ARATH	47.287	129	92	3.68e-26	102
AT3G19565.1_23785	sp|Q9LIB4|FBK57_ARATH	46.281	121	90	2.39e-25	98.6
AT3G19565.1_23785	sp|Q9LJP0|FB164_ARATH	45.968	124	92	2.24e-24	96.1
AT3G19565.1_23785	sp|Q9LUN5|FB156_ARATH	43.939	132	92	3.41e-24	96.1
AT3G19565.1_23785	sp|Q9LUQ9|FBK56_ARATH	44.615	130	90	1.07e-21	89.4
AT2G20805.1_5415	sp|C0SUU6|STKLA_ARATH	35.256	156	96	1.39e-15	72.8
AT5G36190.1_63187	sp|Q9FHK1|FB263_ARATH	60.606	99	67	9.64e-30	112
AT5G36190.1_63187	sp|Q9LUQ9|FBK56_ARATH	54.737	95	63	3.82e-26	101
AT5G36190.1_63187	sp|P0DI01|FB265_ARATH	55.556	90	62	1.93e-22	92.2
AT5G36190.1_63187	sp|P0DI00|FB264_ARATH	55.556	90	62	1.93e-22	92.2
AT5G36190.1_63187	sp|Q9LID1|FBK54_ARATH	48.864	88	60	1.27e-21	89.9
AT4G05030.1_38367	sp|F2VYU4|PIK1_ORYSJ	42.667	75	68	2.33e-10	58.4
AT4G05030.1_38367	sp|F7J0N2|RGA5R_ORYSJ	43.836	73	66	2.62e-10	58.4
AT4G05030.1_38367	sp|F4JDJ0|HIP47_ARATH	39.394	66	59	3.51e-10	54.8
AT4G05030.1_38367	sp|B5UBC1|PIKM1_ORYSJ	42.667	75	68	1.92e-09	55.9
AT4G05030.1_38367	sp|Q5PNZ7|HIP46_ARATH	40.541	74	67	1.95e-09	53.9
AT4G10820.1_40081	sp|Q4PSE7|FB262_ARATH	59.016	122	84	8.05e-39	138
AT4G10820.1_40081	sp|Q4PSE7|FB262_ARATH	48.673	113	84	2.37e-17	81.8
AT4G10820.1_40081	sp|Q9ZQR2|FB103_ARATH	50.000	134	47	1.09e-31	119
AT4G10820.1_40081	sp|Q3E960|FB337_ARATH	45.082	122	73	1.14e-21	94.4
AT4G10820.1_40081	sp|Q3E960|FB337_ARATH	43.902	82	73	8.23e-07	52.2
AT4G10820.1_40081	sp|Q9ZQ60|FB102_ARATH	48.062	129	45	2.90e-19	86.3
AT4G10820.1_40081	sp|Q9SRV0|KIB4_ARATH	29.658	263	80	1.21e-15	77.0
AT2G07440.1_2100	sp|O80365|ARR8_ARATH	89.313	131	93	8.80e-70	210
AT2G07440.1_2100	sp|O80366|ARR9_ARATH	57.971	138	93	6.43e-37	126
AT2G07440.1_2100	sp|Q2RAP3|ORR9_ORYSJ	59.016	61	45	5.14e-21	84.9
AT2G07440.1_2100	sp|Q4GZK2|ORR9_ORYSI	59.016	61	45	5.14e-21	84.9
AT2G07440.1_2100	sp|Q2QXY3|ORR10_ORYSJ	59.016	61	45	6.56e-21	84.6
AT1G63280.1_94833	sp|Q9ZQR6|SPZ2_ARATH	66.102	118	96	2.87e-49	161
AT1G63280.1_94833	sp|O04582|SPZ5_ARATH	63.559	118	96	5.04e-46	153
AT1G63280.1_94833	sp|Q9SH52|SPZ1_ARATH	61.017	118	96	1.01e-44	149
AT1G63280.1_94833	sp|Q9S7T8|SPZX_ARATH	57.627	118	96	3.09e-40	137
AT1G63280.1_94833	sp|Q40066|SPZX_HORVU	53.390	118	96	3.95e-34	121
AT5G27260.1_61570	sp|O82368|Y2988_ARATH	46.926	309	96	2.02e-86	260
AT5G27260.1_61570	sp|Q9FFJ8|LIMYB_ARATH	27.160	162	50	4.92e-06	50.3
AT2G38600.1_12280	sp|P27061|PPA1_SOLLC	44.601	213	85	8.04e-66	204
AT2G38600.1_12280	sp|P10743|VSPB_SOYBN	35.981	214	85	2.80e-46	154
AT2G38600.1_12280	sp|P15490|VSPA_SOYBN	35.371	229	88	2.95e-45	151
AT2G38600.1_12280	sp|O49195|VSP1_ARATH	35.648	216	85	2.27e-44	149
AT2G38600.1_12280	sp|O82122|VSP2_ARATH	36.866	217	85	1.15e-43	147
AT1G65350.1_95622	sp|P0CH32|UBQ4_ARATH	93.750	320	99	0.0	581
AT1G65350.1_95622	sp|P0CH32|UBQ4_ARATH	93.711	318	99	0.0	576
AT1G65350.1_95622	sp|Q1EC66|UBQ3_ARATH	93.750	320	99	0.0	580
AT1G65350.1_95622	sp|P0CH05|UBI2P_PETCR	93.438	320	99	0.0	578
AT1G65350.1_95622	sp|P0CH05|UBI2P_PETCR	93.711	318	99	0.0	576
AT1G65350.1_95622	sp|P0CH05|UBI2P_PETCR	93.711	318	99	0.0	576
AT1G65350.1_95622	sp|P0CH04|UBI1P_PETCR	93.438	320	99	0.0	578
AT1G65350.1_95622	sp|P0CH04|UBI1P_PETCR	93.711	318	99	0.0	576
AT1G65350.1_95622	sp|P0CH04|UBI1P_PETCR	93.711	318	99	0.0	576
AT1G65350.1_95622	sp|Q8H159|UBQ10_ARATH	93.711	318	99	0.0	576
AT1G65350.1_95622	sp|Q8H159|UBQ10_ARATH	93.711	318	99	0.0	576
AT1G65350.1_95622	sp|Q8H159|UBQ10_ARATH	93.711	318	99	0.0	576
AT3G24640.1_25674	sp|Q8LFD5|Y4323_ARATH	54.167	48	64	1.59e-09	51.9
AT5G46670.1_67043	sp|Q6NQN8|VLG_ARATH	34.043	141	42	6.04e-13	68.8
AT3G04250.1_17696	sp|Q9ZVI1|FB323_ARATH	55.147	272	90	1.96e-89	270
AT3G04250.1_17696	sp|Q9LP59|FBK20_ARATH	53.069	277	92	2.19e-86	262
AT3G04250.1_17696	sp|Q9LIK3|FB178_ARATH	52.015	273	90	1.37e-83	255
AT3G04250.1_17696	sp|Q9SZA6|FBK91_ARATH	52.174	276	87	1.86e-81	250
AT3G04250.1_17696	sp|Q9FFT0|FB277_ARATH	52.190	274	91	8.52e-78	240
AT5G38180.1_63859	sp|Q43681|NLTP_VIGUN	44.286	70	73	2.63e-15	66.9
AT5G38180.1_63859	sp|P20145|NLTP2_HORVU	37.879	66	69	2.35e-12	59.5
AT5G38180.1_63859	sp|P82353|NLTP2_PRUAR	41.176	68	70	2.41e-11	56.4
AT5G38180.1_63859	sp|P86809|NLTP2_APIGA	41.935	62	65	2.47e-11	56.2
AT5G38180.1_63859	sp|A2XBN5|NLTPX_ORYSI	32.836	67	70	2.70e-10	54.2
AT5G27238.1_61559	sp|B3H5E1|SPH7_ARATH	100.000	135	99	1.57e-98	281
AT5G27238.1_61559	sp|B3H4B5|SPH11_ARATH	39.416	137	99	2.31e-22	87.1
AT5G27238.1_61559	sp|B3H453|SPH8_ARATH	36.296	135	99	1.43e-19	79.8
AT5G27238.1_61559	sp|Q9FF19|SPH9_ARATH	33.088	136	99	2.80e-18	76.4
AT5G27238.1_61559	sp|B3H6H8|SPH10_ARATH	32.847	137	99	8.64e-17	73.0
AT5G47077.1_67176	sp|P82721|DF126_ARATH	100.000	75	99	1.71e-50	155
AT5G47077.1_67176	sp|P82734|DF127_ARATH	78.667	75	99	3.98e-40	129
AT5G47077.1_67176	sp|P82718|DF141_ARATH	55.263	76	96	7.24e-20	77.5
AT5G47077.1_67176	sp|P82723|DF128_ARATH	46.575	73	96	2.36e-19	76.1
AT5G47077.1_67176	sp|P82766|DF118_ARATH	43.421	76	96	3.21e-13	60.7
AT3G23167.1_25117	sp|P82754|DF185_ARATH	100.000	77	99	1.75e-52	160
AT3G23167.1_25117	sp|P82755|DF186_ARATH	81.818	77	99	1.92e-40	129
AT3G23167.1_25117	sp|P82757|DF187_ARATH	53.012	83	99	1.49e-20	79.5
AT3G23167.1_25117	sp|P82732|DF184_ARATH	51.190	84	99	3.50e-18	73.3
AT3G23167.1_25117	sp|P82756|DF188_ARATH	51.190	84	99	7.13e-18	72.8
AT1G33607.1_87399	sp|Q2V4J2|DEF26_ARATH	100.000	81	99	2.65e-55	168
AT1G33607.1_87399	sp|Q2V392|DEF25_ARATH	83.951	81	99	1.87e-43	138
AT1G33607.1_87399	sp|Q2V391|DEF22_ARATH	79.268	82	99	3.76e-41	132
AT1G33607.1_87399	sp|Q2V364|DEF23_ARATH	53.659	82	98	3.55e-22	83.7
AT1G33607.1_87399	sp|Q2L6T3|DEF27_ARATH	37.975	79	89	6.36e-08	47.2
AT3G25170.1_25868	sp|Q0V822|RLF26_ARATH	100.000	76	99	3.14e-51	157
AT3G25170.1_25868	sp|A7REH2|RLF30_ARATH	51.351	74	96	5.08e-20	78.1
AT3G25170.1_25868	sp|Q9LSG0|RLF25_ARATH	54.667	75	96	2.48e-17	71.1
AT3G25170.1_25868	sp|O64466|RLF11_ARATH	54.667	75	97	4.84e-14	62.6
AT3G25170.1_25868	sp|F4ISE2|RLF13_ARATH	54.667	75	97	2.59e-13	60.9
ATCG01230.1_16379	sp|P46296|RR12_CUSEU	100.000	85	99	1.37e-56	172
ATCG01230.1_16379	sp|Q6EW28|RR12_NYMAL	100.000	85	99	1.43e-56	172
ATCG01230.1_16379	sp|A1XFT4|RR12_NUPAD	100.000	85	99	1.43e-56	172
ATCG01230.1_16379	sp|A6MMI7|RR12_DIOEL	100.000	85	99	1.45e-56	172
ATCG01230.1_16379	sp|A4QK42|RR12_ARAHI	100.000	85	99	1.49e-56	172
AT4G32714.1_49189	sp|P82644|DF231_ARATH	100.000	87	99	1.81e-58	176
AT4G32714.1_49189	sp|P82643|DF230_ARATH	48.837	86	98	5.44e-23	86.3
AT4G32714.1_49189	sp|P82647|DF227_ARATH	31.959	97	97	3.51e-07	46.0
AT4G32714.1_49189	sp|P82646|DF229_ARATH	35.556	90	93	4.30e-06	42.9
AT4G32714.1_49189	sp|P82641|DF233_ARATH	36.250	80	88	6.88e-06	42.7
AT2G06983.1_2019	sp|P82635|DF238_ARATH	100.000	87	99	9.18e-60	179
AT2G06983.1_2019	sp|P82631|DF251_ARATH	40.000	90	97	1.79e-12	59.3
AT2G06983.1_2019	sp|P82634|DF253_ARATH	37.209	86	97	1.96e-12	59.5
AT2G06983.1_2019	sp|P82640|DF237_ARATH	36.559	93	97	4.90e-10	53.4
AT2G06983.1_2019	sp|P82639|DF236_ARATH	37.209	86	92	1.85e-08	49.1
AT1G50325.1_90448	sp|Q9LUV1|PMEI2_ARATH	29.050	179	89	1.01e-14	69.7
AT1G50325.1_90448	sp|P83326|PMEI_ACTDE	29.630	162	81	4.30e-12	62.9
AT1G50325.1_90448	sp|Q9LNF2|PMEI1_ARATH	26.966	178	89	8.49e-08	51.7
AT4G22520.1_45063	sp|Q9S7I2|AIR1_ARATH	33.929	112	92	5.13e-16	69.7
AT4G22520.1_45063	sp|Q9ZSP6|AIR1L_ARATH	35.714	112	92	2.18e-14	65.5
AT4G22520.1_45063	sp|P14009|14KD_DAUCA	30.435	138	98	6.33e-11	57.3
AT4G22520.1_45063	sp|Q8RW93|LBP65_ARATH	34.409	93	74	9.15e-09	51.4
AT4G22520.1_45063	sp|Q39176|ERLI1_ARATH	33.735	83	68	2.26e-07	48.6
AT1G02620.1_75770	sp|O04834|SAR1A_ARATH	90.991	111	90	1.07e-72	216
AT1G02620.1_75770	sp|O04266|SAR1A_BRACM	90.090	111	90	5.68e-71	212
AT1G02620.1_75770	sp|Q01474|SAR1B_ARATH	86.486	111	90	5.67e-69	206
AT1G02620.1_75770	sp|O04267|SAR1B_BRACM	82.301	113	90	9.53e-65	196
AT1G02620.1_75770	sp|P52884|SAR2_SOLLC	78.378	111	90	7.88e-63	191
AT3G25880.2_26112	sp|P42744|AXR1_ARATH	69.565	69	88	3.04e-19	82.3
AT3G25880.2_26112	sp|Q9ZV69|AXL1_ARATH	68.116	69	88	1.75e-18	80.1
AT3G25880.2_26112	sp|Q9Z1A5|ULA1_RAT	44.615	65	83	6.83e-07	47.4
AT3G25880.2_26112	sp|Q7SXP2|ULA1_DANRE	46.154	65	83	8.70e-07	47.2
AT3G25880.2_26112	sp|Q5ZIE6|ULA1_CHICK	43.077	65	83	1.36e-06	46.6
AT5G42797.1_65479	sp|P82743|DF130_ARATH	100.000	81	99	2.71e-56	170
AT5G42797.1_65479	sp|P82728|DF129_ARATH	56.790	81	99	4.46e-26	93.6
AT5G42797.1_65479	sp|P82744|DF131_ARATH	29.070	86	99	1.36e-08	49.1
AT5G42797.1_65479	sp|P82768|DF125_ARATH	36.145	83	99	1.56e-06	43.8
AT5G42797.1_65479	sp|P82745|DF122_ARATH	34.146	82	99	7.98e-06	41.8
AT3G28925.1_27367	sp|Q9FJL0|SMC4_ARATH	54.023	87	25	2.68e-15	76.7
AT2G07629.1_2149	sp|P92550|M1200_ARATH	39.583	96	56	1.71e-12	65.2
AT2G07629.1_2149	sp|P93319|M670_ARATH	46.835	79	44	1.39e-10	59.8
AT2G07629.1_2149	sp|P92511|M690_ARATH	36.364	77	45	7.56e-06	46.6
AT3G30805.1_28005	sp|Q6F2U9|SYK_ORYSJ	84.906	53	32	8.20e-20	87.1
AT3G30805.1_28005	sp|Q9ZPI1|SYKC_ARATH	83.019	53	32	3.01e-18	82.9
AT3G30805.1_28005	sp|Q839A8|SYK_ENTFA	62.264	53	32	1.99e-16	77.3
AT3G30805.1_28005	sp|Q22099|SYK_CAEEL	62.687	67	38	2.04e-16	77.5
AT3G30805.1_28005	sp|P43151|GPA_LEIDO	46.988	83	50	3.59e-16	76.4
AT3G11310.1_20404	sp|Q9FFJ8|LIMYB_ARATH	44.915	354	74	8.52e-95	291
AT3G11310.1_20404	sp|Q9FFJ8|LIMYB_ARATH	63.158	57	74	3.44e-15	79.8
AT3G11300.1_20402	sp|Q9FFJ8|LIMYB_ARATH	35.450	189	57	4.43e-19	85.4
AT5G59616.1_71907	sp|Q9FN93|Y5596_ARATH	68.421	152	99	2.44e-73	233
AT5G59616.1_71907	sp|C0LGW2|PAM74_ARATH	58.940	151	97	3.09e-61	201
AT5G59616.1_71907	sp|Q9FN94|RLK0_ARATH	56.494	154	99	2.86e-57	190
AT5G59616.1_71907	sp|Q9SNA3|Y3463_ARATH	54.861	144	94	7.40e-57	190
AT5G59616.1_71907	sp|Q9FZB8|Y5181_ARATH	52.980	151	98	3.74e-55	185
AT3G14362.1_21733	sp|Q6IM82|DVL19_ARATH	100.000	48	98	2.84e-30	102
AT3G14362.1_21733	sp|F4HTB2|DVL22_ARATH	87.500	48	98	1.48e-25	90.8
AT3G14362.1_21733	sp|Q6IM93|DVL8_ARATH	61.111	36	73	2.50e-10	52.5
AT3G14362.1_21733	sp|Q6IM91|DVL10_ARATH	46.667	45	92	1.37e-09	50.3
AT3G14362.1_21733	sp|Q8S8S3|DVL11_ARATH	73.333	30	61	2.33e-09	50.0
AT4G11653.1_40361	sp|A8MQP2|RLF29_ARATH	100.000	90	99	8.70e-61	182
AT4G11653.1_40361	sp|A8MQI8|RLF5_ARATH	53.333	90	97	2.74e-24	89.6
AT4G11653.1_40361	sp|A8MQL7|RLF20_ARATH	41.667	60	66	1.17e-07	46.9
AT4G11653.1_40361	sp|A8MR00|RLF36_ARATH	37.500	64	70	3.05e-07	45.8
AT4G11653.1_40361	sp|Q3ECL0|RLF9_ARATH	39.726	73	77	3.22e-07	45.8
AT5G15060.1_57318	sp|P59469|LBD34_ARATH	100.000	141	99	3.88e-102	290
AT5G15060.1_57318	sp|Q9SHE9|LBD4_ARATH	46.835	79	55	1.91e-17	75.3
AT5G15060.1_57318	sp|Q9LRW1|LBD22_ARATH	43.836	73	51	4.95e-17	75.9
AT5G15060.1_57318	sp|Q9STS6|LBD27_ARATH	48.148	81	56	2.41e-16	75.0
AT5G15060.1_57318	sp|Q32SG3|LBD6_MAIZE	41.096	73	51	7.59e-15	70.0
AT5G14160.1_56959	sp|Q9FMT5|FB256_ARATH	100.000	352	99	0.0	728
AT5G14160.1_56959	sp|Q9ZUF1|FB99_ARATH	33.871	372	92	2.63e-52	175
AT5G14160.1_56959	sp|P0CG94|FB347_ARATH	33.596	381	92	1.84e-45	157
AT5G14160.1_56959	sp|O49624|FB242_ARATH	33.588	393	91	1.87e-45	158
AT5G14160.1_56959	sp|Q9FKZ7|FB301_ARATH	32.804	378	91	2.26e-45	157
AT4G00020.3_36378	sp|Q7Y1C5|BRC2A_ARATH	100.000	983	99	0.0	2043
AT4G00020.3_36378	sp|Q7Y1C4|BRC2B_ARATH	94.225	987	99	0.0	1937
AT4G00020.3_36378	sp|P97929|BRCA2_MOUSE	32.420	438	42	6.93e-50	193
AT4G00020.3_36378	sp|O35923|BRCA2_RAT	31.702	429	41	3.03e-48	188
AT4G00020.3_36378	sp|Q864S8|BRCA2_FELCA	30.258	466	45	5.81e-46	181
AT2G12880.1_2914	sp|O76743|GLH4_CAEEL	30.769	78	62	1.10e-06	48.3
AT2G12880.1_2914	sp|Q04832|HEXP_LEIMA	32.394	71	58	1.66e-06	47.2
AT2G12880.1_2914	sp|Q04832|HEXP_LEIMA	37.500	64	58	1.93e-06	47.2
AT2G12880.1_2914	sp|O65639|CSP1_ARATH	30.120	83	69	5.43e-06	46.0
AT2G12880.1_2914	sp|Q8R1J3|ZCHC9_MOUSE	29.577	71	57	5.81e-06	45.8
AT2G12880.1_2914	sp|Q8N567|ZCHC9_HUMAN	29.577	71	57	9.69e-06	45.2
AT1G01020.4_75110	sp|Q5MK24|ARV1_ARATH	100.000	197	83	3.22e-130	368
AT1G01020.4_75110	sp|Q5MK23|ARV2_ARATH	63.030	165	70	5.72e-59	185
AT1G01020.4_75110	sp|Q54GD9|ARV1_DICDI	24.706	170	66	8.22e-10	58.7
AT1G54720.1_92076	sp|O04036|ERD6_ARATH	81.250	32	26	1.07e-09	57.0
AT4G03950.1_37994	sp|O81514|GPTP1_ARATH	100.000	277	99	0.0	563
AT4G03950.1_37994	sp|Q94B38|GPT2_ARATH	58.983	295	85	4.47e-96	286
AT4G03950.1_37994	sp|Q9M5A9|GPT1_ARATH	58.163	294	85	8.88e-95	282
AT4G03950.1_37994	sp|Q9LF61|XPT_ARATH	39.604	303	88	1.33e-49	167
AT4G03950.1_37994	sp|P52177|TPT1_BRAOB	36.029	272	84	4.74e-35	129
AT4G13395.1_41114	sp|Q6IM91|DVL10_ARATH	100.000	55	98	3.57e-35	115
AT4G13395.1_41114	sp|Q7XXN8|DVL16_ARATH	54.545	33	59	6.66e-10	51.1
AT4G13395.1_41114	sp|Q6IM82|DVL19_ARATH	46.667	45	80	1.57e-09	50.3
AT4G13395.1_41114	sp|Q6IM93|DVL8_ARATH	48.718	39	70	1.09e-08	48.6
AT4G13395.1_41114	sp|F4HTB2|DVL22_ARATH	45.238	42	75	2.38e-08	47.2
ATCG00570.1_16276	sp|Q67H85|PSBF_YUCGL	100.000	39	98	2.43e-22	82.0
ATCG00570.1_16276	sp|Q0ZJ04|PSBF_VITVI	100.000	39	98	2.43e-22	82.0
ATCG00570.1_16276	sp|Q67HJ7|PSBF_TYPAN	100.000	39	98	2.43e-22	82.0
ATCG00570.1_16276	sp|Q7J1A2|PSBF_TROAR	100.000	39	98	2.43e-22	82.0
ATCG00570.1_16276	sp|Q6EYP2|PSBF_STEPS	100.000	39	98	2.43e-22	82.0
AT1G68825.2_96920	sp|Q6X5T8|DVL5_ARATH	100.000	46	98	7.24e-27	93.9
AT1G68825.2_96920	sp|Q9SAF8|DVL4_ARATH	71.795	39	83	6.40e-16	66.0
AT1G68825.2_96920	sp|Q6IM95|DVL6_ARATH	83.333	30	64	7.51e-13	58.1
AT1G68825.2_96920	sp|Q6X5U0|DVL3_ARATH	63.158	38	79	4.80e-11	53.6
AT1G68825.2_96920	sp|Q6X5U1|DVL2_ARATH	52.500	40	85	3.94e-09	48.9
AT5G06040.1_54011	sp|P0DN92|SPH24_ARATH	82.500	80	71	4.22e-41	134
AT5G06040.1_54011	sp|Q9FI83|SPH28_ARATH	82.500	80	71	1.14e-39	130
AT5G06040.1_54011	sp|Q9FI84|SPH27_ARATH	49.383	81	71	1.40e-17	74.5
AT5G06040.1_54011	sp|F2Q9V4|SPH6_ARATH	53.846	65	58	1.37e-14	66.3
AT3G23650.1_25317	sp|P43298|TMK1_ARATH	34.815	135	95	9.00e-13	66.3
AT3G23650.1_25317	sp|Q9FYK0|TMK2_ARATH	34.328	134	95	5.36e-12	64.0
AT3G23650.1_25317	sp|Q9LK43|TMK4_ARATH	33.333	129	95	2.08e-10	59.5
AT3G23650.1_25317	sp|Q9SIT1|TMK3_ARATH	32.090	134	97	9.18e-09	54.8
AT3G23650.1_25317	sp|F4JEQ2|PBL23_ARATH	28.682	129	93	5.26e-08	52.2
AT5G37760.1_63729	sp|B2SXC7|DNAJ_PARPJ	47.761	67	32	9.54e-10	59.0
AT5G37760.1_63729	sp|Q145F0|DNAJ_PARXL	47.761	67	32	1.01e-09	59.0
AT5G37760.1_63729	sp|Q149L6|DJB14_MOUSE	47.059	68	33	1.46e-09	58.4
AT5G37760.1_63729	sp|Q0IIE8|DJB14_BOVIN	47.059	68	33	1.50e-09	58.4
AT5G37760.1_63729	sp|Q8TBM8|DJB14_HUMAN	47.059	68	33	1.52e-09	58.4
AT2G14270.1_3222	sp|Q8RX37|P2C02_ARATH	57.692	52	45	1.43e-06	47.7
AT2G14270.1_3222	sp|O80871|P2C25_ARATH	87.179	39	34	3.28e-06	46.6
AT2G33796.1_10505	sp|Q3E7J7|FBL83_ARATH	73.171	82	75	2.13e-35	125
AT2G33796.1_10505	sp|Q84RK6|FBL36_ARATH	41.096	73	61	1.01e-08	53.6
AT2G33796.1_10505	sp|Q9LUK1|FB275_ARATH	46.988	83	75	1.31e-08	53.4
AT2G33796.1_10505	sp|Q56W59|FBL84_ARATH	43.284	67	61	6.50e-07	48.6
AT2G33796.1_10505	sp|Q9LXQ6|FB193_ARATH	44.928	69	62	1.82e-06	47.4
AT3G17140.1_22840	sp|F4HWQ8|CVIF1_ARATH	60.417	96	84	8.88e-33	114
AT2G14935.1_3417	sp|P82755|DF186_ARATH	100.000	74	99	5.33e-49	151
AT2G14935.1_3417	sp|P82754|DF185_ARATH	81.818	77	99	1.85e-40	129
AT2G14935.1_3417	sp|P82757|DF187_ARATH	55.000	80	99	4.05e-21	80.6
AT2G14935.1_3417	sp|P82732|DF184_ARATH	46.914	81	99	8.52e-18	72.2
AT2G14935.1_3417	sp|P82756|DF188_ARATH	49.383	81	99	3.17e-17	70.8
AT1G43760.1_88879	sp|P14381|YTX2_XENLA	26.724	232	37	1.31e-12	74.2
AT1G43760.1_88879	sp|O00370|LORF2_HUMAN	27.168	173	27	1.55e-07	58.1
AT1G43760.1_88879	sp|P08548|LIN1_NYCCO	25.926	162	26	1.87e-06	54.8
AT2G07599.1_2127	sp|P92538|M1040_ARATH	93.939	33	13	6.13e-15	70.2
AT3G26880.1_26532	sp|Q9LW22|SPH21_ARATH	100.000	133	99	2.12e-96	275
AT3G26880.1_26532	sp|P0DN94|SPH17_ARATH	42.276	123	92	1.70e-24	92.5
AT3G26880.1_26532	sp|Q9FF19|SPH9_ARATH	38.462	130	93	7.71e-22	85.4
AT3G26880.1_26532	sp|Q9LVX2|SPH31_ARATH	39.024	123	92	1.92e-21	84.6
AT3G26880.1_26532	sp|F2Q9V5|SPH16_ARATH	38.843	121	90	2.56e-21	84.3
AT1G05615.1_77001	sp|F4I8U3|Y1056_ARATH	100.000	172	99	2.32e-129	361
AT1G05615.1_77001	sp|Q9SJ98|Y2467_ARATH	50.505	99	57	3.94e-25	97.5
AT1G05615.1_77001	sp|Q9ZV39|Y2881_ARATH	40.206	97	55	1.91e-15	71.9
AT1G05615.1_77001	sp|Q8RV83|Y2172_ARATH	38.776	98	55	3.04e-13	67.4
AT1G05615.1_77001	sp|Q6DSS2|Y2186_ARATH	48.276	58	34	1.30e-11	60.9
AT2G24625.1_6926	sp|Q2V460|DEF39_ARATH	100.000	88	99	1.48e-60	181
AT2G24625.1_6926	sp|Q2V462|DEF38_ARATH	60.000	80	90	5.34e-33	111
AT2G24625.1_6926	sp|Q2V325|DEF40_ARATH	45.946	74	80	2.10e-12	59.3
AT4G17590.2_43101	sp|Q8VYM6|NOP2B_ARATH	46.739	92	49	6.92e-16	76.7
AT4G17590.2_43101	sp|Q9FG73|NOP2A_ARATH	40.777	103	54	8.71e-15	73.6
AT4G17590.2_43101	sp|P40991|NOP2_YEAST	39.286	84	45	7.40e-10	59.3
AT4G17590.2_43101	sp|O94268|NOP2_SCHPO	37.931	87	46	2.23e-08	55.0
AT4G17590.2_43101	sp|Q922K7|NOP2_MOUSE	38.298	94	50	3.09e-08	54.8
AT2G22807.2_6228	sp|Q2V467|DF190_ARATH	90.667	75	99	4.56e-46	144
AT2G22807.2_6228	sp|Q2V468|DF189_ARATH	52.308	65	83	1.59e-13	61.5
AT2G22807.2_6228	sp|Q2V466|DF191_ARATH	37.288	59	78	6.42e-06	42.1
AT2G28405.1_8378	sp|P82747|DF150_ARATH	100.000	83	99	2.44e-57	173
AT2G28405.1_8378	sp|P82719|DF148_ARATH	37.662	77	92	3.81e-16	68.5
AT2G28405.1_8378	sp|Q8S8H3|DF149_ARATH	42.857	84	99	2.81e-15	66.0
AT2G28405.1_8378	sp|P82729|DF137_ARATH	42.857	84	98	3.86e-13	60.7
AT2G28405.1_8378	sp|P82716|DF147_ARATH	34.568	81	93	5.04e-10	53.1
ATCG00600.1_16282	sp|A4QJV0|PETG_OLIPU	100.000	37	97	2.15e-19	74.5
ATCG00600.1_16282	sp|Q6EW34|PETG_NYMAL	100.000	37	97	2.15e-19	74.5
ATCG00600.1_16282	sp|A4QLV2|PETG_NASOF	100.000	37	97	2.15e-19	74.5
ATCG00600.1_16282	sp|A4QLC5|PETG_LEPVR	100.000	37	97	2.15e-19	74.5
ATCG00600.1_16282	sp|A4QKV0|PETG_CRUWA	100.000	37	97	2.15e-19	74.5
AT3G23715.1_25341	sp|P82632|DF252_ARATH	100.000	95	99	2.26e-66	197
AT3G23715.1_25341	sp|P82631|DF251_ARATH	57.895	95	99	3.09e-34	115
AT3G23715.1_25341	sp|P82639|DF236_ARATH	37.000	100	97	7.65e-09	50.5
AT3G23715.1_25341	sp|P82635|DF238_ARATH	35.484	93	96	8.80e-09	50.0
AT1G12615.1_79999	sp|Q9LQ16|PPR94_ARATH	44.138	145	91	4.93e-35	129
AT1G12615.1_79999	sp|Q9LQ16|PPR94_ARATH	34.043	141	91	4.58e-18	82.0
AT1G12615.1_79999	sp|Q9LQ16|PPR94_ARATH	31.298	131	91	6.24e-16	76.1
AT1G12615.1_79999	sp|Q9LQ16|PPR94_ARATH	27.972	143	91	1.42e-13	69.4
AT1G12615.1_79999	sp|Q9LQ16|PPR94_ARATH	29.496	139	91	2.21e-13	68.8
AT1G12615.1_79999	sp|Q9LQ16|PPR94_ARATH	25.517	145	91	1.18e-12	66.6
AT1G12615.1_79999	sp|Q9LQ16|PPR94_ARATH	31.746	126	91	3.43e-12	65.5
AT1G12615.1_79999	sp|Q9LQ16|PPR94_ARATH	25.170	147	91	3.00e-11	62.6
AT1G12615.1_79999	sp|Q9CAM8|PP100_ARATH	44.444	144	90	1.91e-34	127
AT1G12615.1_79999	sp|Q9CAM8|PP100_ARATH	34.286	140	90	1.27e-16	78.1
AT1G12615.1_79999	sp|Q9CAM8|PP100_ARATH	28.125	128	90	9.74e-13	66.9
AT1G12615.1_79999	sp|Q9CAM8|PP100_ARATH	30.070	143	90	1.08e-12	66.9
AT1G12615.1_79999	sp|Q9CAM8|PP100_ARATH	29.078	141	90	3.00e-12	65.5
AT1G12615.1_79999	sp|Q9CAM8|PP100_ARATH	30.952	126	90	2.79e-11	62.6
AT1G12615.1_79999	sp|Q9CAM8|PP100_ARATH	25.714	140	90	2.97e-09	57.0
AT1G12615.1_79999	sp|Q9CAM8|PP100_ARATH	25.342	146	90	6.59e-07	50.3
AT1G12615.1_79999	sp|Q9LQ15|PPR95_ARATH	45.139	144	90	1.75e-32	120
AT1G12615.1_79999	sp|Q9LQ15|PPR95_ARATH	34.752	141	90	1.65e-17	80.4
AT1G12615.1_79999	sp|Q9LQ15|PPR95_ARATH	28.671	143	90	2.15e-13	68.5
AT1G12615.1_79999	sp|Q9LQ15|PPR95_ARATH	29.286	140	90	8.48e-13	66.9
AT1G12615.1_79999	sp|Q9LQ15|PPR95_ARATH	26.573	143	90	1.47e-12	66.3
AT1G12615.1_79999	sp|Q9LQ15|PPR95_ARATH	30.952	126	90	4.56e-11	62.1
AT1G12615.1_79999	sp|Q9LQ15|PPR95_ARATH	27.586	116	90	2.23e-09	57.3
AT1G12615.1_79999	sp|Q9CAN0|PPR99_ARATH	42.361	144	91	1.82e-32	121
AT1G12615.1_79999	sp|Q9CAN0|PPR99_ARATH	33.333	141	91	8.33e-17	78.4
AT1G12615.1_79999	sp|Q9CAN0|PPR99_ARATH	34.615	130	91	4.46e-16	76.4
AT1G12615.1_79999	sp|Q9CAN0|PPR99_ARATH	31.061	132	91	2.61e-13	68.5
AT1G12615.1_79999	sp|Q9CAN0|PPR99_ARATH	24.823	141	91	9.34e-13	66.9
AT1G12615.1_79999	sp|Q9CAN0|PPR99_ARATH	26.531	147	91	1.91e-12	66.0
AT1G12615.1_79999	sp|Q9CAN0|PPR99_ARATH	27.273	143	91	2.29e-12	65.7
AT1G12615.1_79999	sp|Q9CAN0|PPR99_ARATH	28.777	139	91	4.91e-12	64.9
AT1G12615.1_79999	sp|Q9FMD3|PP389_ARATH	45.385	130	97	3.87e-32	119
AT1G12615.1_79999	sp|Q9FMD3|PP389_ARATH	27.211	147	97	1.05e-14	72.2
AT1G12615.1_79999	sp|Q9FMD3|PP389_ARATH	32.308	130	97	8.14e-14	69.7
AT1G12615.1_79999	sp|Q9FMD3|PP389_ARATH	27.083	144	97	1.14e-10	60.9
AT1G12615.1_79999	sp|Q9FMD3|PP389_ARATH	31.858	113	97	2.76e-10	59.8
AT1G12615.1_79999	sp|Q9FMD3|PP389_ARATH	26.087	138	97	5.70e-10	59.0
AT1G12615.1_79999	sp|Q9FMD3|PP389_ARATH	26.724	116	97	8.42e-10	58.4
AT5G55565.1_70371	sp|Q3E8B0|DEF41_ARATH	100.000	64	98	1.30e-42	134
AT4G03625.1_37914	sp|Q9M0U9|SKI19_ARATH	72.308	65	98	1.29e-25	96.4
AT4G03625.1_37914	sp|Q9S9V9|FBL23_ARATH	75.472	53	82	6.65e-23	91.3
AT4G03625.1_37914	sp|Q9S9V8|FBL9_ARATH	75.510	49	75	3.45e-22	86.6
AT4G03625.1_37914	sp|Q9M0U7|FB221_ARATH	57.143	63	95	1.26e-19	80.9
AT4G03625.1_37914	sp|Q9M0U8|FBL21_ARATH	68.750	48	74	1.08e-18	78.4
AT4G16015.2_42342	sp|Q6NQN8|VLG_ARATH	26.446	121	22	1.26e-06	52.2
AT2G07751.1_2330	sp|P27062|NU3M_PANGI	91.525	118	99	2.38e-72	213
AT2G07751.1_2330	sp|Q36664|NU3M_PINSY	87.288	118	99	3.90e-67	200
AT2G07751.1_2330	sp|O99869|NU3M_SOLTU	86.441	118	99	4.43e-67	200
AT2G07751.1_2330	sp|P68159|NU3M_RAPSA	92.373	118	99	5.23e-62	187
AT2G07751.1_2330	sp|P68160|NU3M_BRANA	92.373	118	99	5.23e-62	187
AT1G66235.1_95915	sp|Q9FHE1|GSTT3_ARATH	26.606	218	73	5.12e-11	64.9
AT1G66235.1_95915	sp|Q8L727|GSTT2_ARATH	24.701	251	84	7.28e-08	55.6
AT3G43083.1_28669	sp|P82748|DF133_ARATH	100.000	78	99	8.55e-51	156
AT3G43083.1_28669	sp|P82724|DF146_ARATH	45.570	79	97	2.85e-11	55.9
AT3G43083.1_28669	sp|P82716|DF147_ARATH	40.244	82	95	1.04e-10	54.5
AT3G43083.1_28669	sp|P82719|DF148_ARATH	40.323	62	78	1.67e-07	46.3
AT5G43525.1_65757	sp|A8MRC6|LUR15_ARATH	100.000	90	99	5.80e-61	183
AT5G43525.1_65757	sp|Q4VP08|LUR12_ARATH	95.556	90	99	3.15e-57	173
AT5G43525.1_65757	sp|P0CAY6|LUR14_ARATH	90.000	90	99	5.21e-53	162
AT5G43525.1_65757	sp|Q4VP10|LUR13_ARATH	91.209	91	99	1.00e-52	161
AT5G43525.1_65757	sp|Q4VP07|LUR16_ARATH	89.011	91	99	2.16e-51	158
AT3G50510.2_31340	sp|Q9SCS4|LBD28_ARATH	100.000	198	99	1.85e-152	422
AT3G50510.2_31340	sp|A1YKY7|IAL1_MAIZE	52.830	106	53	1.06e-35	125
AT3G50510.2_31340	sp|O64836|LBD10_ARATH	47.458	118	59	1.10e-35	126
AT3G50510.2_31340	sp|Q32SG3|LBD6_MAIZE	52.830	106	53	5.91e-35	123
AT3G50510.2_31340	sp|Q8LQH4|LBD6_ORYSJ	52.830	106	53	7.80e-34	121
AT1G69818.1_97278	sp|Q2V4D7|DEF34_ARATH	100.000	73	99	1.13e-49	153
AT1G69818.1_97278	sp|Q2V4D6|DEF33_ARATH	72.603	73	99	1.11e-32	110
AT1G69818.1_97278	sp|Q2V4D5|DEF36_ARATH	60.811	74	99	9.15e-23	84.9
AT1G69818.1_97278	sp|Q2V4F3|DEF35_ARATH	53.425	73	99	8.77e-20	77.3
AT2G07672.1_2209	sp|P92539|M1050_ARATH	99.371	159	99	3.57e-115	325
AT1G28335.1_85587	sp|P82746|DF153_ARATH	100.000	81	99	2.78e-55	168
AT4G35295.1_50272	sp|Q8L7R2|KHSE_ARATH	68.254	63	52	4.63e-13	65.5
AT2G05600.1_1705	sp|Q9ZPS1|FB94_ARATH	73.118	93	39	9.36e-41	141
AT2G05600.1_1705	sp|O04488|FBLK1_ARATH	35.955	178	72	2.66e-20	88.8
AT2G05600.1_1705	sp|O80777|FB126_ARATH	40.541	111	45	1.41e-17	81.5
AT2G05600.1_1705	sp|Q9LX89|FB255_ARATH	38.690	168	68	1.66e-16	79.0
AT2G05600.1_1705	sp|Q9LPW4|FB7_ARATH	32.911	158	60	1.09e-14	74.2
AT5G38197.1_63866	sp|Q43681|NLTP_VIGUN	43.077	65	67	4.08e-13	61.5
AT5G38197.1_63866	sp|P20145|NLTP2_HORVU	38.983	59	61	5.00e-11	56.2
AT5G38197.1_63866	sp|Q10ST8|NLTPX_ORYSJ	29.348	92	95	1.21e-10	55.0
AT5G38197.1_63866	sp|A2XBN5|NLTPX_ORYSI	37.288	59	61	1.26e-10	55.0
AT5G38197.1_63866	sp|P82901|NLT2P_WHEAT	33.898	59	61	2.78e-09	51.1
AT3G17400.1_22945	sp|Q9LUT1|FB151_ARATH	100.000	185	99	8.38e-140	389
AT3G17400.1_22945	sp|Q9LUN5|FB156_ARATH	55.689	167	88	2.00e-59	189
AT3G17400.1_22945	sp|Q9LUQ9|FBK56_ARATH	57.233	159	83	1.68e-55	179
AT3G17400.1_22945	sp|Q9LV45|FB184_ARATH	53.846	156	81	1.82e-52	171
AT3G17400.1_22945	sp|Q9LW55|FB180_ARATH	55.921	152	81	3.36e-51	165
AT2G38870.1_12421	sp|Q6XNP7|HPI_HEVBR	55.714	70	99	6.62e-24	87.7
AT2G38870.1_12421	sp|P24076|BGIA_MOMCH	55.882	68	96	5.64e-21	80.1
AT2G38870.1_12421	sp|P19873|ITH5_CUCMA	48.529	68	96	6.51e-21	79.8
AT2G38870.1_12421	sp|P82381|ICI_LINUS	50.746	67	94	4.12e-19	75.3
AT2G38870.1_12421	sp|P16231|ICI1_SOLPE	50.746	67	93	7.10e-18	73.0
AT5G28450.1_62026	sp|Q9SYW8|LHCA2_ARATH	95.146	103	59	3.16e-68	208
AT5G28450.1_62026	sp|P13869|CB12_PETHY	93.204	103	59	4.71e-68	208
AT5G28450.1_62026	sp|P10708|CB12_SOLLC	93.204	103	59	6.31e-68	207
AT5G28450.1_62026	sp|Q8LCQ4|LHCA6_ARATH	60.396	101	58	2.07e-37	129
AT5G28450.1_62026	sp|P27521|CA4_ARATH	49.505	101	58	1.79e-23	93.3
AT3G13403.1_21273	sp|Q2V3W5|DF302_ARATH	100.000	57	98	4.91e-33	110
AT2G36815.2_11596	sp|F4I2J8|CATIN_ARATH	69.072	97	82	4.65e-32	119
AT4G05240.1_38469	sp|Q9ZT95|R7SL1_ARATH	40.426	94	47	3.09e-10	59.3
AT4G05240.1_38469	sp|Q9ZQZ6|R7SL2_ARATH	40.426	94	47	1.86e-09	57.0
AT2G15420.1_3540	sp|F4JTJ9|ASY2_ARATH	35.751	193	20	3.62e-29	128
AT2G15420.1_3540	sp|Q9LEX8|Y3093_ARATH	30.000	190	20	3.09e-16	86.6
AT3G29690.1_27706	sp|Q9LRQ7|BAHD2_ARATH	80.000	160	86	1.69e-93	278
AT3G29690.1_27706	sp|Q9FNP9|AGCT_ARATH	65.625	160	86	1.69e-71	221
AT3G29690.1_27706	sp|Q9LRQ8|PMAT2_ARATH	42.771	166	89	1.77e-42	146
AT3G29690.1_27706	sp|Q940Z5|PMAT1_ARATH	39.759	166	89	1.99e-32	120
AT3G29690.1_27706	sp|Q9LJB4|5MAT_ARATH	40.123	162	83	3.56e-29	111
AT1G12960.1_80132	sp|Q9LPV3|R27A1_ARATH	100.000	104	99	2.84e-73	215
AT1G12960.1_80132	sp|P49637|R27A3_ARATH	55.862	145	95	4.58e-40	131
AT1G12960.1_80132	sp|Q9LR33|R27A2_ARATH	55.172	145	95	5.46e-40	131
AT1G12960.1_80132	sp|P48161|RL27A_EUPCR	43.836	146	94	9.50e-27	97.5
AT1G12960.1_80132	sp|O01358|RL27A_OSCTI	42.069	145	95	5.29e-25	93.0
AT5G55460.1_70300	sp|Q8W453|DIRL1_ARATH	35.802	81	72	3.44e-12	59.5
AT1G14315.2_80620	sp|Q9M9T0|FB8_ARATH	91.419	303	99	0.0	559
AT1G14315.2_80620	sp|O04488|FBLK1_ARATH	45.699	186	97	2.45e-35	130
AT1G14315.2_80620	sp|O04488|FBLK1_ARATH	39.552	134	97	5.45e-15	75.6
AT1G14315.2_80620	sp|O80777|FB126_ARATH	41.848	184	99	4.34e-34	127
AT1G14315.2_80620	sp|O80777|FB126_ARATH	40.741	135	99	5.11e-21	92.2
AT1G14315.2_80620	sp|Q9LX89|FB255_ARATH	44.624	186	99	1.79e-33	126
AT1G14315.2_80620	sp|Q9LX89|FB255_ARATH	40.288	139	99	4.53e-19	87.4
AT1G14315.2_80620	sp|Q7X7A9|FB4_ARATH	48.980	98	74	5.49e-20	88.2
AT1G14315.2_80620	sp|Q7X7A9|FB4_ARATH	41.791	134	74	9.84e-20	87.7
AT2G04034.1_1165	sp|Q2V4A4|DF294_ARATH	100.000	92	99	8.89e-63	187
AT2G04034.1_1165	sp|Q2V4A3|DF293_ARATH	64.444	90	96	8.14e-36	118
AT2G04034.1_1165	sp|P0CAY8|DF292_ARATH	56.338	71	75	3.68e-22	83.7
AT2G16835.1_3943	sp|Q9ZVX8|PIP28_ARATH	72.973	37	55	1.73e-07	48.3
AT5G64687.2_73865	sp|Q39219|AOX1A_ARATH	64.286	56	98	5.58e-10	55.0
AT5G43285.1_65653	sp|Q4VP09|LUR11_ARATH	100.000	94	99	3.16e-65	194
AT5G43285.1_65653	sp|Q4VP07|LUR16_ARATH	82.418	91	95	7.33e-48	149
AT5G43285.1_65653	sp|Q4VP10|LUR13_ARATH	82.418	91	95	1.11e-47	149
AT5G43285.1_65653	sp|P0CAY6|LUR14_ARATH	81.111	90	95	1.63e-47	149
AT5G43285.1_65653	sp|Q4VP08|LUR12_ARATH	80.000	90	95	3.76e-47	147
AT4G05030.2_38368	sp|Q5PNZ7|HIP46_ARATH	40.260	77	99	6.37e-11	56.7
AT4G05030.2_38368	sp|Q9SSF0|HIP16_ARATH	37.662	77	99	1.61e-10	55.3
AT4G05030.2_38368	sp|F4JDJ0|HIP47_ARATH	39.394	66	85	1.74e-10	54.5
AT4G05030.2_38368	sp|F2VYU4|PIK1_ORYSJ	43.243	74	95	2.09e-10	57.6
AT4G05030.2_38368	sp|F7J0N2|RGA5R_ORYSJ	43.056	72	92	3.60e-10	56.7
AT5G35737.1_63039	sp|O04244|Y4200_ARATH	65.789	38	31	1.27e-11	61.5
AT1G35537.1_88036	sp|Q2V4I8|DEF32_ARATH	100.000	81	99	2.64e-54	165
AT1G35537.1_88036	sp|Q2V3S0|DEF30_ARATH	46.154	78	91	7.81e-15	64.9
AT1G35537.1_88036	sp|Q2V3D7|DEF31_ARATH	43.902	82	99	3.62e-13	60.7
AT1G35537.1_88036	sp|Q2V3R9|DEF29_ARATH	45.000	80	91	4.34e-13	60.4
AT2G06090.1_1853	sp|B3H5E1|SPH7_ARATH	75.735	136	99	2.75e-69	206
AT2G06090.1_1853	sp|B3H453|SPH8_ARATH	41.935	124	90	3.51e-22	86.6
AT2G06090.1_1853	sp|Q9FF19|SPH9_ARATH	36.029	136	99	4.39e-22	86.3
AT2G06090.1_1853	sp|B3H4B5|SPH11_ARATH	42.857	126	90	1.60e-21	84.9
AT2G06090.1_1853	sp|Q9LW22|SPH21_ARATH	34.959	123	90	2.24e-15	69.1
ATCG00065.1_16191	sp|Q0G9J5|RR12_LIRTU	100.000	38	100	2.33e-21	80.9
ATCG00065.1_16191	sp|Q332V3|RR12_LACSA	100.000	38	100	2.33e-21	80.9
ATCG00065.1_16191	sp|Q1KXY0|RR12_HELAN	100.000	38	100	2.33e-21	80.9
ATCG00065.1_16191	sp|A4QJX7|RR12B_OLIPU	100.000	38	100	2.96e-21	80.6
ATCG00065.1_16191	sp|Q0ZIZ5|RR12_VITVI	100.000	38	100	2.97e-21	80.6
AT3G24510.1_25610	sp|Q9LV55|DF259_ARATH	100.000	86	99	1.60e-58	176
AT3G24510.1_25610	sp|Q2V3S8|DF257_ARATH	48.837	86	99	5.84e-23	86.0
AT3G24510.1_25610	sp|Q2V3S7|DF258_ARATH	46.591	88	99	3.23e-17	71.4
AT3G17675.1_23057	sp|G7L0H3|BCP1A_MEDTR	43.443	122	92	1.05e-27	100
AT3G17675.1_23057	sp|A0A072U307|BCP1B_MEDTR	42.276	123	92	7.66e-27	98.9
AT3G17675.1_23057	sp|P80728|MAVI_CUCPE	41.748	103	78	7.81e-26	95.0
AT3G17675.1_23057	sp|Q41001|BCP_PEA	37.500	120	92	1.32e-23	91.1
AT3G17675.1_23057	sp|A0A0M4FTF3|BCP_PETHY	43.434	99	75	2.78e-23	91.9
AT2G22941.1_6270	sp|Q2V466|DF191_ARATH	98.795	83	99	5.14e-54	165
AT2G22941.1_6270	sp|Q2V468|DF189_ARATH	45.238	84	96	3.74e-17	71.1
AT2G22941.1_6270	sp|Q2V467|DF190_ARATH	40.909	88	98	2.83e-12	58.7
AT1G50470.1_90498	sp|Q9LUP2|FB155_ARATH	55.056	89	62	4.95e-19	82.3
AT1G50470.1_90498	sp|O04591|FBK26_ARATH	41.176	102	70	2.18e-11	61.2
AT1G50470.1_90498	sp|Q9LUP9|FB152_ARATH	38.835	103	70	3.35e-09	55.3
AT1G50470.1_90498	sp|Q9LIB4|FBK57_ARATH	43.000	100	70	4.72e-09	54.8
AT1G50470.1_90498	sp|Q9LUN5|FB156_ARATH	41.346	104	70	2.66e-08	52.8
AT1G65113.1_95541	sp|P82621|DF226_ARATH	100.000	92	99	9.68e-64	190
AT1G65113.1_95541	sp|P82620|DF225_ARATH	58.065	93	99	3.17e-33	112
AT1G65113.1_95541	sp|P82647|DF227_ARATH	38.776	98	99	6.33e-14	63.2
AT1G65113.1_95541	sp|P82622|DF228_ARATH	36.559	93	99	7.49e-13	60.4
AT1G65113.1_95541	sp|P82646|DF229_ARATH	38.542	96	97	1.97e-10	54.2
AT5G16285.1_57753	sp|Q3E9H1|FB259_ARATH	100.000	90	99	2.06e-62	186
AT5G16285.1_57753	sp|Q7X7A9|FB4_ARATH	51.948	77	85	1.63e-16	73.6
AT5G16285.1_57753	sp|O80777|FB126_ARATH	56.452	62	68	1.69e-14	68.8
AT5G16285.1_57753	sp|Q9LX89|FB255_ARATH	53.731	67	70	1.36e-13	66.9
AT5G16285.1_57753	sp|Q9M9T0|FB8_ARATH	53.448	58	64	1.86e-12	62.4
AT1G26815.1_85011	sp|Q9LM63|FDL5_ARATH	59.091	66	62	7.03e-12	62.6
AT5G17140.1_58051	sp|Q26636|CATL_SARPE	30.097	103	89	1.93e-14	69.1
AT5G17140.1_58051	sp|O45734|CPL1_CAEEL	32.979	94	83	1.00e-13	67.1
AT5G17140.1_58051	sp|A0A1S4F2V5|CATL_AEDAE	30.526	95	83	4.55e-13	65.5
AT5G17140.1_58051	sp|Q6YD92|SILIC_PETFI	29.545	88	78	8.07e-11	59.3
AT5G17140.1_58051	sp|P92131|CATB1_GIAIN	37.975	79	70	2.98e-10	57.6
AT4G10457.1_39954	sp|P82620|DF225_ARATH	100.000	92	99	7.73e-65	192
AT4G10457.1_39954	sp|P82621|DF226_ARATH	58.065	93	99	3.17e-33	112
AT4G10457.1_39954	sp|P82647|DF227_ARATH	43.878	98	99	6.57e-19	76.1
AT4G10457.1_39954	sp|P82622|DF228_ARATH	36.957	92	99	8.30e-16	68.0
AT4G10457.1_39954	sp|Q19MC2|SCRA_ARAHG	36.620	71	76	3.35e-09	51.1
AT4G01595.1_37046	sp|Q9C5C0|MPK18_ARATH	92.157	102	70	1.87e-50	168
AT4G01595.1_37046	sp|Q53N72|MPK15_ORYSJ	68.627	102	70	1.10e-45	154
AT4G01595.1_37046	sp|Q5SN53|MPK8_ORYSJ	69.608	102	70	1.89e-45	155
AT4G01595.1_37046	sp|Q75KK8|MPK14_ORYSJ	67.647	102	70	1.77e-44	152
AT4G01595.1_37046	sp|Q9LUC3|MPK19_ARATH	83.333	102	70	2.23e-44	152
AT1G69825.1_97282	sp|Q2V4D6|DEF33_ARATH	100.000	73	99	4.72e-50	154
AT1G69825.1_97282	sp|Q2V4D7|DEF34_ARATH	72.603	73	99	1.11e-32	110
AT1G69825.1_97282	sp|Q2V4F3|DEF35_ARATH	56.000	75	99	2.27e-24	88.8
AT1G69825.1_97282	sp|Q2V4D5|DEF36_ARATH	51.351	74	99	6.20e-19	75.0
AT4G07670.1_38981	sp|Q7Y228|LAMP1_ARATH	86.056	251	85	2.42e-151	435
AT4G07670.1_38981	sp|Q9Y3Q0|NALD2_HUMAN	42.379	269	85	3.20e-59	198
AT4G07670.1_38981	sp|Q9CZR2|NALD2_MOUSE	41.264	269	85	2.32e-56	190
AT4G07670.1_38981	sp|O77564|FOLH1_PIG	40.741	270	85	1.64e-53	183
AT4G07670.1_38981	sp|P70627|FOLH1_RAT	40.520	269	85	1.79e-52	180
AT3G09510.1_19711	sp|P0C2F6|RNHX1_ARATH	22.538	457	93	2.80e-18	89.4
AT3G09510.1_19711	sp|P93295|M310_ARATH	37.879	66	13	1.42e-06	50.3
AT3G27140.1_26656	sp|Q3EAZ3|P2C45_ARATH	100.000	245	99	1.64e-180	496
AT3G27140.1_26656	sp|Q9SUF4|P2C53_ARATH	81.818	209	77	6.76e-114	325
AT3G27140.1_26656	sp|O80871|P2C25_ARATH	71.488	242	77	7.17e-105	307
AT3G27140.1_26656	sp|Q8RX37|P2C02_ARATH	57.377	244	76	2.92e-76	234
AT3G27140.1_26656	sp|Q9XEE8|P2C30_ARATH	45.935	246	77	1.26e-57	186
AT2G47150.1_15801	sp|O80713|SDR3A_ARATH	53.571	252	99	8.02e-76	228
AT2G47150.1_15801	sp|F4J300|SDR5_ARATH	54.400	250	99	3.85e-72	219
AT2G47150.1_15801	sp|O80714|SDR3C_ARATH	54.000	250	99	5.05e-71	216
AT2G47150.1_15801	sp|F4J2Z7|SDR4_ARATH	51.793	251	99	2.71e-68	210
AT2G47150.1_15801	sp|Q94K41|SDR3B_ARATH	54.861	144	87	2.35e-38	132
AT2G47150.1_15801	sp|Q94K41|SDR3B_ARATH	72.549	51	87	5.97e-18	79.8
AT2G01780.1_318	sp|O81905|SD18_ARATH	33.610	241	84	8.33e-31	121
AT2G01780.1_318	sp|Q9S972|SD16_ARATH	34.746	236	83	1.44e-29	118
AT2G01780.1_318	sp|P17840|SLSG3_BRAOL	32.627	236	83	7.05e-28	110
AT2G01780.1_318	sp|Q09092|SRK6_BRAOV	32.917	240	84	2.02e-27	112
AT2G01780.1_318	sp|P07761|SLSG6_BRAOL	32.627	236	83	6.90e-27	107
AT2G07667.1_2202	sp|P92548|M1180_ARATH	98.246	57	26	5.22e-33	116
AT4G04957.1_38332	sp|Q9SJQ6|ROS1_ARATH	76.087	46	58	4.44e-14	68.0
AT4G04957.1_38332	sp|C7IW64|ROS1A_ORYSJ	71.739	46	58	1.69e-12	63.5
AT4G04957.1_38332	sp|Q8LK56|DME_ARATH	65.217	46	58	6.12e-12	61.8
AT4G04957.1_38332	sp|B8YIE8|ROS1C_ORYSJ	60.870	46	58	1.07e-10	58.4
AT4G04957.1_38332	sp|Q9SR66|DML2_ARATH	63.158	38	48	5.68e-08	50.5
AT2G11270.1_2681	sp|Q9M1D3|CISY5_ARATH	88.235	34	40	2.01e-09	54.8
AT2G11270.1_2681	sp|P20115|CISY4_ARATH	82.353	34	40	1.21e-08	52.5
AT2G11270.1_2681	sp|O80433|CISY_DAUCA	82.353	34	40	1.47e-08	52.5
AT2G11270.1_2681	sp|P83372|CISY_FRAAN	76.471	34	40	2.43e-07	48.9
AT1G64585.1_95350	sp|Q6IM89|DVL12_ARATH	100.000	54	98	1.53e-33	111
AT1G64585.1_95350	sp|Q9SAF8|DVL4_ARATH	73.913	23	42	1.17e-06	42.7
AT1G64585.1_95350	sp|Q6X5U0|DVL3_ARATH	69.565	23	42	3.75e-06	41.5
AT1G64585.1_95350	sp|Q8S8S3|DVL11_ARATH	60.000	25	45	4.13e-06	42.1
AT1G64585.1_95350	sp|Q6IM95|DVL6_ARATH	65.217	23	42	7.91e-06	40.7
ATCG00650.1_16290	sp|A4QJV3|RR18_OLIPU	100.000	101	99	1.72e-66	197
ATCG00650.1_16290	sp|A4QLV5|RR18_NASOF	100.000	101	99	1.72e-66	197
ATCG00650.1_16290	sp|A4QKV3|RR18_CRUWA	100.000	101	99	1.72e-66	197
ATCG00650.1_16290	sp|A4QKL4|RR18_CAPBU	100.000	101	99	1.72e-66	197
ATCG00650.1_16290	sp|A4QKC7|RR18_BARVE	100.000	101	99	1.72e-66	197
AT2G24470.1_6866	sp|O65649|FPP5_ARATH	84.000	75	81	2.51e-33	123
AT2G24470.1_6866	sp|Q0WSY2|FPP4_ARATH	44.737	76	82	3.03e-14	69.1
AT2G24470.1_6866	sp|Q9C698|FPP6_ARATH	48.571	70	75	1.62e-13	66.9
AT1G15165.1_80960	sp|O48700|PUB6_ARATH	71.429	49	14	1.94e-14	75.9
AT1G15165.1_80960	sp|Q9C7G1|PUB45_ARATH	65.957	47	13	5.23e-13	71.6
AT1G15165.1_80960	sp|Q9CAG5|PUB7_ARATH	73.333	45	13	8.99e-13	71.1
AT1G15165.1_80960	sp|Q9SNC6|PUB13_ARATH	36.275	102	29	1.80e-09	61.2
AT1G15165.1_80960	sp|Q9ZV31|PUB12_ARATH	58.000	50	14	1.53e-08	58.4
AT5G05657.1_53873	sp|Q9SRN0|NHL1_ARATH	52.756	127	88	3.19e-36	124
AT5G05657.1_53873	sp|Q9SJ54|NHL12_ARATH	49.206	126	88	4.33e-31	111
AT5G05657.1_53873	sp|Q9FI03|NHL26_ARATH	29.365	126	88	2.55e-12	62.6
AT2G40710.1_13178	sp|Q9SZG0|HHP4_ARATH	98.925	93	99	6.13e-62	192
AT2G40710.1_13178	sp|Q10PI5|ADPO3_ORYSJ	81.720	93	99	1.72e-53	171
AT2G40710.1_13178	sp|Q9SVF3|HPP5_ARATH	95.122	82	87	3.49e-50	162
AT2G40710.1_13178	sp|Q84N34|HHP2_ARATH	54.545	88	94	2.64e-26	100
AT2G40710.1_13178	sp|Q6ETK9|ADPO2_ORYSJ	50.562	89	95	3.54e-26	97.5
AT2G34925.1_10934	sp|Q6IWB2|CLE42_ARATH	100.000	88	99	3.85e-61	183
AT1G20790.1_83065	sp|Q9LM75|FBK6_ARATH	100.000	435	99	0.0	906
AT1G20790.1_83065	sp|Q9LM74|FB13_ARATH	49.735	378	80	5.03e-92	280
AT1G20790.1_83065	sp|Q9LM73|FB14_ARATH	45.028	362	81	1.36e-82	258
AT1G20790.1_83065	sp|Q9FVU4|FB62_ARATH	44.780	364	81	1.17e-77	242
AT1G20790.1_83065	sp|Q9SYP3|FBK7_ARATH	43.386	378	77	3.53e-77	242
AT5G36001.2_63132	sp|P0CH01|AT21A_ARATH	52.119	236	97	9.02e-61	193
AT5G36001.2_63132	sp|Q9SKK8|ATL22_ARATH	47.867	211	87	1.12e-47	159
AT5G36001.2_63132	sp|P0CH02|AT21B_ARATH	41.475	217	88	1.80e-35	127
AT5G36001.2_63132	sp|P0CH03|AT21C_ARATH	44.509	173	70	2.37e-29	111
AT5G36001.2_63132	sp|Q9C7E9|ATL20_ARATH	40.132	152	59	1.15e-19	85.4
AT4G12140.1_40585	sp|Q5XHH7|SYVNB_XENLA	43.860	57	28	2.51e-10	60.9
AT4G12140.1_40585	sp|Q6NRL6|SYVNA_XENLA	42.105	57	28	4.92e-10	60.1
AT4G12140.1_40585	sp|Q6AVN2|SIRP1_ORYSJ	28.070	114	55	1.04e-08	55.6
AT4G12140.1_40585	sp|Q08109|HRD1_YEAST	32.000	75	33	1.08e-08	56.4
AT4G12140.1_40585	sp|Q8LPN7|RNG1L_ARATH	39.216	51	25	2.98e-08	54.5
AT2G39355.1_12606	sp|Q9LUP7|FB154_ARATH	57.282	103	94	6.34e-31	112
AT2G39355.1_12606	sp|Q9LUU5|FB148_ARATH	51.923	104	93	2.19e-23	92.7
AT2G39355.1_12606	sp|Q9LVS9|FB340_ARATH	54.206	107	93	5.42e-23	92.7
AT2G39355.1_12606	sp|Q9LUI8|FBK65_ARATH	53.061	98	87	6.39e-22	89.4
AT2G39355.1_12606	sp|Q9LUP8|FB153_ARATH	47.115	104	94	1.11e-21	88.8
AT5G38747.1_64083	sp|Q8L5Z4|YBEY_ARATH	72.881	59	36	3.57e-15	73.6
AT3G27329.1_26729	sp|F2Q9V5|SPH16_ARATH	75.410	122	98	5.40e-65	195
AT3G27329.1_26729	sp|P0DN94|SPH17_ARATH	73.554	121	98	4.94e-62	187
AT3G27329.1_26729	sp|Q9LW24|SPH23_ARATH	72.222	108	88	3.99e-55	169
AT3G27329.1_26729	sp|Q9LVX2|SPH31_ARATH	66.942	121	98	2.50e-54	168
AT3G27329.1_26729	sp|Q9LJ82|SPH32_ARATH	59.016	122	98	3.01e-44	142
AT3G55677.1_33313	sp|F4JLQ5|SPH2_ARATH	30.263	152	89	2.45e-13	65.2
AT3G55677.1_33313	sp|Q9FMQ4|SPH3_ARATH	37.113	97	58	3.02e-13	64.6
AT3G55677.1_33313	sp|F4JZG1|SPH4_ARATH	34.545	110	66	1.63e-11	60.1
AT3G55677.1_33313	sp|O23020|SPH5_ARATH	31.304	115	69	1.26e-10	57.6
AT3G55677.1_33313	sp|Q3E9W6|SPH20_ARATH	33.333	114	69	1.95e-10	57.0
AT2G27570.1_8084	sp|Q8RUC1|SOT4_ARATH	100.000	273	99	0.0	572
AT2G27570.1_8084	sp|Q9M1V1|SOT6_ARATH	68.389	329	99	1.45e-151	426
AT2G27570.1_8084	sp|Q9M1V2|SOT5_ARATH	67.183	323	98	1.47e-148	418
AT2G27570.1_8084	sp|Q9FG94|SOT1_ARATH	55.828	326	98	2.39e-115	333
AT2G27570.1_8084	sp|Q9STQ6|SOT3_ARATH	57.333	300	95	1.09e-113	329
AT1G16945.1_81686	sp|Q9FZ52|FDL3_ARATH	83.051	59	89	3.03e-29	108
AT1G16945.1_81686	sp|Q9M8L5|FDL13_ARATH	55.556	54	82	1.50e-13	65.7
AT1G16945.1_81686	sp|O80762|FBD3_ARATH	46.429	56	85	8.14e-10	55.3
AT1G16945.1_81686	sp|Q9FNI9|FBD14_ARATH	56.522	46	70	2.88e-09	53.6
AT1G16945.1_81686	sp|Q9FL99|FDL36_ARATH	42.857	49	74	4.54e-08	50.3
AT1G33070.1_87241	sp|Q9C6V3|AGL86_ARATH	47.807	228	92	5.29e-51	165
AT1G33070.1_87241	sp|Q9C6V4|AGL92_ARATH	52.475	101	92	6.12e-22	92.2
AT1G33070.1_87241	sp|Q9C6V4|AGL92_ARATH	39.506	162	92	8.78e-21	88.8
AT1G33070.1_87241	sp|Q7XJK8|PHE2_ARATH	38.129	139	80	8.71e-13	65.5
AT1G33070.1_87241	sp|O80805|PHE1_ARATH	30.328	122	72	1.05e-08	54.5
AT5G41640.1_65059	sp|Q9FFR6|Y5416_ARATH	100.000	197	99	1.28e-147	409
AT1G08695.1_78375	sp|P82622|DF228_ARATH	100.000	88	99	1.67e-61	184
AT1G08695.1_78375	sp|P82620|DF225_ARATH	36.957	92	98	7.94e-16	68.0
AT1G08695.1_78375	sp|P82621|DF226_ARATH	36.559	93	98	7.17e-13	60.4
AT1G08695.1_78375	sp|Q9AVE2|SCRB_ARALY	36.905	84	93	1.84e-10	54.2
AT1G08695.1_78375	sp|P82646|DF229_ARATH	34.409	93	97	7.47e-10	52.8
AT2G17920.1_4393	sp|O04244|Y4200_ARATH	62.791	215	66	1.21e-73	227
AT3G42628.1_28546	sp|Q5GM68|CAPP2_ARATH	97.778	45	98	1.02e-21	88.5
AT3G42628.1_28546	sp|P51061|CAPP2_SOYBN	91.111	45	98	1.38e-19	82.3
AT3G42628.1_28546	sp|Q9AU12|CAPP_PHAVU	91.111	45	98	1.62e-19	82.3
AT3G42628.1_28546	sp|Q9FV65|CAPPC_FLATR	88.889	45	98	1.88e-19	82.0
AT3G42628.1_28546	sp|Q02909|CAPP1_SOYBN	88.889	45	98	2.20e-19	81.8
AT2G36815.1_11595	sp|F4I2J8|CATIN_ARATH	68.367	98	79	1.52e-31	118
AT3G27331.1_26733	sp|F2Q9V5|SPH16_ARATH	73.228	127	98	1.76e-66	199
AT3G27331.1_26733	sp|P0DN94|SPH17_ARATH	71.429	126	98	1.79e-63	191
AT3G27331.1_26733	sp|Q9LW24|SPH23_ARATH	71.053	114	88	1.07e-57	176
AT3G27331.1_26733	sp|Q9LVX2|SPH31_ARATH	65.079	126	98	3.10e-54	168
AT3G27331.1_26733	sp|Q9LJ82|SPH32_ARATH	58.594	128	98	5.00e-47	149
AT2G02280.1_507	sp|Q9ZVR3|PP2B4_ARATH	100.000	144	99	7.86e-106	300
AT2G02280.1_507	sp|Q9ZVQ6|P2B10_ARATH	36.552	145	97	5.23e-19	81.2
AT2G02280.1_507	sp|Q9ZVQ8|PP2B8_ARATH	36.806	144	98	8.25e-18	78.7
AT2G02280.1_507	sp|Q3E6P4|FB95_ARATH	37.671	146	98	2.17e-17	77.5
AT2G02280.1_507	sp|Q9FV02|SKIP3_ARATH	38.356	146	98	3.85e-16	73.9
AT1G08120.1_78138	sp|Q54W07|BUD32_DICDI	60.000	45	51	1.84e-12	62.1
AT1G08120.1_78138	sp|Q96S44|PRPK_HUMAN	49.020	51	58	1.40e-10	57.0
AT1G08120.1_78138	sp|Q99PW4|PRPKB_MOUSE	49.020	51	58	3.93e-10	55.9
AT2G24195.1_6766	sp|A0A1P8B1G7|SOP21_ARATH	100.000	81	99	3.25e-56	170
AT2G24195.1_6766	sp|Q1G3E7|SOP23_ARATH	53.226	62	73	9.75e-12	57.0
AT2G24195.1_6766	sp|A0A1P8BD36|SOP19_ARATH	59.524	42	51	3.33e-11	55.6
AT2G24195.1_6766	sp|Q9C8F3|SOP20_ARATH	56.250	64	76	1.62e-07	46.3
AT3G45093.1_29422	sp|Q2V3Q8|DF255_ARATH	100.000	80	99	9.56e-54	164
AT3G45093.1_29422	sp|Q2V318|DF254_ARATH	49.351	77	90	4.48e-12	58.1
AT4G35770.1_50466	sp|Q38853|STR15_ARATH	100.000	182	99	6.26e-137	381
AT4G35770.1_50466	sp|P27626|DIN1_RAPSA	79.348	184	99	1.58e-101	291
AT4G35770.1_50466	sp|Q39129|STR16_ARATH	61.864	118	64	6.88e-49	155
AT4G35770.1_50466	sp|Q9FKW8|STR18_ARATH	45.045	111	60	6.60e-32	112
AT4G35770.1_50466	sp|Q8RUD6|HARC1_ARATH	36.154	130	69	4.05e-26	98.6
AT5G32619.1_62527	sp|Q2V334|DEF82_ARATH	100.000	91	99	5.18e-62	185
AT5G32619.1_62527	sp|Q2V4G6|DEF81_ARATH	48.315	89	95	9.88e-12	57.6
AT5G32619.1_62527	sp|Q3E7S1|DEF87_ARATH	41.096	73	78	1.52e-10	54.2
AT5G32619.1_62527	sp|P82761|DEF83_ARATH	44.706	85	88	2.32e-10	54.2
AT5G32619.1_62527	sp|P82791|DEF86_ARATH	38.043	92	97	9.53e-10	52.8
AT5G26640.1_61328	sp|Q9M9L0|APC11_ARATH	84.375	32	51	9.22e-14	61.8
AT5G26640.1_61328	sp|Q5R8A2|APC11_PONAB	42.105	57	90	1.14e-10	53.9
AT5G26640.1_61328	sp|Q9NYG5|APC11_HUMAN	42.105	57	90	1.14e-10	53.9
AT5G26640.1_61328	sp|Q9CPX9|APC11_MOUSE	52.174	46	73	1.16e-10	53.9
AT5G26640.1_61328	sp|Q3ZCF6|APC11_BOVIN	52.174	46	73	1.17e-10	53.9
AT2G07673.1_2211	sp|P92537|M1030_ARATH	99.057	106	99	6.45e-75	219
AT5G10605.1_55748	sp|Q9LXB4|Y5620_ARATH	86.111	36	63	3.30e-14	64.6
AT3G50925.1_31468	sp|Q2V3Q1|DF168_ARATH	100.000	90	99	1.80e-62	186
AT2G06265.1_1891	sp|Q9ZS96|Y4478_ARATH	40.323	62	44	7.39e-10	55.3
AT2G06265.1_1891	sp|Q9LP10|Y1920_ARATH	40.845	71	48	6.52e-08	50.0
AT1G01020.6_75112	sp|Q5MK24|ARV1_ARATH	58.537	123	79	3.39e-32	113
AT2G07633.1_2156	sp|A6MMZ5|NU4C_ILLOL	64.615	65	67	3.80e-19	82.3
AT2G07633.1_2156	sp|Q0ZIW8|NU4C_VITVI	59.420	69	71	9.39e-19	81.2
AT2G07633.1_2156	sp|B1A984|NU4C_CARPA	59.420	69	71	1.27e-17	78.1
AT2G07633.1_2156	sp|A6MM87|NU4C_BUXMI	57.971	69	71	3.03e-17	77.0
AT2G07633.1_2156	sp|Q0G9R2|NU4C_DAUCA	61.905	63	65	5.57e-17	76.4
AT1G54953.1_92169	sp|A0A1P8AVP6|SOP22_ARATH	63.265	49	66	3.74e-18	73.0
AT2G19893.1_5033	sp|Q2V477|DEF12_ARATH	100.000	74	99	5.21e-49	151
AT1G12100.1_79835	sp|P14009|14KD_DAUCA	49.265	136	98	3.34e-31	109
AT1G12100.1_79835	sp|Q9SU34|ERLL2_ARATH	56.471	85	64	2.71e-29	105
AT1G12100.1_79835	sp|Q9SU35|ERLL1_ARATH	57.647	85	64	3.07e-29	105
AT1G12100.1_79835	sp|Q9SU33|ERLL3_ARATH	54.545	88	66	3.24e-29	105
AT1G12100.1_79835	sp|Q39176|ERLI1_ARATH	53.409	88	66	5.35e-28	102
AT4G33465.1_49517	sp|P82641|DF233_ARATH	100.000	98	99	1.08e-69	205
AT4G33465.1_49517	sp|P82642|DF232_ARATH	62.105	95	96	1.25e-39	129
AT4G33465.1_49517	sp|P82645|DF235_ARATH	39.241	79	75	2.04e-09	51.9
AT4G33465.1_49517	sp|P82620|DF225_ARATH	37.209	86	84	1.02e-07	47.4
AT4G33465.1_49517	sp|P82622|DF228_ARATH	31.818	88	89	1.03e-06	44.9
AT4G08878.1_39423	sp|Q9ZWT3|PHT16_ARATH	89.407	236	84	1.14e-153	436
AT4G08878.1_39423	sp|Q8H074|PT112_ORYSJ	72.314	242	85	1.58e-121	355
AT4G08878.1_39423	sp|Q8H6G8|PHT18_ORYSJ	68.582	261	93	1.73e-120	352
AT4G08878.1_39423	sp|Q494P0|PHT17_ARATH	71.130	239	85	2.31e-120	352
AT4G08878.1_39423	sp|A7KTC5|PHT11_PETHY	65.891	258	92	2.16e-118	347
AT1G12672.1_80022	sp|A8MRP4|THNL2_ARATH	68.000	50	94	9.03e-20	77.3
AT2G15535.1_3586	sp|Q8S8H9|DF144_ARATH	100.000	81	99	1.20e-53	163
AT2G15535.1_3586	sp|P82717|DF145_ARATH	39.506	81	87	1.06e-06	44.4
AT1G11970.1_79803	sp|O65381|RUB3_ARATH	50.000	68	55	6.97e-12	57.9
AT1G11970.1_79803	sp|Q93725|NEDD8_CAEEL	39.394	66	53	4.50e-07	45.8
AT1G11970.1_79803	sp|Q4PLJ0|NEDD8_RABIT	40.909	66	53	4.94e-07	45.8
AT1G11970.1_79803	sp|Q15843|NEDD8_HUMAN	40.909	66	53	4.94e-07	45.8
AT1G11970.1_79803	sp|P61282|NEDD8_BOVIN	40.909	66	53	4.94e-07	45.8
AT5G37610.1_63686	sp|Q9FHQ9|VDACL_ARATH	100.000	163	99	1.30e-118	334
AT5G37610.1_63686	sp|Q9SRH5|VDAC1_ARATH	35.329	167	99	3.08e-24	95.6
AT5G37610.1_63686	sp|P42056|VDAC2_SOLTU	35.714	168	99	7.36e-24	94.4
AT5G37610.1_63686	sp|P42054|VDAC_PEA	33.533	167	99	1.54e-23	93.6
AT5G37610.1_63686	sp|P42055|VDAC1_SOLTU	33.533	167	99	2.76e-22	90.5
AT2G05117.1_1540	sp|P82628|DF243_ARATH	100.000	90	99	3.35e-64	191
AT2G05117.1_1540	sp|P82629|DF242_ARATH	55.446	101	98	8.26e-34	114
AT2G05117.1_1540	sp|P82630|DF244_ARATH	43.333	90	99	1.67e-21	82.3
AT2G05117.1_1540	sp|P82623|DF245_ARATH	32.258	93	92	1.70e-07	46.9
AT2G05117.1_1540	sp|P82645|DF235_ARATH	30.337	89	95	3.51e-06	43.2
AT2G32885.1_10142	sp|A8MR00|RLF36_ARATH	100.000	72	99	3.88e-47	146
AT2G32885.1_10142	sp|A8MQL7|RLF20_ARATH	81.690	71	97	4.34e-38	123
AT2G32885.1_10142	sp|Q3ECL0|RLF9_ARATH	40.000	75	99	1.13e-10	53.9
AT2G32885.1_10142	sp|Q9LDU1|RLF28_ARATH	46.053	76	97	4.73e-09	50.0
AT2G32885.1_10142	sp|A8MQ92|RLF2_ARATH	33.333	66	90	5.74e-07	44.9
AT1G49260.1_90081	sp|F4IME1|MSL7_ARATH	30.894	123	78	4.61e-11	61.8
AT1G49260.1_90081	sp|Q9LH74|MSL5_ARATH	27.500	120	79	7.53e-11	61.2
AT1G49260.1_90081	sp|Q9LPG3|MSL4_ARATH	29.126	103	68	6.37e-09	55.6
AT1G49260.1_90081	sp|Q9SYM1|MSL6_ARATH	29.808	104	69	9.18e-09	55.3
AT1G49260.1_90081	sp|F4IME2|MSL8_ARATH	30.303	99	65	3.07e-08	53.6
AT4G10895.1_40110	sp|B3H453|SPH8_ARATH	31.304	115	80	8.26e-10	54.8
AT4G10895.1_40110	sp|Q9FF19|SPH9_ARATH	30.841	107	75	3.35e-07	48.0
AT4G10895.1_40110	sp|Q9LW22|SPH21_ARATH	30.097	103	70	3.85e-07	48.0
AT1G09245.1_78627	sp|Q8GX02|SPH14_ARATH	100.000	139	99	3.93e-103	293
AT1G09245.1_78627	sp|Q9FIV3|SPH25_ARATH	41.135	141	99	3.89e-29	104
AT1G09245.1_78627	sp|Q1G373|SPH30_ARATH	40.741	135	93	1.52e-23	89.9
AT1G09245.1_78627	sp|Q9FLY6|SPH15_ARATH	35.115	131	92	1.33e-21	85.1
AT1G09245.1_78627	sp|B3H5E1|SPH7_ARATH	31.884	138	96	2.00e-12	61.5
AT2G03931.1_1117	sp|Q2V2Q4|DEF55_ARATH	100.000	75	99	5.32e-50	154
AT2G03931.1_1117	sp|Q2V4A6|DEF56_ARATH	86.420	81	97	3.04e-43	137
AT2G03931.1_1117	sp|Q4VNZ9|DEF58_ARATH	66.216	74	97	9.29e-32	107
AT2G03931.1_1117	sp|Q2V4A5|DEF60_ARATH	63.514	74	97	2.36e-31	106
AT2G03931.1_1117	sp|Q4VNZ8|DEF59_ARATH	65.333	75	99	7.48e-30	102
AT3G30430.1_27889	sp|Q1PEW8|FB127_ARATH	93.860	114	99	8.16e-74	218
AT4G06688.1_38831	sp|Q9LEX8|Y3093_ARATH	34.524	84	14	1.19e-07	58.1
AT4G08140.1_39141	sp|Q9SIV2|PSD2A_ARATH	91.429	70	82	2.61e-37	134
AT4G08140.1_39141	sp|Q6XJG8|PSD2B_ARATH	77.143	70	82	1.06e-29	112
AT4G08140.1_39141	sp|P87048|RPN1_SCHPO	48.571	70	82	4.92e-14	68.0
AT4G08140.1_39141	sp|Q54BC6|PSMD2_DICDI	48.571	70	82	5.39e-14	68.0
AT4G08140.1_39141	sp|Q13200|PSMD2_HUMAN	52.941	68	80	1.19e-12	64.0
AT3G48231.1_30549	sp|P82763|DEF51_ARATH	100.000	80	99	3.22e-54	165
AT3G48231.1_30549	sp|P82764|DEF50_ARATH	85.000	80	99	7.00e-46	143
AT3G48231.1_30549	sp|Q2V4J5|DEF43_ARATH	41.975	81	98	2.05e-12	58.7
AT3G48231.1_30549	sp|Q2V3Y8|DEF45_ARATH	39.506	81	98	2.79e-11	55.9
AT3G48231.1_30549	sp|Q9M833|DEF44_ARATH	37.037	81	98	2.51e-10	53.4
AT1G36030.1_88138	sp|Q1PEW8|FB127_ARATH	77.941	68	84	3.53e-32	111
AT3G59245.1_34644	sp|Q9ZW82|PRNL2_ARATH	69.697	33	52	1.97e-08	51.1
AT1G12672.2_80023	sp|A8MRP4|THNL2_ARATH	49.565	115	92	8.45e-29	102
AT1G12672.2_80023	sp|F4IDU9|THNL1_ARATH	38.835	103	81	2.22e-12	60.4
AT5G46874.1_67120	sp|Q2V310|DF309_ARATH	100.000	79	99	8.80e-55	166
AT5G46874.1_67120	sp|Q4VP04|DF308_ARATH	84.615	78	98	4.14e-45	141
AT2G19510.1_4913	sp|Q9ZUP0|LBD8_ARATH	100.000	120	99	1.18e-87	252
AT2G19510.1_4913	sp|Q9C8V8|LBD5_ARATH	88.235	102	84	1.32e-67	201
AT2G19510.1_4913	sp|O82198|LBD9_ARATH	55.102	98	80	1.32e-37	125
AT2G19510.1_4913	sp|Q9LRW1|LBD22_ARATH	29.070	86	71	1.48e-11	60.9
AT2G19510.1_4913	sp|Q9SHE9|LBD4_ARATH	27.473	91	75	1.71e-11	59.3
AT5G36280.1_63218	sp|O80800|ACPM2_ARATH	62.857	70	91	4.28e-22	84.3
AT5G15660.1_57533	sp|Q9LFW0|FB257_ARATH	100.000	438	99	0.0	919
AT5G15660.1_57533	sp|Q9FZD6|FB306_ARATH	58.445	373	80	1.21e-127	370
AT5G15660.1_57533	sp|Q9FZD5|FB307_ARATH	55.190	395	86	1.15e-120	354
AT5G15660.1_57533	sp|Q9T0C7|FB231_ARATH	46.292	391	98	5.76e-101	303
AT5G15660.1_57533	sp|Q9T0C7|FB231_ARATH	62.000	50	98	1.03e-09	62.4
AT5G15660.1_57533	sp|Q9FYJ1|FB24_ARATH	40.947	359	79	9.18e-70	222
AT2G01060.2_25	sp|Q9SJW0|PHL7_ARATH	100.000	237	99	7.95e-174	480
AT2G01060.2_25	sp|Q0J995|RLI1_ORYSJ	60.377	106	45	2.70e-38	136
AT2G01060.2_25	sp|A2XYN9|RLI1_ORYSI	60.377	106	45	2.87e-38	136
AT2G01060.2_25	sp|B8ANX9|PHR1_ORYSI	60.317	126	53	1.17e-34	127
AT2G01060.2_25	sp|Q10LZ1|PHR1_ORYSJ	60.317	126	53	1.30e-34	127
AT1G19565.1_82624	sp|P0C8P5|Y1195_ARATH	100.000	214	99	2.75e-163	450
AT1G47885.1_89532	sp|Q9C699|RLP7_ARATH	71.739	46	43	1.05e-13	68.0
AT1G47885.1_89532	sp|Q9SRL2|RLP34_ARATH	56.897	58	54	6.95e-13	65.7
AT1G47885.1_89532	sp|Q9S9U3|RLP53_ARATH	50.000	72	63	9.01e-11	59.5
AT1G47885.1_89532	sp|Q9C637|RLP6_ARATH	65.217	46	43	1.47e-10	59.0
AT1G47885.1_89532	sp|Q9SRL7|RLP35_ARATH	66.667	39	36	2.38e-10	58.4
AT2G24195.2_6767	sp|A0A1P8B1G7|SOP21_ARATH	100.000	66	99	1.87e-33	111
AT2G24195.2_6767	sp|Q1G3E7|SOP23_ARATH	53.226	62	90	8.32e-12	56.7
AT2G24195.2_6767	sp|A0A1P8BD36|SOP19_ARATH	59.524	42	63	2.24e-11	55.6
AT2G24195.2_6767	sp|Q9C8F3|SOP20_ARATH	56.250	64	93	1.11e-07	46.3
AT4G15248.1_42015	sp|Q1G3I2|MIP1A_ARATH	100.000	117	99	5.83e-83	240
AT4G15248.1_42015	sp|Q9LRM4|MIP1B_ARATH	62.295	122	99	5.42e-48	151
AT4G15248.1_42015	sp|Q9LJB7|BBX32_ARATH	55.357	56	47	2.40e-15	70.2
AT4G15248.1_42015	sp|O22800|COL14_ARATH	45.205	73	59	3.70e-12	63.5
AT4G15248.1_42015	sp|Q9C7E8|COL15_ARATH	45.312	64	52	4.91e-10	57.6
AT1G68325.1_96751	sp|P52780|SYQ_LUPLU	60.274	73	68	4.36e-16	74.5
AT1G68325.1_96751	sp|Q8W4F3|SYQ_ARATH	59.459	74	68	3.45e-14	68.8
AT1G68325.1_96751	sp|P14325|SYQ_DICDI	40.909	66	61	3.20e-06	46.3
AT1G68325.1_96751	sp|Q83LY4|SYQ_SHIFL	44.156	77	71	6.05e-06	45.5
AT1G68325.1_96751	sp|Q0T6S8|SYQ_SHIF8	44.156	77	71	6.05e-06	45.5
AT1G35435.1_87993	sp|Q2V4I9|DF275_ARATH	100.000	82	99	2.52e-56	170
AT1G35435.1_87993	sp|Q2V2W7|DF274_ARATH	33.766	77	93	8.95e-08	46.9
AT3G45525.1_29558	sp|F4ITM1|RGSL1_ARATH	48.718	78	59	8.04e-09	54.2
AT3G43890.1_28946	sp|Q6NQN8|VLG_ARATH	31.707	123	18	3.68e-09	60.1
AT5G27810.1_61784	sp|Q9FJK3|AGL80_ARATH	90.722	97	81	2.13e-63	195
AT5G27810.1_61784	sp|O80805|PHE1_ARATH	48.485	99	83	8.59e-30	108
AT5G27810.1_61784	sp|Q7XJK8|PHE2_ARATH	51.064	94	78	2.59e-29	107
AT5G27810.1_61784	sp|Q7XJK6|AGL36_ARATH	46.392	97	81	1.69e-26	101
AT5G27810.1_61784	sp|Q7XJK5|AGL90_ARATH	41.905	105	88	2.57e-26	100
AT1G47497.2_89409	sp|P54162|RNHL_BACSU	30.508	118	84	1.85e-07	48.6
AT4G25380.1_46242	sp|Q9STJ9|SAP10_ARATH	100.000	130	99	8.64e-94	268
AT4G25380.1_46242	sp|Q852K5|SAP6_ORYSJ	38.686	137	92	1.80e-28	102
AT4G25380.1_46242	sp|O49663|SAP9_ARATH	37.419	155	92	1.12e-27	101
AT4G25380.1_46242	sp|Q9SZ69|SAP7_ARATH	37.654	162	96	3.00e-27	100
AT4G25380.1_46242	sp|Q3EA33|SAP8_ARATH	42.623	122	92	7.01e-27	98.1
AT1G36100.1_88169	sp|F4JTJ9|ASY2_ARATH	27.778	126	67	3.02e-09	57.9
AT1G36100.1_88169	sp|Q9LEX8|Y3093_ARATH	30.579	121	64	1.34e-08	55.9
AT3G25717.1_26046	sp|Q6IM95|DVL6_ARATH	100.000	40	98	1.58e-21	80.1
AT3G25717.1_26046	sp|Q9SAF8|DVL4_ARATH	80.000	40	98	9.47e-15	62.9
AT3G25717.1_26046	sp|Q6X5T8|DVL5_ARATH	83.333	30	73	6.54e-13	58.1
AT3G25717.1_26046	sp|Q6X5U0|DVL3_ARATH	55.556	36	88	1.67e-10	51.9
AT3G25717.1_26046	sp|Q6X5U1|DVL2_ARATH	55.556	36	88	6.76e-08	45.5
AT1G64195.1_95207	sp|Q2V4F3|DEF35_ARATH	100.000	72	99	2.90e-48	149
AT1G64195.1_95207	sp|Q2V4D6|DEF33_ARATH	56.000	75	99	2.24e-24	88.8
AT1G64195.1_95207	sp|Q2V4D7|DEF34_ARATH	53.425	73	99	8.65e-20	77.3
AT1G64195.1_95207	sp|Q2V4D5|DEF36_ARATH	46.053	76	99	2.57e-12	58.1
AT2G02890.1_743	sp|O80608|FB96_ARATH	100.000	531	99	0.0	1112
AT2G02890.1_743	sp|Q9ZQF0|FB104_ARATH	65.375	413	72	0.0	513
AT2G02890.1_743	sp|Q9SIV7|FB108_ARATH	65.860	413	72	0.0	512
AT2G02890.1_743	sp|Q8S8C7|FB105_ARATH	57.908	411	73	1.25e-146	423
AT2G02890.1_743	sp|Q0V7S0|FB39_ARATH	46.977	430	73	4.07e-102	310
AT2G07798.1_2384	sp|P92552|M1220_ARATH	100.000	81	26	1.93e-54	173
AT1G68825.1_96919	sp|Q6X5T8|DVL5_ARATH	100.000	46	98	7.24e-27	93.9
AT1G68825.1_96919	sp|Q9SAF8|DVL4_ARATH	71.795	39	83	6.40e-16	66.0
AT1G68825.1_96919	sp|Q6IM95|DVL6_ARATH	83.333	30	64	7.51e-13	58.1
AT1G68825.1_96919	sp|Q6X5U0|DVL3_ARATH	63.158	38	79	4.80e-11	53.6
AT1G68825.1_96919	sp|Q6X5U1|DVL2_ARATH	52.500	40	85	3.94e-09	48.9
AT2G21725.1_5837	sp|Q2V470|DEF79_ARATH	100.000	85	99	6.28e-58	174
AT5G41765.1_65126	sp|F4JYJ1|STKLV_ARATH	100.000	152	99	7.84e-112	316
AT5G41765.1_65126	sp|Q3EAE7|STKLL_ARATH	53.061	147	80	2.00e-25	95.8
AT5G41765.1_65126	sp|Q9LPF0|STKLB_ARATH	38.095	84	53	1.62e-07	51.1
AT5G41765.1_65126	sp|Q9SYA9|STKLD_ARATH	38.158	76	48	1.07e-06	49.1
ATCG00080.1_16195	sp|A6MMS8|PSBI_ILLOL	100.000	36	97	3.73e-19	73.9
ATCG00080.1_16195	sp|P62104|PSBI_WHEAT	100.000	36	97	4.16e-19	73.6
ATCG00080.1_16195	sp|Q0ZJ36|PSBI_VITVI	100.000	36	97	4.16e-19	73.6
ATCG00080.1_16195	sp|P62102|PSBI_TOBAC	100.000	36	97	4.16e-19	73.6
ATCG00080.1_16195	sp|P62103|PSBI_SPIOL	100.000	36	97	4.16e-19	73.6
AT2G24880.1_7045	sp|F2Q9V5|SPH16_ARATH	65.263	95	92	5.51e-44	141
AT2G24880.1_7045	sp|P0DN94|SPH17_ARATH	64.516	93	90	1.08e-38	127
AT2G24880.1_7045	sp|Q9LVX2|SPH31_ARATH	58.696	92	89	1.85e-35	119
AT2G24880.1_7045	sp|Q9LW24|SPH23_ARATH	53.922	102	99	1.06e-32	112
AT2G24880.1_7045	sp|Q9LJ82|SPH32_ARATH	51.887	106	99	1.65e-31	109
AT3G53820.1_32570	sp|Q9SR34|TA1_ARATH	37.162	148	88	4.62e-19	79.5
AT3G53820.1_32570	sp|Q9LHS9|RBE_ARATH	55.556	45	31	5.59e-12	62.1
AT3G53820.1_32570	sp|O80942|ZFP10_ARATH	66.667	36	25	6.81e-12	62.6
AT3G53820.1_32570	sp|Q38895|SUP_ARATH	60.976	41	29	1.58e-11	60.4
AT3G53820.1_32570	sp|Q9SLB8|ZFP11_ARATH	75.000	32	22	1.76e-11	60.7
AT1G70895.1_97695	sp|Q8L9H6|CLE17_ARATH	100.000	99	99	6.20e-70	206
AT1G70895.1_97695	sp|Q8S8M2|CLE16_ARATH	51.020	49	49	9.45e-08	47.7
AT1G10745.1_79259	sp|A8MQX3|ESF12_ARATH	100.000	82	99	2.21e-55	168
AT1G10745.1_79259	sp|A8MSA6|ESF11_ARATH	45.570	79	95	7.45e-15	65.2
AT1G10745.1_79259	sp|A8MQA5|ESF13_ARATH	42.529	87	95	2.56e-13	61.2
AT1G10745.1_79259	sp|A8MRI0|ESFL3_ARATH	47.368	57	69	2.21e-11	56.4
AT1G10745.1_79259	sp|A8MQP7|ESFL7_ARATH	39.437	71	81	7.21e-08	47.4
AT1G18220.1_82151	sp|Q3ED99|PUP9_ARATH	100.000	45	98	7.72e-26	91.3
AT4G10603.1_40012	sp|Q2V3K0|DF169_ARATH	100.000	87	99	2.81e-60	181
AT4G10603.1_40012	sp|P82717|DF145_ARATH	40.476	84	93	2.68e-12	59.0
AT1G19070.1_82456	sp|Q3E7S2|FB312_ARATH	100.000	83	99	3.64e-56	170
AT1G19070.1_82456	sp|Q3E7K7|FB243_ARATH	69.880	83	99	3.44e-30	109
AT1G19070.1_82456	sp|Q9FF23|FB268_ARATH	56.627	83	99	1.85e-24	96.1
AT1G19070.1_82456	sp|Q3E8L5|FBL85_ARATH	51.648	91	99	2.02e-23	92.7
AT1G19070.1_82456	sp|Q9LXS0|FB206_ARATH	50.549	91	99	5.56e-23	91.6
AT2G07599.2_2128	sp|P92538|M1040_ARATH	54.688	64	18	1.46e-08	54.5
ATCG00690.1_16298	sp|P61840|PSBT_SPIOL	100.000	33	97	2.45e-16	66.6
ATCG00690.1_16298	sp|P61839|PSBT_ARATH	100.000	33	97	2.45e-16	66.6
ATCG00690.1_16298	sp|Q9G2D7|PSBT_SAUCE	96.970	33	97	4.27e-16	66.0
ATCG00690.1_16298	sp|Q7J189|PSBT_LACFR	96.970	33	97	4.27e-16	66.0
ATCG00690.1_16298	sp|Q6EYH9|PSBT_HOUCO	96.970	33	97	4.27e-16	66.0
AT5G37473.1_63626	sp|Q2V329|DF277_ARATH	100.000	73	99	1.86e-48	150
AT5G37473.1_63626	sp|Q2V328|DF276_ARATH	52.000	75	97	3.10e-16	68.3
AT1G35150.1_87875	sp|Q5SVZ6|ZMYM1_HUMAN	25.957	235	50	3.64e-08	59.0
AT2G07776.2_2363	sp|P93308|M530_ARATH	100.000	109	99	1.53e-76	223
AT1G01020.2_75108	sp|Q5MK24|ARV1_ARATH	100.000	170	89	1.35e-113	324
AT1G01020.2_75108	sp|Q5MK23|ARV2_ARATH	63.690	168	88	8.73e-58	181
AT1G01020.2_75108	sp|Q9HDX5|ARV1_SCHPO	48.571	70	35	3.40e-17	77.5
AT1G01020.2_75108	sp|Q54GD9|ARV1_DICDI	25.967	181	85	6.02e-15	71.4
AT1G01020.2_75108	sp|Q3SZW3|ARV1_BOVIN	35.294	68	35	2.50e-09	56.7
AT1G37010.1_88333	sp|Q9FG37|GACP3_ARATH	85.714	49	56	1.18e-16	75.6
AT4G30740.1_48307	sp|Q9SUH5|AUG8_ARATH	97.802	91	99	4.67e-53	174
AT4G30740.1_48307	sp|F4INP9|QWRF4_ARATH	74.194	93	99	1.05e-32	120
AT3G53232.1_32320	sp|Q8LBB5|DVL20_ARATH	100.000	57	98	1.34e-36	119
AT3G53232.1_32320	sp|Q7XXN8|DVL16_ARATH	64.000	50	86	3.75e-16	67.1
AT3G53232.1_32320	sp|Q8S8S3|DVL11_ARATH	51.613	31	53	4.72e-06	41.8
AT4G35770.5_50470	sp|Q38853|STR15_ARATH	100.000	140	90	5.18e-103	294
AT4G35770.5_50470	sp|P27626|DIN1_RAPSA	78.169	142	90	2.40e-72	216
AT4G35770.5_50470	sp|Q39129|STR16_ARATH	63.636	77	50	7.66e-29	103
AT4G35770.5_50470	sp|Q8RUD6|HARC1_ARATH	36.458	96	59	5.12e-15	69.4
AT4G35770.5_50470	sp|Q9FKW8|STR18_ARATH	47.887	71	45	6.40e-15	68.5
AT2G22805.1_6224	sp|Q2V468|DF189_ARATH	100.000	86	99	4.18e-59	177
AT2G22805.1_6224	sp|Q2V467|DF190_ARATH	57.609	92	99	7.24e-27	96.1
AT2G22805.1_6224	sp|Q2V466|DF191_ARATH	45.238	84	97	3.07e-17	71.4
AT2G14160.1_3188	sp|P49311|GRP2_SINAL	44.706	85	99	1.52e-15	68.5
AT2G14160.1_3188	sp|Q03250|RBG7_ARATH	43.529	85	99	1.18e-14	66.6
AT2G14160.1_3188	sp|P49310|GRP1_SINAL	43.529	85	99	1.58e-14	66.0
AT2G14160.1_3188	sp|Q03878|GRP1_DAUCA	42.500	80	93	2.32e-12	60.1
AT2G14160.1_3188	sp|Q03251|RBG8_ARATH	41.975	81	94	3.20e-12	60.1
AT2G14870.1_3394	sp|Q9FMP4|SF3B6_ARATH	75.714	70	69	1.50e-37	124
AT2G14870.1_3394	sp|P59708|SF3B6_MOUSE	62.857	70	69	4.87e-28	100
AT2G14870.1_3394	sp|Q9Y3B4|SF3B6_HUMAN	62.857	70	69	4.87e-28	100
AT2G14870.1_3394	sp|Q9VRV7|SF3B6_DROME	61.429	70	69	7.48e-28	99.8
AT2G14870.1_3394	sp|Q8ITY4|SF3B6_CAEEL	52.703	74	73	2.26e-26	96.1
AT5G39470.1_64305	sp|Q3E8K6|FB273_ARATH	100.000	170	99	4.24e-124	348
AT5G39470.1_64305	sp|Q9FLZ1|FB272_ARATH	60.417	96	41	2.79e-26	104
AT5G39470.1_64305	sp|Q9FLY8|FB274_ARATH	57.292	96	41	1.24e-23	97.5
AT5G39470.1_64305	sp|Q8RWD6|FB271_ARATH	48.958	96	41	4.29e-21	90.8
AT5G39470.1_64305	sp|Q9FLY7|FB338_ARATH	57.292	96	41	2.95e-18	82.6
AT5G28310.1_61993	sp|Q9LE33|HPR3_ARATH	39.378	193	61	7.14e-30	112
AT5G28310.1_61993	sp|A5CAL1|2KGR_VITVI	32.474	194	61	2.05e-20	88.0
AT5G28310.1_61993	sp|Q65CJ7|HPPR_PLESU	34.536	194	61	3.05e-20	87.4
AT5G28310.1_61993	sp|Q9CA90|HPR2_ARATH	34.884	172	52	1.96e-18	82.6
ATCG01040.1_16354	sp|P56770|CCSA_ARATH	100.000	328	99	0.0	656
ATCG01040.1_16354	sp|A4QJY1|CCSA_OLIPU	96.951	328	99	0.0	638
ATCG01040.1_16354	sp|A4QKP4|CCSA_CAPBU	96.951	328	99	0.0	637
ATCG01040.1_16354	sp|A4QKF6|CCSA_BARVE	95.732	328	99	0.0	635
ATCG01040.1_16354	sp|A4QKY3|CCSA_CRUWA	96.341	328	99	0.0	634
AT1G70360.1_97453	sp|O64600|FB81_ARATH	100.000	174	90	6.57e-125	351
AT1G70360.1_97453	sp|Q9ZUB8|SKI22_ARATH	50.962	208	98	1.82e-47	160
AT1G70360.1_97453	sp|Q9ZUB9|FB17_ARATH	49.515	206	96	3.35e-44	149
AT4G09984.1_39791	sp|P82749|DF142_ARATH	100.000	85	99	3.57e-58	175
AT4G09984.1_39791	sp|P82717|DF145_ARATH	41.667	84	85	1.42e-10	54.5
AT4G09984.1_39791	sp|P82729|DF137_ARATH	36.364	77	88	1.28e-06	44.1
AT1G61688.1_94274	sp|Q1G3Y1|DF106_ARATH	100.000	105	99	9.74e-74	216
AT1G61688.1_94274	sp|Q2V4N0|DF110_ARATH	34.021	97	91	1.40e-10	55.0
AT1G61688.1_94274	sp|Q2V413|DF107_ARATH	33.684	95	89	9.82e-07	44.9
AT1G61688.1_94274	sp|A8MRC8|DF200_ARATH	31.429	105	96	1.75e-06	45.2
AT1G61688.1_94274	sp|Q8GXR4|DF103_ARATH	29.592	98	91	2.40e-06	44.1
AT4G08028.1_39087	sp|Q2V3L0|DF102_ARATH	100.000	81	99	1.64e-54	166
AT4G08028.1_39087	sp|Q8GXR4|DF103_ARATH	45.977	87	99	1.42e-17	72.2
AT4G08028.1_39087	sp|Q2V413|DF107_ARATH	46.835	79	95	4.35e-17	70.8
AT4G08028.1_39087	sp|Q2V4G3|DF117_ARATH	47.500	80	96	2.83e-15	66.0
AT4G08028.1_39087	sp|Q2V321|DF115_ARATH	38.554	83	98	5.96e-12	57.6
AT3G54730.1_32913	sp|P0DKG2|Y3473_ARATH	100.000	387	99	0.0	774
AT3G54730.1_32913	sp|P0DKG3|OFP9_ARATH	99.658	292	75	0.0	593
AT1G77150.1_99854	sp|Q3ECB8|PP128_ARATH	95.833	48	99	7.93e-27	102
AT1G77150.1_99854	sp|Q3ECB8|PP128_ARATH	93.548	31	99	3.41e-12	62.4
AT1G77150.1_99854	sp|Q9FJY7|PP449_ARATH	47.368	57	72	1.07e-14	69.7
AT1G77150.1_99854	sp|Q9LS72|PP261_ARATH	59.574	47	59	1.05e-13	66.9
AT1G77150.1_99854	sp|Q9LSB8|PP235_ARATH	45.614	57	72	1.59e-13	66.3
AT1G77150.1_99854	sp|Q9FND7|PP410_ARATH	45.614	57	72	1.86e-13	66.3
AT2G15360.1_3526	sp|Q9SJP2|FUT4_ARATH	59.375	64	67	2.89e-11	60.1
AT2G15360.1_3526	sp|Q9XI80|FUT6_ARATH	49.180	61	63	6.83e-06	44.6
AT2G16676.1_3892	sp|O04244|Y4200_ARATH	66.514	218	99	3.10e-82	246
AT3G52510.1_32074	sp|Q9FT50|FB202_ARATH	46.860	207	82	4.25e-48	161
AT3G52510.1_32074	sp|Q3EBI7|FB130_ARATH	39.073	151	68	1.05e-24	100
AT3G52510.1_32074	sp|Q3E7D1|FB131_ARATH	38.462	156	71	1.99e-24	99.5
AT3G52510.1_32074	sp|Q2V414|FBL37_ARATH	32.370	173	78	1.39e-19	86.8
AT3G52510.1_32074	sp|O49420|FBK86_ARATH	37.107	159	71	2.07e-19	86.3
AT5G06020.1_54007	sp|Q9FI84|SPH27_ARATH	100.000	151	99	6.58e-113	318
AT5G06020.1_54007	sp|P0DN92|SPH24_ARATH	64.238	151	99	1.90e-66	200
AT5G06020.1_54007	sp|Q9FI83|SPH28_ARATH	59.603	151	99	1.02e-59	183
AT5G06020.1_54007	sp|F2Q9V4|SPH6_ARATH	62.595	131	86	3.12e-59	181
AT5G06020.1_54007	sp|O23020|SPH5_ARATH	36.607	112	71	8.57e-14	65.2
AT5G22680.1_59892	sp|Q9FNI9|FBD14_ARATH	61.458	96	40	9.38e-31	117
AT5G22680.1_59892	sp|Q9FNI8|FBD32_ARATH	62.000	100	42	7.97e-26	104
AT5G22680.1_59892	sp|Q9FI16|FBD18_ARATH	57.843	102	42	3.87e-23	97.5
AT5G22680.1_59892	sp|Q9FNK0|FDL30_ARATH	56.863	102	42	4.62e-22	94.7
AT5G22680.1_59892	sp|Q9FJC1|FBD31_ARATH	36.634	101	40	3.56e-06	49.7
AT1G01335.1_75261	sp|P0DKH9|AREP1_ARATH	100.000	40	98	4.15e-23	84.0
AT5G19172.1_58809	sp|Q2V366|DEF49_ARATH	100.000	84	99	2.52e-58	176
AT5G19172.1_58809	sp|Q2V365|DEF48_ARATH	79.762	84	99	9.90e-43	136
AT5G19172.1_58809	sp|Q3E7C7|DEF47_ARATH	40.964	83	98	2.92e-14	63.8
AT5G19172.1_58809	sp|Q4VNZ8|DEF59_ARATH	46.479	71	82	6.02e-10	52.5
AT5G19172.1_58809	sp|Q2V3Y8|DEF45_ARATH	34.524	84	99	1.65e-09	51.4
AT5G45875.1_66750	sp|P82646|DF229_ARATH	100.000	93	99	1.46e-64	192
AT5G45875.1_66750	sp|P82645|DF235_ARATH	39.560	91	94	1.24e-13	62.4
AT5G45875.1_66750	sp|P82621|DF226_ARATH	38.542	96	94	1.99e-10	54.2
AT5G45875.1_66750	sp|P82647|DF227_ARATH	38.384	99	93	4.81e-10	53.4
AT5G45875.1_66750	sp|P82622|DF228_ARATH	34.409	93	95	7.89e-10	52.8
AT1G22470.1_83674	sp|Q8L443|SUPB_ARATH	100.000	146	99	7.08e-57	175
AT1G22470.1_83674	sp|Q9C7T1|SUPD_ARATH	52.055	146	99	2.97e-23	89.6
AT1G22470.1_83674	sp|Q8GY45|SUPC_ARATH	91.304	23	16	2.53e-10	56.7
AT2G07675.1_2217	sp|P50892|RT12_RAPSA	96.000	125	99	1.68e-84	244
AT2G07675.1_2217	sp|P68536|RT12_PETPA	93.600	125	99	1.04e-82	240
AT2G07675.1_2217	sp|P68535|RT12_PETHY	93.600	125	99	1.04e-82	240
AT2G07675.1_2217	sp|P92532|RT12_ARATH	95.200	125	99	1.33e-82	240
AT2G07675.1_2217	sp|Q95869|RT12_NICSY	94.400	125	99	1.98e-82	239
AT5G43570.1_65771	sp|P24076|BGIA_MOMCH	48.333	60	58	4.75e-12	58.4
AT5G43570.1_65771	sp|P82381|ICI_LINUS	43.333	60	58	4.90e-12	58.4
AT5G43570.1_65771	sp|P19873|ITH5_CUCMA	45.000	60	58	8.46e-10	52.5
AT5G43570.1_65771	sp|P86971|ITI_FAGTA	45.455	66	58	2.43e-09	51.7
AT5G43570.1_65771	sp|Q6XNP7|HPI_HEVBR	37.705	61	59	2.03e-06	44.1
AT1G51172.1_90699	sp|Q9LEX8|Y3093_ARATH	26.554	177	25	3.48e-15	82.3
AT1G51172.1_90699	sp|F4JTJ9|ASY2_ARATH	27.481	131	19	2.11e-12	73.9
AT2G29430.1_8738	sp|Q54WR5|YJU2_DICDI	47.297	74	87	3.90e-20	83.2
AT2G29430.1_8738	sp|Q9BW85|YJU2_HUMAN	47.222	72	85	2.24e-14	67.7
AT2G29430.1_8738	sp|Q9D6J3|YJU2_MOUSE	47.222	72	85	2.75e-14	67.4
AT2G29430.1_8738	sp|A8WHR3|YJU2_DANRE	47.222	72	85	4.06e-14	67.4
AT2G29430.1_8738	sp|O60141|CWC16_SCHPO	38.158	76	89	6.85e-13	63.5
AT5G48605.1_67777	sp|Q2V304|DF220_ARATH	100.000	91	99	4.12e-62	185
AT5G48605.1_67777	sp|Q2V305|DF219_ARATH	77.551	98	99	4.06e-48	150
AT5G48605.1_67777	sp|Q2V306|DF221_ARATH	79.121	91	99	1.42e-47	149
AT5G48605.1_67777	sp|Q2V300|DF222_ARATH	40.860	93	93	3.06e-19	77.0
AT5G48605.1_67777	sp|Q2V3K4|DF210_ARATH	40.860	93	98	7.66e-18	73.3
AT2G05635.1_1720	sp|A4K436|RTEL1_BOVIN	36.207	116	76	1.42e-08	54.5
AT2G05635.1_1720	sp|P0C928|RTEL1_DANRE	35.000	100	67	3.55e-08	53.4
AT2G05635.1_1720	sp|Q0VGM9|RTEL1_MOUSE	52.941	51	33	1.07e-07	52.2
AT2G05635.1_1720	sp|Q6H1L8|RTEL1_MUSSP	52.941	51	33	4.73e-07	50.3
AT2G05635.1_1720	sp|A0A0P0V4R0|RTEL1_ORYSJ	48.980	49	32	1.46e-06	48.9
AT2G38600.2_12281	sp|P27061|PPA1_SOLLC	44.601	213	85	8.04e-66	204
AT2G38600.2_12281	sp|P10743|VSPB_SOYBN	35.981	214	85	2.80e-46	154
AT2G38600.2_12281	sp|P15490|VSPA_SOYBN	35.371	229	88	2.95e-45	151
AT2G38600.2_12281	sp|O49195|VSP1_ARATH	35.648	216	85	2.27e-44	149
AT2G38600.2_12281	sp|O82122|VSP2_ARATH	36.866	217	85	1.15e-43	147
AT4G36570.1_50765	sp|Q6NNN0|RADL3_ARATH	100.000	55	93	6.69e-35	115
AT4G36570.1_50765	sp|Q1A173|RADL6_ARATH	72.727	55	93	7.67e-26	92.7
AT4G36570.1_50765	sp|F4JVB8|RADL1_ARATH	75.000	44	75	1.15e-20	79.5
AT4G36570.1_50765	sp|Q9SIJ5|RADL2_ARATH	77.273	44	75	1.97e-20	79.0
AT4G36570.1_50765	sp|Q8GW75|RADL5_ARATH	78.182	55	93	4.38e-20	78.1
AT1G58265.1_93237	sp|Q6J541|C79D3_LOTJA	47.748	111	69	9.14e-32	118
AT1G58265.1_93237	sp|O81345|C79B1_SINAL	50.467	107	67	1.83e-31	118
AT1G58265.1_93237	sp|O81346|C79B2_ARATH	50.467	107	67	2.25e-31	118
AT1G58265.1_93237	sp|A0A068Q7V0|C7916_PRUMU	47.748	111	69	3.31e-31	117
AT1G58265.1_93237	sp|Q6J540|C79D4_LOTJA	49.057	106	66	5.12e-31	116
ATCG00560.1_16274	sp|Q67HJ6|PSBL_TYPAN	100.000	38	97	9.81e-21	77.8
ATCG00560.1_16274	sp|Q67HD2|PSBL_SISMO	100.000	38	97	9.81e-21	77.8
ATCG00560.1_16274	sp|P60136|PSBL_SAUCE	100.000	38	97	9.81e-21	77.8
ATCG00560.1_16274	sp|Q06GP5|PSBL_PIPCE	100.000	38	97	9.81e-21	77.8
ATCG00560.1_16274	sp|A4QJU6|PSBL_OLIPU	100.000	38	97	9.81e-21	77.8
AT5G04047.1_53278	sp|Q9FF19|SPH9_ARATH	32.609	138	91	5.11e-11	58.1
AT5G04047.1_53278	sp|B3H453|SPH8_ARATH	31.858	113	75	6.14e-09	52.8
AT5G04047.1_53278	sp|Q9LVX2|SPH31_ARATH	30.303	132	86	2.12e-06	46.0
AT4G22505.1_45053	sp|Q9S7I2|AIR1_ARATH	42.045	88	15	4.08e-12	65.5
AT4G22505.1_45053	sp|Q9SU34|ERLL2_ARATH	39.394	99	17	1.27e-11	65.5
AT4G22505.1_45053	sp|Q39176|ERLI1_ARATH	41.304	92	15	4.93e-10	60.7
AT4G22505.1_45053	sp|Q9SU33|ERLL3_ARATH	41.573	89	15	8.54e-10	60.1
AT4G22505.1_45053	sp|Q8RW93|LBP65_ARATH	34.483	87	15	1.72e-09	58.4
AT4G24973.1_46098	sp|B3H730|SPH18_ARATH	100.000	134	99	6.30e-98	279
AT4G24973.1_46098	sp|Q3E9W6|SPH20_ARATH	73.016	126	93	1.40e-65	197
AT4G24973.1_46098	sp|B3H7A6|SPH19_ARATH	69.600	125	93	9.44e-59	179
AT4G24973.1_46098	sp|F4JLQ5|SPH2_ARATH	44.340	106	73	8.97e-25	93.6
AT4G24973.1_46098	sp|O23020|SPH5_ARATH	41.441	111	82	1.15e-21	85.1
AT4G05620.1_38607	sp|Q9M0U2|FB222_ARATH	100.000	132	99	2.37e-93	267
AT4G05620.1_38607	sp|Q9SV98|FK103_ARATH	58.594	128	94	8.83e-43	144
AT4G05620.1_38607	sp|Q9SVA3|FBK98_ARATH	55.200	125	83	6.21e-35	124
AT4G05620.1_38607	sp|Q9FI71|FK121_ARATH	53.448	116	83	1.76e-34	122
AT4G05620.1_38607	sp|Q9FI72|FK120_ARATH	50.000	124	83	1.30e-33	121
AT2G16620.1_3871	sp|Q9LK43|TMK4_ARATH	42.478	113	84	5.84e-18	80.9
AT2G16620.1_3871	sp|Q84M95|PBL28_ARATH	37.607	117	87	1.42e-17	78.4
AT2G16620.1_3871	sp|P43298|TMK1_ARATH	42.017	119	87	2.73e-17	79.2
AT2G16620.1_3871	sp|Q9FYK0|TMK2_ARATH	41.525	118	87	2.74e-17	79.2
AT2G16620.1_3871	sp|Q9SIT1|TMK3_ARATH	41.463	123	90	1.75e-16	76.7
AT3G63088.1_36154	sp|Q6IM87|DVL14_ARATH	100.000	48	98	1.31e-28	98.4
AT5G16023.1_57659	sp|Q6X5V0|DVL1_ARATH	100.000	51	98	2.39e-29	100
AT5G16023.1_57659	sp|Q6X5U1|DVL2_ARATH	78.378	37	71	3.71e-15	64.3
AT5G16023.1_57659	sp|Q6X5U0|DVL3_ARATH	58.974	39	75	8.40e-12	55.6
AT5G16023.1_57659	sp|Q9SAF8|DVL4_ARATH	60.000	35	67	3.62e-09	48.9
AT5G16023.1_57659	sp|Q6X5T8|DVL5_ARATH	46.512	43	83	5.91e-09	48.6
AT2G24810.1_7025	sp|P28493|PR5_ARATH	67.105	76	39	8.22e-31	112
AT2G24810.1_7025	sp|Q5DWG1|CRJ35_CRYJA	61.538	78	62	3.01e-30	111
AT2G24810.1_7025	sp|Q5DWG1|CRJ35_CRYJA	56.818	44	62	3.04e-07	50.8
AT2G24810.1_7025	sp|Q9SMH2|TLP1_CASSA	63.750	80	40	1.50e-28	106
AT2G24810.1_7025	sp|O80327|TLP1_PYRPY	60.000	80	40	1.35e-27	104
AT2G24810.1_7025	sp|P50699|TLPH_ARATH	59.740	77	40	4.37e-27	103
AT4G09360.1_39562	sp|O82500|Y4117_ARATH	27.681	690	73	1.87e-46	179
AT4G09360.1_39562	sp|V9M398|RUN1_VITRO	38.835	309	51	4.20e-43	170
AT4G09360.1_39562	sp|V9M398|RUN1_VITRO	29.801	151	51	3.11e-06	54.8
AT4G09360.1_39562	sp|F4J339|RPP1_ARATH	37.061	313	60	8.54e-41	163
AT4G09360.1_39562	sp|F4J339|RPP1_ARATH	27.888	251	60	2.20e-08	61.5
AT4G09360.1_39562	sp|O23530|SNC1_ARATH	35.599	309	86	8.62e-41	163
AT4G09360.1_39562	sp|O23530|SNC1_ARATH	24.853	511	86	9.74e-07	56.4
AT4G09360.1_39562	sp|O23530|SNC1_ARATH	38.542	96	86	2.82e-06	54.8
AT4G09360.1_39562	sp|F4I594|RLM1A_ARATH	34.810	316	62	6.88e-40	159
AT4G09360.1_39562	sp|F4I594|RLM1A_ARATH	28.070	285	62	6.55e-15	82.3
AT2G42955.1_14103	sp|Q8S8Q9|FBL40_ARATH	35.714	182	63	2.27e-19	86.0
AT2G42955.1_14103	sp|Q3E9Z8|FB236_ARATH	35.811	148	48	1.78e-14	72.5
AT2G42955.1_14103	sp|Q0WRU9|FBK44_ARATH	41.228	114	49	6.70e-12	65.5
AT2G42955.1_14103	sp|A8MS20|FB350_ARATH	54.098	61	27	2.70e-10	60.9
AT2G42955.1_14103	sp|Q1PEU9|FBK43_ARATH	54.902	51	22	7.66e-07	49.7
AT5G19175.1_58811	sp|Q2V365|DEF48_ARATH	100.000	82	99	1.18e-56	171
AT5G19175.1_58811	sp|Q2V366|DEF49_ARATH	79.762	84	99	9.67e-43	136
AT5G19175.1_58811	sp|Q3E7C7|DEF47_ARATH	40.000	80	95	5.67e-12	57.9
AT5G19175.1_58811	sp|P82764|DEF50_ARATH	37.975	79	94	1.82e-09	51.4
AT5G19175.1_58811	sp|P82763|DEF51_ARATH	35.443	79	94	1.03e-08	49.4
AT3G42140.1_28422	sp|O04244|Y4200_ARATH	25.564	133	36	1.35e-10	62.4
AT3G23165.1_25115	sp|P82757|DF187_ARATH	100.000	77	99	4.41e-52	159
AT3G23165.1_25115	sp|P82756|DF188_ARATH	57.317	82	99	7.35e-25	90.5
AT3G23165.1_25115	sp|P82732|DF184_ARATH	57.692	78	99	4.97e-23	85.7
AT3G23165.1_25115	sp|P82755|DF186_ARATH	55.000	80	99	4.21e-21	80.6
AT3G23165.1_25115	sp|P82754|DF185_ARATH	53.012	83	99	1.49e-20	79.5
AT2G30810.1_9294	sp|Q6GKX7|GASAC_ARATH	100.000	106	99	8.05e-75	219
AT2G30810.1_9294	sp|P27057|GAST1_SOLLC	69.118	68	64	1.48e-31	109
AT2G30810.1_9294	sp|Q6NMQ7|GASA6_ARATH	50.943	106	99	6.37e-31	107
AT2G30810.1_9294	sp|P47926|RSI1_SOLLC	51.485	101	94	6.58e-31	107
AT2G30810.1_9294	sp|P46690|GASA4_ARATH	48.113	106	99	1.20e-30	106
AT4G04632.1_38200	sp|Q9SND6|M3K20_ARATH	39.604	101	94	4.58e-19	81.2
AT4G04632.1_38200	sp|O22042|M3K3_ARATH	46.237	93	86	4.55e-15	71.9
AT4G04632.1_38200	sp|Q40541|NPK1_TOBAC	40.625	96	89	6.90e-14	68.5
AT4G04632.1_38200	sp|Q9Y6R4|M3K4_HUMAN	41.748	103	91	8.93e-14	68.3
AT4G04632.1_38200	sp|Q9FZ36|M3K2_ARATH	38.710	93	86	1.29e-13	67.7
AT3G25165.1_25864	sp|Q9LSG0|RLF25_ARATH	100.000	74	99	6.93e-49	151
AT3G25165.1_25864	sp|Q0V822|RLF26_ARATH	54.667	75	93	2.41e-17	71.1
AT3G25165.1_25864	sp|A7REH2|RLF30_ARATH	43.421	76	95	1.30e-09	51.4
AT3G25165.1_25864	sp|F4ISE1|RLF12_ARATH	47.222	72	93	2.25e-07	45.5
AT3G25165.1_25864	sp|O64466|RLF11_ARATH	47.222	72	93	6.95e-07	44.4
AT2G04045.1_1183	sp|Q4VNZ6|DF295_ARATH	100.000	111	99	4.16e-79	230
AT2G04045.1_1183	sp|Q4VNZ5|DF296_ARATH	55.455	110	98	3.32e-40	131
AT2G04045.1_1183	sp|Q2V459|DF298_ARATH	30.909	110	96	9.10e-11	55.9
AT1G53325.1_91515	sp|Q9C6F7|FB64_ARATH	76.159	151	88	1.37e-78	237
AT1G53325.1_91515	sp|Q9FHW4|FB266_ARATH	65.079	126	73	1.54e-46	152
AT1G53325.1_91515	sp|Q8LL17|SON1_ARATH	44.000	150	88	4.58e-35	125
AT1G53325.1_91515	sp|Q9LS56|FB160_ARATH	41.333	150	88	2.84e-32	118
AT1G53325.1_91515	sp|Q9LUM6|FB157_ARATH	40.994	161	93	1.67e-30	113
AT3G09870.1_19859	sp|P33083|AX6B_SOYBN	48.611	72	62	4.04e-15	66.9
AT3G09870.1_19859	sp|P33082|AXX15_SOYBN	48.438	64	55	5.14e-13	61.2
AT3G09870.1_19859	sp|P32295|ARG7_VIGRR	47.222	72	62	8.27e-13	60.9
AT3G09870.1_19859	sp|P33081|AX15A_SOYBN	47.692	65	56	1.68e-12	60.1
AT3G09870.1_19859	sp|P33079|A10A5_SOYBN	45.312	64	55	3.84e-12	59.3
AT3G25170.2_25869	sp|Q0V822|RLF26_ARATH	100.000	76	99	3.14e-51	157
AT3G25170.2_25869	sp|A7REH2|RLF30_ARATH	51.351	74	96	5.08e-20	78.1
AT3G25170.2_25869	sp|Q9LSG0|RLF25_ARATH	54.667	75	96	2.48e-17	71.1
AT3G25170.2_25869	sp|O64466|RLF11_ARATH	54.667	75	97	4.84e-14	62.6
AT3G25170.2_25869	sp|F4ISE2|RLF13_ARATH	54.667	75	97	2.59e-13	60.9
AT5G37960.1_63791	sp|Q39172|AER_ARATH	57.333	75	69	6.40e-19	80.9
AT5G37960.1_63791	sp|Q39173|P2_ARATH	53.333	75	69	3.86e-17	76.1
AT5G37960.1_63791	sp|Q6WAU0|PULR_MENPI	42.683	82	75	2.93e-12	63.2
AT5G37960.1_63791	sp|Q9SLN8|DBR_TOBAC	39.744	78	72	1.36e-11	61.2
AT2G07692.1_2255	sp|P92561|M1300_ARATH	100.000	136	99	9.29e-99	281
AT3G23635.1_25307	sp|A8MRE9|DVL23_ARATH	100.000	45	98	2.31e-26	92.7
AT1G48095.1_89603	sp|O04244|Y4200_ARATH	52.564	78	26	7.99e-24	98.6
AT4G35770.6_50471	sp|Q38853|STR15_ARATH	96.721	122	99	4.21e-84	245
AT4G35770.6_50471	sp|P27626|DIN1_RAPSA	71.774	124	99	6.95e-54	168
AT4G35770.6_50471	sp|Q39129|STR16_ARATH	59.322	59	48	4.25e-17	72.8
AT4G35770.6_50471	sp|Q8RUD6|HARC1_ARATH	34.722	72	55	2.74e-08	51.1
AT1G36640.1_88267	sp|Q9C8F3|SOP20_ARATH	100.000	75	99	2.41e-40	129
AT1G36640.1_88267	sp|Q1G3E7|SOP23_ARATH	50.685	73	96	2.83e-20	78.7
AT1G36640.1_88267	sp|A0A1P8AVP6|SOP22_ARATH	39.706	68	89	1.84e-09	50.8
AT1G36640.1_88267	sp|A0A1P8BD36|SOP19_ARATH	52.273	44	58	6.48e-08	47.2
AT1G36640.1_88267	sp|A0A1P8B1G7|SOP21_ARATH	56.250	64	84	1.50e-07	46.3
AT4G13570.1_41176	sp|Q9T0H7|H2A8_ARATH	100.000	118	99	2.66e-84	244
AT4G13570.1_41176	sp|O23628|H2AV1_ARATH	80.220	91	76	8.09e-49	154
AT4G13570.1_41176	sp|Q9SII0|H2AV2_ARATH	80.220	91	76	1.49e-48	153
AT4G13570.1_41176	sp|Q8H7Y8|H2AV1_ORYSJ	78.022	91	76	9.07e-48	151
AT4G13570.1_41176	sp|Q8S857|H2AV2_ORYSJ	78.022	91	76	3.66e-47	149
AT2G40050.1_12914	sp|Q6NQN8|VLG_ARATH	33.088	136	49	4.37e-13	71.4
AT2G40050.1_12914	sp|Q6NQN8|VLG_ARATH	27.586	174	49	1.35e-08	58.1
AT1G48285.1_89697	sp|Q9LP10|Y1920_ARATH	61.538	143	93	2.70e-53	167
AT1G48285.1_89697	sp|Q9ZS96|Y4478_ARATH	41.538	65	42	6.27e-13	63.8
AT1G51230.1_90715	sp|Q9FIV3|SPH25_ARATH	44.444	126	98	3.22e-28	101
AT1G51230.1_90715	sp|Q1G373|SPH30_ARATH	43.651	126	97	7.72e-27	98.1
AT1G51230.1_90715	sp|Q9FLY6|SPH15_ARATH	32.540	126	98	4.98e-13	62.6
AT1G51230.1_90715	sp|Q8GX02|SPH14_ARATH	31.579	114	89	6.25e-13	62.6
AT3G25720.1_26051	sp|P0C2F6|RNHX1_ARATH	34.167	120	42	1.50e-06	51.7
AT2G07722.1_2295	sp|P94024|M170_ARATH	99.281	139	99	1.03e-97	279
AT4G09660.1_39655	sp|Q5SVZ6|ZMYM1_HUMAN	24.856	696	94	7.91e-32	133
AT4G09660.1_39655	sp|Q9CUX1|P52K_MOUSE	21.788	537	76	1.58e-12	73.6
AT4G09660.1_39655	sp|O43422|P52K_HUMAN	21.150	539	76	8.28e-12	71.4
AT1G48195.1_89651	sp|Q3ECU8|C3H13_ARATH	100.000	82	99	8.03e-57	172
AT1G48195.1_89651	sp|Q5RJC5|C3H67_ARATH	63.750	80	98	6.36e-34	120
AT1G48195.1_89651	sp|Q5RJC5|C3H67_ARATH	46.667	75	98	5.82e-13	64.6
AT1G48195.1_89651	sp|Q5RJC5|C3H67_ARATH	32.051	78	98	3.32e-08	51.4
AT1G48195.1_89651	sp|Q9STM4|C3H43_ARATH	66.250	80	96	1.80e-33	119
AT1G48195.1_89651	sp|Q9STM4|C3H43_ARATH	47.222	72	96	3.54e-14	68.0
AT1G48195.1_89651	sp|Q9STM4|C3H43_ARATH	38.554	83	96	1.09e-10	58.4
AT1G48195.1_89651	sp|Q8L7N8|C3H57_ARATH	55.128	78	94	8.26e-28	103
AT1G48195.1_89651	sp|Q8L7N8|C3H57_ARATH	43.421	76	94	1.22e-18	79.8
AT1G48195.1_89651	sp|Q8L7N8|C3H57_ARATH	38.462	78	94	4.16e-12	62.1
AT1G48195.1_89651	sp|Q2QT65|C3H66_ORYSJ	55.696	79	96	3.55e-27	103
AT1G48195.1_89651	sp|Q2QT65|C3H66_ORYSJ	43.421	76	96	1.95e-16	74.5
AT1G48195.1_89651	sp|Q2QT65|C3H66_ORYSJ	43.750	80	96	4.12e-15	70.8
AT1G48195.1_89651	sp|Q2QT65|C3H66_ORYSJ	58.065	31	96	8.55e-07	47.4
AT1G67265.1_96293	sp|Q6X5U0|DVL3_ARATH	100.000	40	98	5.80e-23	83.7
AT1G67265.1_96293	sp|Q6X5V0|DVL1_ARATH	58.974	39	95	6.60e-12	55.6
AT1G67265.1_96293	sp|Q9SAF8|DVL4_ARATH	62.500	40	98	6.62e-12	55.6
AT1G67265.1_96293	sp|Q6X5U1|DVL2_ARATH	66.667	36	88	1.12e-11	55.0
AT1G67265.1_96293	sp|Q6X5T8|DVL5_ARATH	63.158	38	93	4.18e-11	53.6
AT4G13968.1_41341	sp|Q2V3J0|DEF89_ARATH	100.000	89	99	5.80e-60	180
AT4G13968.1_41341	sp|Q2V3J1|DEF88_ARATH	44.706	85	90	5.80e-14	63.2
AT4G13968.1_41341	sp|P82761|DEF83_ARATH	43.590	78	81	3.32e-09	51.1
AT4G13968.1_41341	sp|Q2V4G6|DEF81_ARATH	37.500	80	86	6.10e-07	45.2
AT4G13968.1_41341	sp|Q2V2Y3|DEF84_ARATH	46.939	49	54	5.16e-06	42.9
AT1G36580.1_88256	sp|Q9LTV6|DECR2_ARATH	87.692	65	33	1.97e-32	118
AT1G36580.1_88256	sp|Q9SIW3|SFH7_ARATH	71.212	66	28	3.60e-19	86.0
AT1G09260.1_78631	sp|Q7ZXQ8|DJB14_XENLA	37.500	64	46	1.74e-08	53.6
AT1G09260.1_78631	sp|Q28I38|DJB14_XENTR	35.938	64	46	1.19e-07	51.4
AT1G09260.1_78631	sp|Q58DR2|DJB12_BOVIN	38.710	62	45	1.28e-07	51.4
AT1G09260.1_78631	sp|Q9QYI4|DJB12_MOUSE	38.710	62	45	1.42e-07	51.1
AT1G09260.1_78631	sp|B7KEJ8|DNAJ_GLOC7	41.935	62	45	1.44e-07	51.1
AT2G13500.1_3022	sp|O04244|Y4200_ARATH	70.803	137	62	6.47e-66	208
AT2G13500.1_3022	sp|O04244|Y4200_ARATH	44.000	75	62	9.35e-09	57.9
AT4G08039.1_39093	sp|Q2V3K9|DF312_ARATH	100.000	69	99	5.40e-43	136
AT2G44581.1_14765	sp|Q9LZJ6|ATL5_ARATH	42.254	71	45	9.37e-13	64.6
AT2G44581.1_14765	sp|Q5Z880|HRD1_ORYSJ	39.785	93	63	2.69e-12	65.2
AT2G44581.1_14765	sp|Q9C7I1|ATL34_ARATH	45.763	59	40	2.95e-12	64.0
AT2G44581.1_14765	sp|O22755|ATL44_ARATH	46.552	58	40	3.30e-12	62.1
AT2G44581.1_14765	sp|Q9SLC3|ATL41_ARATH	46.296	54	37	3.46e-12	62.9
ATCG00660.1_16292	sp|P56794|RK20_ARATH	100.000	117	99	2.13e-81	236
ATCG00660.1_16292	sp|A4QJV4|RK20_OLIPU	99.145	117	99	9.36e-81	234
ATCG00660.1_16292	sp|A4QKV4|RK20_CRUWA	99.145	117	99	9.36e-81	234
ATCG00660.1_16292	sp|A4QKL5|RK20_CAPBU	99.145	117	99	9.36e-81	234
ATCG00660.1_16292	sp|A4QKC8|RK20_BARVE	97.436	117	99	9.16e-80	232
AT5G43513.1_65751	sp|Q4VP10|LUR13_ARATH	100.000	91	99	3.55e-61	183
AT5G43513.1_65751	sp|Q4VP07|LUR16_ARATH	97.802	91	99	5.38e-60	180
AT5G43513.1_65751	sp|Q4VP08|LUR12_ARATH	94.505	91	99	4.05e-55	168
AT5G43513.1_65751	sp|P0CAY6|LUR14_ARATH	93.407	91	99	3.78e-54	165
AT5G43513.1_65751	sp|A8MRC6|LUR15_ARATH	91.209	91	99	1.01e-52	161
AT2G07120.1_2043	sp|Q9LS56|FB160_ARATH	85.753	372	99	0.0	635
AT2G07120.1_2043	sp|Q9LXQ0|FB339_ARATH	84.191	272	71	9.16e-166	464
AT2G07120.1_2043	sp|Q9LUM6|FB157_ARATH	53.100	371	98	1.44e-119	347
AT2G07120.1_2043	sp|Q8LL17|SON1_ARATH	43.164	373	96	1.88e-89	270
AT2G07120.1_2043	sp|Q9LUS9|FBL44_ARATH	43.514	370	96	5.36e-77	238
AT1G50340.1_90450	sp|P83326|PMEI_ACTDE	30.075	133	84	3.52e-09	54.5
AT1G50340.1_90450	sp|Q9LUV1|PMEI2_ARATH	27.941	136	85	1.18e-07	50.3
AT2G01060.1_24	sp|Q9SJW0|PHL7_ARATH	100.000	286	99	0.0	585
AT2G01060.1_24	sp|Q0J995|RLI1_ORYSJ	62.676	142	49	7.89e-60	194
AT2G01060.1_24	sp|A2XYN9|RLI1_ORYSI	62.676	142	49	9.30e-60	194
AT2G01060.1_24	sp|Q10LZ1|PHR1_ORYSJ	61.765	170	58	1.40e-56	185
AT2G01060.1_24	sp|B8ANX9|PHR1_ORYSI	61.765	170	58	1.42e-56	185
AT4G04404.1_38117	sp|Q9SIJ0|ZAT2_ARATH	33.088	136	57	2.58e-06	49.1
AT1G53970.1_91793	sp|Q9SYF0|GLIP2_ARATH	85.393	89	91	4.69e-46	151
AT1G53970.1_91793	sp|Q9FLN0|GLIP1_ARATH	81.609	87	89	1.03e-43	145
AT1G53970.1_91793	sp|Q9LJP1|GRIP4_ARATH	65.116	86	88	3.23e-37	129
AT1G53970.1_91793	sp|Q9SYF5|GLIP3_ARATH	67.816	87	89	1.01e-32	116
AT1G53970.1_91793	sp|H6U1I8|GLIP_TANCI	61.333	75	77	9.11e-26	98.9
AT1G41920.1_88581	sp|Q5SVZ6|ZMYM1_HUMAN	26.579	380	74	3.28e-28	120
AT5G39365.1_64275	sp|Q2V325|DEF40_ARATH	100.000	89	99	7.08e-60	180
AT5G39365.1_64275	sp|Q2V462|DEF38_ARATH	46.429	84	92	8.35e-16	67.7
AT5G39365.1_64275	sp|Q2V460|DEF39_ARATH	45.946	74	81	2.12e-12	59.3
AT3G32090.1_28153	sp|Q9SAH7|WRK40_ARATH	93.103	58	32	8.69e-33	118
AT3G32090.1_28153	sp|B8B0R8|WRK28_ORYSI	46.939	49	27	1.35e-06	49.7
AT3G32090.1_28153	sp|Q0DAJ3|WRK28_ORYSJ	46.939	49	27	1.36e-06	49.7
AT3G52510.2_32075	sp|Q9FT50|FB202_ARATH	46.535	202	81	5.09e-46	155
AT3G52510.2_32075	sp|Q3EBI7|FB130_ARATH	39.073	151	68	1.49e-24	100
AT3G52510.2_32075	sp|Q3E7D1|FB131_ARATH	38.994	159	71	2.59e-24	99.2
AT3G52510.2_32075	sp|Q2V414|FBL37_ARATH	32.370	173	79	1.01e-19	87.1
AT3G52510.2_32075	sp|O49420|FBK86_ARATH	37.107	159	71	2.30e-19	86.0
AT5G53600.1_69686	sp|P52409|E13B_WHEAT	50.602	83	74	7.76e-25	98.1
AT5G53600.1_69686	sp|Q84V39|ALL10_OLEEU	44.086	93	81	1.28e-23	89.1
AT5G53600.1_69686	sp|Q94G86|ALL9_OLEEU	44.706	85	75	1.11e-21	89.6
AT5G53600.1_69686	sp|O65399|E131_ARATH	38.889	90	79	1.55e-17	78.7
AT5G53600.1_69686	sp|Q9C7U5|E132_ARATH	38.889	90	79	1.97e-17	78.4
AT2G01050.1_21	sp|O04244|Y4200_ARATH	22.930	157	29	2.70e-06	51.9
AT4G35770.2_50467	sp|Q38853|STR15_ARATH	100.000	158	98	1.28e-117	331
AT4G35770.2_50467	sp|P27626|DIN1_RAPSA	78.125	160	98	4.24e-84	246
AT4G35770.2_50467	sp|Q39129|STR16_ARATH	63.158	95	59	1.02e-36	124
AT4G35770.2_50467	sp|Q9FKW8|STR18_ARATH	48.315	89	54	1.62e-22	88.2
AT4G35770.2_50467	sp|Q8RUD6|HARC1_ARATH	36.607	112	67	5.91e-19	79.8
AT4G04110.1_38031	sp|P0DKH6|RPS6R_ARATH	59.545	220	83	5.45e-79	255
AT4G04110.1_38031	sp|F4KHH8|RPS6C_ARATH	59.091	220	83	1.29e-78	253
AT4G04110.1_38031	sp|F4KHI3|VICTR_ARATH	56.164	219	82	8.41e-66	219
AT4G04110.1_38031	sp|O82500|Y4117_ARATH	50.282	177	73	3.73e-52	181
AT4G04110.1_38031	sp|F4JWM0|DSC2_ARATH	50.282	177	73	5.80e-50	176
AT1G51330.1_90765	sp|Q9ZQR6|SPZ2_ARATH	66.972	109	56	3.18e-46	155
AT1G51330.1_90765	sp|O04582|SPZ5_ARATH	62.385	109	56	2.89e-42	146
AT1G51330.1_90765	sp|Q9SH52|SPZ1_ARATH	61.468	109	56	1.79e-37	132
AT1G51330.1_90765	sp|Q9S7T8|SPZX_ARATH	49.541	109	56	1.71e-28	109
AT1G51330.1_90765	sp|Q10GX0|SPZXB_ORYSJ	50.459	109	56	3.67e-27	105
AT5G48040.1_67571	sp|Q9ZUZ6|WTF9_ARATH	35.897	351	81	1.65e-57	190
AT5G48040.1_67571	sp|A0MFS5|WTF1_ARATH	34.012	344	78	3.81e-50	174
AT5G48040.1_67571	sp|Q65XL5|WTF1_ORYSJ	31.931	404	90	7.78e-46	162
AT5G48040.1_67571	sp|B6TTV8|WTF1_MAIZE	33.731	335	76	2.59e-45	161
AT5G48040.1_67571	sp|Q689D6|RPD1_ARATH	30.000	340	76	1.24e-34	131
AT1G53815.1_91720	sp|Q3ECQ9|FB349_ARATH	100.000	237	99	7.93e-178	489
AT1G53815.1_91720	sp|Q9LPH0|FB57_ARATH	59.009	222	91	5.76e-72	223
AT1G53815.1_91720	sp|Q9C948|FB70_ARATH	49.784	231	92	2.42e-58	185
AT1G53815.1_91720	sp|Q9C725|FB61_ARATH	48.498	233	94	4.03e-50	167
AT1G53815.1_91720	sp|Q0WQM8|FB58_ARATH	45.876	194	78	2.85e-37	134
AT1G23037.1_83886	sp|Q9FT50|FB202_ARATH	52.336	107	66	3.19e-29	110
AT1G23037.1_83886	sp|Q2V414|FBL37_ARATH	28.667	150	88	4.11e-10	59.3
AT1G23037.1_83886	sp|Q3EBI7|FB130_ARATH	30.400	125	75	3.36e-08	53.9
AT1G23037.1_83886	sp|Q3E7D1|FB131_ARATH	32.692	104	61	6.63e-07	50.0
AT2G19980.1_5077	sp|P33154|PR1_ARATH	37.572	173	99	1.61e-28	104
AT2G19980.1_5077	sp|Q9ZNS4|PRB1_ARATH	36.994	173	99	4.11e-27	100
AT2G19980.1_5077	sp|Q04108|PR04_SOLLC	39.521	167	93	1.95e-26	98.9
AT2G19980.1_5077	sp|P04284|PR06_SOLLC	38.922	167	93	4.98e-25	95.3
AT2G19980.1_5077	sp|Q08697|PR1A_SOLLC	47.222	108	64	7.36e-24	92.5
AT2G16200.1_3744	sp|Q0WW26|COPG_ARATH	75.362	69	99	2.09e-30	114
AT2G16200.1_3744	sp|Q6Z382|COPG2_ORYSJ	63.768	69	99	2.06e-26	102
AT2G16200.1_3744	sp|Q8H852|COPG1_ORYSJ	62.319	69	99	8.29e-19	81.2
AT4G29033.1_47732	sp|Q2V3D7|DEF31_ARATH	100.000	81	99	1.18e-54	166
AT4G29033.1_47732	sp|Q2V4I8|DEF32_ARATH	43.902	82	95	3.62e-13	60.7
AT4G29033.1_47732	sp|Q2V3S0|DEF30_ARATH	46.154	65	73	2.24e-11	56.2
AT4G29033.1_47732	sp|Q2V3R9|DEF29_ARATH	38.750	80	89	1.78e-10	53.9
AT4G05630.1_38609	sp|Q9M0U1|Y4563_ARATH	100.000	124	99	6.73e-91	261
AT4G05630.1_38609	sp|B3H469|Y4261_ARATH	74.380	121	97	1.56e-64	194
AT4G05630.1_38609	sp|Q9XIK5|Y1045_ARATH	28.696	115	92	3.06e-06	45.5
AT4G00020.5_36380	sp|Q7Y1C5|BRC2A_ARATH	99.388	1143	99	0.0	2349
AT4G00020.5_36380	sp|Q7Y1C4|BRC2B_ARATH	94.185	1135	98	0.0	2223
AT4G00020.5_36380	sp|P97929|BRCA2_MOUSE	31.393	481	39	2.73e-50	196
AT4G00020.5_36380	sp|Q864S8|BRCA2_FELCA	30.339	501	41	2.33e-49	194
AT4G00020.5_36380	sp|O35923|BRCA2_RAT	30.353	481	39	2.27e-48	190
AT5G43770.1_65854	sp|A8AUS0|SSPA_STRGC	30.769	130	63	6.93e-07	50.8
AT5G43770.1_65854	sp|O94854|K0754_HUMAN	30.233	129	68	7.67e-06	48.0
AT1G36627.1_88263	sp|P51568|AFC3_ARATH	70.370	54	96	6.56e-19	79.8
AT5G18407.1_58493	sp|Q2V369|DF223_ARATH	83.908	87	99	1.49e-42	135
AT5G18407.1_58493	sp|Q2V3K7|DF211_ARATH	36.782	87	99	4.11e-07	45.2
AT5G18407.1_58493	sp|Q2V3K2|DF209_ARATH	32.955	88	89	1.33e-06	44.1
AT5G18407.1_58493	sp|Q2V370|DF218_ARATH	37.209	86	99	4.25e-06	42.7
AT1G59833.1_93513	sp|Q2V4G1|DEF63_ARATH	100.000	84	99	5.98e-58	174
AT1G59833.1_93513	sp|Q2V485|DEF62_ARATH	47.561	82	96	9.51e-16	67.4
AT1G59833.1_93513	sp|Q2V366|DEF49_ARATH	30.952	84	98	3.94e-09	50.5
AT1G59833.1_93513	sp|Q4VNZ8|DEF59_ARATH	32.836	67	79	8.02e-08	47.2
AT1G59833.1_93513	sp|Q4VNZ9|DEF58_ARATH	29.851	67	79	3.51e-06	42.9
AT5G48515.1_67737	sp|Q2V306|DF221_ARATH	100.000	91	99	1.49e-62	186
AT5G48515.1_67737	sp|Q2V304|DF220_ARATH	79.121	91	99	1.42e-47	149
AT5G48515.1_67737	sp|Q2V305|DF219_ARATH	75.510	98	99	8.41e-46	144
AT5G48515.1_67737	sp|Q2V3K4|DF210_ARATH	37.634	93	98	1.66e-12	59.5
AT5G48515.1_67737	sp|Q2V300|DF222_ARATH	36.559	93	93	1.68e-12	59.8
AT1G01020.5_75111	sp|Q5MK24|ARV1_ARATH	100.000	198	99	3.31e-132	372
AT1G01020.5_75111	sp|Q5MK23|ARV2_ARATH	63.030	165	83	8.53e-60	186
AT1G01020.5_75111	sp|Q54GD9|ARV1_DICDI	24.064	187	87	2.36e-10	59.3
AT1G36000.1_88129	sp|Q9C8V8|LBD5_ARATH	100.000	122	99	2.09e-89	257
AT1G36000.1_88129	sp|Q9ZUP0|LBD8_ARATH	88.235	102	83	1.18e-67	201
AT1G36000.1_88129	sp|O82198|LBD9_ARATH	57.732	97	78	7.74e-39	128
AT1G36000.1_88129	sp|Q9SHE9|LBD4_ARATH	29.670	91	74	1.54e-13	64.6
AT1G36000.1_88129	sp|Q9LRW1|LBD22_ARATH	31.395	86	70	5.87e-13	64.6
AT2G10450.1_2519	sp|P42644|14333_ARATH	78.261	46	55	6.17e-19	79.0
AT2G10450.1_2519	sp|Q6ZKC0|14333_ORYSJ	60.000	55	66	7.71e-17	73.3
AT2G10450.1_2519	sp|P29308|1433_SPIOL	67.347	49	59	4.16e-16	70.8
AT2G10450.1_2519	sp|O49995|1433B_TOBAC	71.111	45	54	7.55e-16	70.8
AT2G10450.1_2519	sp|Q84J55|14331_ORYSJ	67.391	46	55	1.11e-15	70.5
AT1G48190.1_89649	sp|Q9SVA0|FK101_ARATH	40.288	139	82	1.67e-17	78.1
AT1G48190.1_89649	sp|Q1PE10|FK102_ARATH	39.583	144	82	4.82e-15	71.6
AT1G48190.1_89649	sp|Q9SY96|FBK25_ARATH	35.811	148	82	1.75e-12	64.6
AT1G48190.1_89649	sp|Q9SVA3|FBK98_ARATH	32.143	140	82	1.93e-12	64.6
AT2G23142.1_6367	sp|B3H6H8|SPH10_ARATH	100.000	147	99	4.09e-110	311
AT2G23142.1_6367	sp|B3H4B5|SPH11_ARATH	70.922	141	94	5.42e-67	201
AT2G23142.1_6367	sp|Q9FF19|SPH9_ARATH	66.912	136	91	2.57e-57	176
AT2G23142.1_6367	sp|B3H453|SPH8_ARATH	59.701	134	91	2.87e-54	168
AT2G23142.1_6367	sp|B3H5E1|SPH7_ARATH	32.847	137	91	9.40e-17	73.0
AT3G08520.1_19324	sp|P62121|RS32_TOBAC	100.000	25	96	1.46e-06	41.3
AT3G08520.1_19324	sp|P62123|RS32_PEA	100.000	25	96	1.46e-06	41.3
AT3G08520.1_19324	sp|P62125|RS32_ORYSJ	100.000	25	96	1.46e-06	41.3
AT3G08520.1_19324	sp|P62124|RS32_HORVU	100.000	25	96	1.46e-06	41.3
AT3G08520.1_19324	sp|P62122|RS32_GOSHI	100.000	25	96	1.46e-06	41.3
AT3G30720.2_27957	sp|Q3E7K4|QQS_ARATH	98.305	59	98	1.13e-36	119
AT2G37910.1_12043	sp|Q9SS94|CD48C_ARATH	32.692	208	63	3.94e-06	49.7
AT2G40205.1_12981	sp|P62121|RS32_TOBAC	100.000	25	96	1.46e-06	41.3
AT2G40205.1_12981	sp|P62123|RS32_PEA	100.000	25	96	1.46e-06	41.3
AT2G40205.1_12981	sp|P62125|RS32_ORYSJ	100.000	25	96	1.46e-06	41.3
AT2G40205.1_12981	sp|P62124|RS32_HORVU	100.000	25	96	1.46e-06	41.3
AT2G40205.1_12981	sp|P62122|RS32_GOSHI	100.000	25	96	1.46e-06	41.3
AT3G16960.1_22785	sp|F4JLQ5|SPH2_ARATH	31.081	148	90	5.78e-09	52.5
AT2G16490.1_3828	sp|F4JH53|FDM2_ARATH	57.895	76	42	1.75e-23	97.8
AT2G16490.1_3828	sp|Q9S9P3|FDM1_ARATH	60.000	75	42	8.96e-18	81.8
AT2G16490.1_3828	sp|Q9SAI1|FDM5_ARATH	48.485	66	37	4.35e-16	77.0
AT2G16490.1_3828	sp|Q9LMH6|FDM4_ARATH	42.188	64	36	2.20e-08	55.0
AT2G16490.1_3828	sp|Q9LHB1|FDM3_ARATH	35.385	65	36	2.58e-08	54.8
AT4G32208.1_48945	sp|Q9LDZ0|HSP7J_ARATH	95.495	111	72	5.11e-51	171
AT4G32208.1_48945	sp|Q01899|HSP7M_PHAVU	77.477	111	72	1.48e-40	143
AT4G32208.1_48945	sp|P37900|HSP7M_PEA	68.519	108	70	8.59e-37	133
AT4G32208.1_48945	sp|Q8GUM2|HSP7I_ARATH	63.551	107	68	5.41e-34	126
AT4G32208.1_48945	sp|Q08276|HSP7M_SOLTU	66.667	93	60	1.29e-26	105
AT2G41415.1_13474	sp|Q1G3R6|ESFL4_ARATH	100.000	74	99	6.04e-50	154
AT2G41415.1_13474	sp|A8MSA6|ESF11_ARATH	50.667	75	93	5.57e-20	77.8
AT2G41415.1_13474	sp|A8MQA5|ESF13_ARATH	44.000	75	87	7.19e-14	62.4
AT2G41415.1_13474	sp|A8MRI0|ESFL3_ARATH	36.986	73	87	2.20e-07	46.0
AT2G41415.1_13474	sp|P0DKH1|ESFL2_ARATH	35.714	70	84	2.00e-06	43.5
AT2G06500.1_1919	sp|Q5SVZ6|ZMYM1_HUMAN	27.706	231	39	5.49e-13	75.0
AT3G04735.1_17892	sp|A8MRF9|RLF21_ARATH	100.000	105	99	5.02e-75	219
AT3G04735.1_17892	sp|Q9LDU1|RLF28_ARATH	53.846	91	82	1.26e-19	78.1
AT3G04735.1_17892	sp|A7REE5|RLF3_ARATH	46.154	91	72	1.23e-15	68.0
AT3G04735.1_17892	sp|A8MQ92|RLF2_ARATH	37.662	77	67	3.45e-08	49.1
AT3G04735.1_17892	sp|A8MQI8|RLF5_ARATH	39.241	79	74	6.28e-08	48.3
AT4G26483.1_46700	sp|Q9XGI7|NAS_SOLLC	63.636	55	65	1.88e-16	73.3
AT4G26483.1_46700	sp|Q9FKT9|NAS2_ARATH	72.727	55	65	7.34e-15	69.1
AT4G26483.1_46700	sp|Q9C7X5|NAS4_ARATH	61.404	57	67	2.39e-13	65.2
AT4G26483.1_46700	sp|O80483|NAS3_ARATH	62.963	54	64	9.80e-13	63.5
AT4G26483.1_46700	sp|Q9FF79|NAS1_ARATH	65.455	55	65	5.89e-12	61.2
AT2G19850.2_5017	sp|P0DKG3|OFP9_ARATH	97.101	138	90	3.44e-91	270
AT2G19850.2_5017	sp|P0DKG2|Y3473_ARATH	95.714	140	91	7.58e-90	266
AT5G44565.2_66208	sp|Q3E8H4|SCOP1_ARATH	100.000	70	85	2.56e-34	114
AT5G44565.2_66208	sp|Q9LU08|SOP10_ARATH	41.270	63	77	1.14e-07	46.9
AT5G44565.2_66208	sp|A8MRU6|SOP11_ARATH	64.865	37	45	1.29e-06	44.4
AT1G77830.1_100093	sp|Q940T5|RDUF2_ARATH	38.710	62	33	6.00e-06	48.0
AT2G25344.1_7191	sp|P82729|DF137_ARATH	100.000	79	99	6.95e-54	164
AT2G25344.1_7191	sp|Q8S8H3|DF149_ARATH	51.852	81	99	1.01e-18	74.7
AT2G25344.1_7191	sp|P82719|DF148_ARATH	47.500	80	98	5.16e-18	73.0
AT2G25344.1_7191	sp|P82747|DF150_ARATH	42.857	84	98	3.68e-13	60.7
AT2G25344.1_7191	sp|P82723|DF128_ARATH	38.806	67	84	7.53e-09	49.7
AT1G67635.1_96463	sp|Q9SGW8|P4KG2_ARATH	28.155	103	91	4.47e-07	49.1
AT3G26860.2_26528	sp|Q9LW24|SPH23_ARATH	100.000	122	99	7.97e-90	258
AT3G26860.2_26528	sp|P0DN94|SPH17_ARATH	69.919	123	99	6.28e-60	182
AT3G26860.2_26528	sp|F2Q9V5|SPH16_ARATH	70.339	118	95	8.09e-58	177
AT3G26860.2_26528	sp|Q9LVX2|SPH31_ARATH	68.696	115	93	3.13e-52	162
AT3G26860.2_26528	sp|Q9LJ82|SPH32_ARATH	64.220	109	89	1.36e-47	150
AT5G39540.1_64329	sp|Q9C6J3|FB52_ARATH	88.750	80	40	2.06e-44	150
AT5G39540.1_64329	sp|Q9FZF8|FB44_ARATH	55.405	74	36	1.78e-16	77.5
AT5G39540.1_64329	sp|Q9SS35|FB137_ARATH	48.649	74	37	1.21e-11	64.0
AT5G39540.1_64329	sp|Q9FZF3|FB43_ARATH	48.649	74	37	1.28e-11	64.0
AT5G39540.1_64329	sp|Q9T0J4|FB249_ARATH	37.255	102	51	7.59e-10	59.3
AT3G43840.1_28927	sp|Q9SI62|PPRD2_ARATH	87.234	47	55	2.57e-24	94.4
AT3G43840.1_28927	sp|Q9CAH5|PPRD1_ARATH	82.979	47	55	2.74e-23	91.3
AT3G43840.1_28927	sp|Q7XUH5|PPRD1_ORYSJ	56.522	46	54	1.53e-13	65.7
AT3G43840.1_28927	sp|A2XWN6|PPRD1_ORYSI	56.522	46	54	1.53e-13	65.7
AT3G43840.1_28927	sp|Q7F0Q2|PPRD2_ORYSJ	42.308	78	86	2.57e-12	62.6
AT3G26250.1_26274	sp|Q6NQN8|VLG_ARATH	27.389	157	46	4.68e-09	59.3
AT3G26250.1_26274	sp|Q6NQN8|VLG_ARATH	30.189	159	46	1.15e-08	58.1
AT2G03913.1_1113	sp|Q2V4A8|DEF57_ARATH	100.000	73	99	2.30e-49	152
AT2G03913.1_1113	sp|Q2V2Q4|DEF55_ARATH	70.149	67	91	2.30e-29	101
AT2G03913.1_1113	sp|Q2V4A6|DEF56_ARATH	68.919	74	91	1.02e-28	100
AT2G03913.1_1113	sp|Q4VNZ9|DEF58_ARATH	64.706	68	92	2.14e-27	96.7
AT2G03913.1_1113	sp|Q2V4A5|DEF60_ARATH	64.179	67	91	3.34e-27	96.1
AT4G08876.1_39420	sp|F4JGR5|PFPB2_ARATH	80.488	41	64	9.54e-16	72.2
AT4G08876.1_39420	sp|Q8W4M5|PFPB1_ARATH	57.500	40	63	2.10e-09	54.2
AT4G08876.1_39420	sp|Q41141|PFPB_RICCO	53.659	41	64	2.59e-06	45.2
AT2G21465.1_5726	sp|Q2V472|DF291_ARATH	100.000	80	99	1.10e-53	163
AT2G21465.1_5726	sp|Q2V4I2|DF289_ARATH	44.660	103	99	6.14e-17	70.8
AT2G21465.1_5726	sp|P0CAY7|DF290_ARATH	42.718	103	99	9.11e-16	67.7
AT2G13542.1_3030	sp|Q2V485|DEF62_ARATH	100.000	76	99	2.85e-51	157
AT2G13542.1_3030	sp|Q2V4G1|DEF63_ARATH	47.561	82	94	8.61e-16	67.4
AT2G13542.1_3030	sp|Q2V337|DF101_ARATH	38.272	81	92	1.27e-10	54.2
AT2G13542.1_3030	sp|Q4VNZ9|DEF58_ARATH	34.848	66	74	1.48e-07	46.3
AT2G13542.1_3030	sp|Q4VNZ8|DEF59_ARATH	33.333	66	74	2.90e-07	45.5
AT1G77880.3_100113	sp|Q9SH13|FB90_ARATH	97.143	70	99	3.85e-41	132
AT1G77880.3_100113	sp|Q9T0E2|FK124_ARATH	80.000	50	70	2.45e-21	86.6
AT1G77880.3_100113	sp|Q9SUR8|FBK88_ARATH	86.667	45	63	2.76e-19	80.9
AT1G77880.3_100113	sp|Q9M2B5|FBK72_ARATH	58.824	68	92	5.84e-19	80.1
AT1G77880.3_100113	sp|Q9SVA3|FBK98_ARATH	59.091	66	93	2.53e-18	78.7
ATCG00580.1_16278	sp|Q0ZJ03|PSBE_VITVI	100.000	83	99	7.22e-56	169
ATCG00580.1_16278	sp|P69384|PSBE_TOBAC	100.000	83	99	7.22e-56	169
ATCG00580.1_16278	sp|Q2VEG1|PSBE_SOLTU	100.000	83	99	7.22e-56	169
ATCG00580.1_16278	sp|Q2MI83|PSBE_SOLLC	100.000	83	99	7.22e-56	169
ATCG00580.1_16278	sp|Q2MIH0|PSBE_SOLBU	100.000	83	99	7.22e-56	169
AT2G04425.1_1321	sp|P82791|DEF86_ARATH	100.000	101	99	5.28e-70	206
AT2G04425.1_1321	sp|Q2V4G6|DEF81_ARATH	37.778	90	88	6.82e-12	58.1
AT2G04425.1_1321	sp|P82761|DEF83_ARATH	40.476	84	80	8.94e-09	50.3
AT2G04425.1_1321	sp|Q2V2Y3|DEF84_ARATH	36.559	93	86	2.59e-07	46.6
AT3G57310.1_33950	sp|Q43681|NLTP_VIGUN	47.222	72	69	2.62e-18	75.0
AT3G57310.1_33950	sp|A2XBN5|NLTPX_ORYSI	41.791	67	64	2.26e-14	64.9
AT3G57310.1_33950	sp|P20145|NLTP2_HORVU	45.455	66	63	7.90e-14	63.5
AT3G57310.1_33950	sp|P82900|NLT2G_WHEAT	40.909	66	63	8.08e-14	63.5
AT3G57310.1_33950	sp|Q10ST8|NLTPX_ORYSJ	43.548	62	60	9.39e-14	63.2
AT4G08263.1_39192	sp|O65270|STKLQ_ARATH	85.526	76	69	2.80e-40	136
AT4G08263.1_39192	sp|Q9LPF0|STKLB_ARATH	43.421	76	69	2.81e-09	54.8
AT4G08263.1_39192	sp|Q8LG05|STKLM_ARATH	35.802	81	74	6.04e-08	51.4
AT4G08263.1_39192	sp|O23077|STKLN_ARATH	33.333	75	68	2.93e-07	49.4
AT4G08263.1_39192	sp|Q9C517|STKLE_ARATH	43.750	64	56	1.89e-06	46.9
AT2G06541.2_1935	sp|Q5SVZ6|ZMYM1_HUMAN	28.399	331	57	1.03e-28	122
AT2G06541.2_1935	sp|Q9CUX1|P52K_MOUSE	24.889	225	38	3.16e-06	53.4
AT2G06541.2_1935	sp|O43422|P52K_HUMAN	24.779	226	38	4.79e-06	52.8
AT5G43518.1_65753	sp|P0CAY6|LUR14_ARATH	100.000	90	99	2.71e-60	181
AT5G43518.1_65753	sp|Q4VP07|LUR16_ARATH	95.604	91	99	1.85e-55	168
AT5G43518.1_65753	sp|Q4VP08|LUR12_ARATH	93.333	90	99	2.52e-55	168
AT5G43518.1_65753	sp|Q4VP10|LUR13_ARATH	93.407	91	99	3.74e-54	165
AT5G43518.1_65753	sp|A8MRC6|LUR15_ARATH	90.000	90	99	5.21e-53	162
AT1G43310.1_88794	sp|Q8RXN3|PPT1_ARATH	93.478	46	93	2.12e-21	87.7
AT1G43310.1_88794	sp|Q8RXN3|PPT1_ARATH	83.333	42	93	5.90e-14	67.7
AT1G43310.1_88794	sp|P52178|TPT2_BRAOB	80.000	45	48	5.65e-18	78.4
AT1G43310.1_88794	sp|Q69VR7|PPT1_ORYSJ	73.333	45	48	9.27e-15	70.0
AT1G43310.1_88794	sp|Q84QU8|PPT2_ORYSJ	68.889	45	48	6.26e-13	64.9
AT1G43310.1_88794	sp|Q5VQL3|PPT3_ORYSJ	68.889	45	48	1.24e-12	64.0
AT5G44973.1_66355	sp|Q2V315|DF285_ARATH	100.000	102	99	2.12e-71	210
AT2G18320.1_4548	sp|Q9LT21|FB165_ARATH	62.069	58	54	2.93e-15	71.6
AT2G18320.1_4548	sp|Q9FVQ9|FB29_ARATH	48.148	81	64	1.09e-12	64.9
AT2G18320.1_4548	sp|Q9LJZ8|FB167_ARATH	56.250	64	53	1.74e-10	58.4
AT2G18320.1_4548	sp|Q4PSN8|FB166_ARATH	50.667	75	58	2.80e-09	55.0
AT2G18320.1_4548	sp|Q9LID1|FBK54_ARATH	46.479	71	54	4.35e-08	51.7
AT5G48953.1_67947	sp|P82795|DEF76_ARATH	100.000	85	99	2.25e-59	178
AT5G48953.1_67947	sp|P82760|DEF75_ARATH	36.486	74	86	2.54e-08	48.6
AT5G08505.1_55039	sp|Q2V390|DF109_ARATH	100.000	79	99	1.26e-53	163
AT5G08505.1_55039	sp|Q2V4N0|DF110_ARATH	43.210	81	95	4.44e-12	57.9
AT5G08505.1_55039	sp|Q2V4G3|DF117_ARATH	35.526	76	95	5.01e-09	50.0
AT5G08505.1_55039	sp|Q2V413|DF107_ARATH	38.750	80	95	7.87e-09	49.7
AT5G08505.1_55039	sp|P82765|DF111_ARATH	38.272	81	95	1.19e-07	46.6
AT3G12840.1_21020	sp|Q9LTV2|FBD8_ARATH	100.000	179	99	3.04e-130	364
AT3G12840.1_21020	sp|Q9FM88|FBD25_ARATH	41.026	117	85	1.93e-17	79.2
AT3G12840.1_21020	sp|Q9FM88|FBD25_ARATH	38.272	81	85	4.25e-08	53.6
AT3G12840.1_21020	sp|Q9FM87|FBD26_ARATH	38.806	134	88	6.66e-16	75.9
AT3G12840.1_21020	sp|Q9FM87|FBD26_ARATH	55.814	43	88	4.43e-08	53.9
AT3G12840.1_21020	sp|Q8LF09|FDL23_ARATH	41.860	86	45	3.11e-12	65.7
AT3G12840.1_21020	sp|Q9FF58|FBD30_ARATH	62.500	48	27	1.10e-11	63.8
AT3G43260.1_28731	sp|Q94JW0|DOHH_ARATH	43.548	62	23	1.48e-08	56.4
AT3G43260.1_28731	sp|Q2QLW3|DOHH2_ORYSJ	44.643	56	21	3.60e-06	49.7
AT5G44300.1_66099	sp|Q9FKV8|DRMH2_ARATH	100.000	114	99	7.25e-80	232
AT5G44300.1_66099	sp|P93017|DRMH1_ARATH	58.716	109	94	1.10e-40	132
AT5G44300.1_66099	sp|O22611|DRM1_PEA	55.752	113	97	1.32e-30	106
AT5G44300.1_66099	sp|Q05349|12KD_FRAAN	48.673	113	98	1.20e-28	102
AT5G44300.1_66099	sp|B9DGG8|DRM1_ARATH	46.032	126	98	1.96e-28	101
AT1G53935.1_91782	sp|O04608|STKLR_ARATH	52.381	63	38	6.45e-17	77.0
AT1G53935.1_91782	sp|Q9SB42|STKLS_ARATH	43.548	62	37	6.74e-09	55.6
AT5G44270.1_66076	sp|F4I2H7|TPX2_ARATH	62.903	124	63	4.89e-43	156
AT5G44270.1_66076	sp|F4I2H7|TPX2_ARATH	50.000	78	63	5.84e-09	59.5
AT5G44270.1_66076	sp|Q5XVC4|MDP60_ARATH	34.884	86	28	1.68e-11	66.6
AT2G06095.1_1856	sp|Q9M237|Y3353_ARATH	89.362	47	40	3.52e-18	80.9
AT4G01380.1_36939	sp|P80728|MAVI_CUCPE	40.000	100	46	1.43e-17	76.1
AT4G01380.1_36939	sp|Q9LJU1|ENL09_ARATH	41.237	97	46	4.09e-16	74.2
AT4G01380.1_36939	sp|O82081|UCC1_ARATH	35.897	117	55	1.55e-15	73.6
AT4G01380.1_36939	sp|P93328|NO16_MEDTR	40.625	96	45	7.73e-15	70.5
AT4G01380.1_36939	sp|Q8L6Z5|ENL10_ARATH	38.144	97	45	7.76e-14	67.7
AT3G27185.1_26670	sp|Q39072|CCB15_ARATH	81.538	65	64	9.46e-30	111
AT3G26860.1_26527	sp|Q9LW24|SPH23_ARATH	77.869	122	99	2.80e-59	179
AT3G26860.1_26527	sp|P0DN94|SPH17_ARATH	52.846	123	99	7.98e-35	117
AT3G26860.1_26527	sp|F2Q9V5|SPH16_ARATH	52.542	118	94	5.67e-32	110
AT3G26860.1_26527	sp|Q9LJ82|SPH32_ARATH	51.456	103	85	3.71e-29	102
AT3G26860.1_26527	sp|Q9LW23|SPH22_ARATH	49.541	109	91	1.14e-28	101
AT2G19820.1_5008	sp|O82198|LBD9_ARATH	100.000	124	99	7.85e-90	258
AT2G19820.1_5008	sp|Q9C8V8|LBD5_ARATH	57.143	98	78	3.79e-39	129
AT2G19820.1_5008	sp|Q9ZUP0|LBD8_ARATH	55.102	98	78	1.01e-37	125
AT2G19820.1_5008	sp|Q9LRW1|LBD22_ARATH	39.796	98	78	1.14e-20	84.9
AT2G19820.1_5008	sp|Q9SHE9|LBD4_ARATH	36.735	98	78	2.96e-19	79.5
AT4G08190.1_39171	sp|Q9FIF9|RAA2D_ARATH	90.323	62	46	6.68e-32	112
AT4G08190.1_39171	sp|Q96283|RAA2C_ARATH	87.097	62	46	2.18e-30	109
AT4G08190.1_39171	sp|Q9LNW1|RAA2B_ARATH	80.303	66	49	8.94e-30	107
AT4G08190.1_39171	sp|Q40193|RB11C_LOTJA	79.688	64	48	1.51e-29	106
AT4G08190.1_39171	sp|Q39434|RB2BV_BETVU	78.125	64	48	7.69e-29	105
AT1G02590.1_75761	sp|Q7G191|ALDO4_ARATH	87.500	56	62	1.25e-25	101
AT1G02590.1_75761	sp|Q7G9P4|ALDO3_ARATH	69.697	66	73	9.01e-19	81.8
AT1G02590.1_75761	sp|Q6Z351|ALDOL_ORYSJ	74.000	50	56	9.28e-19	81.8
AT1G02590.1_75761	sp|O23887|ALDO1_MAIZE	66.000	50	56	1.50e-17	78.4
AT1G02590.1_75761	sp|O23888|ALDO2_MAIZE	62.000	50	56	3.17e-17	77.3
AT4G31196.1_48534	sp|Q6AUV1|XDH_ORYSJ	68.421	38	70	8.53e-09	51.7
AT4G31196.1_48534	sp|Q8GUQ8|XDH1_ARATH	79.412	34	62	1.38e-08	51.1
AT4G35783.1_50475	sp|Q6IM84|DVL17_ARATH	100.000	62	98	2.63e-38	123
AT4G35783.1_50475	sp|Q8LE84|DVL18_ARATH	65.517	29	46	4.59e-09	50.8
AT4G35783.1_50475	sp|Q6IM86|DVL15_ARATH	58.621	29	46	1.93e-08	49.1
AT4G35783.1_50475	sp|Q6IM91|DVL10_ARATH	58.065	31	49	8.49e-08	46.0
AT4G35783.1_50475	sp|P0DO27|RTFL1_ORYSJ	45.161	62	97	1.04e-07	46.3
AT1G08985.1_78497	sp|Q8GWU1|Y1898_ARATH	100.000	101	99	2.01e-72	212
AT1G08985.1_78497	sp|Q9SJ07|Y2192_ARATH	35.514	107	96	9.29e-13	63.5
AT1G08985.1_78497	sp|Q3E7N5|Y5406_ARATH	29.907	107	96	1.44e-08	50.5
AT1G08985.1_78497	sp|Q1G3Z6|Y1317_ARATH	33.962	106	96	1.69e-08	50.0
AT1G08985.1_78497	sp|Q9XIK5|Y1045_ARATH	29.167	96	85	4.35e-08	49.7
AT5G36001.1_63131	sp|P0CH01|AT21A_ARATH	44.709	378	98	3.34e-73	228
AT5G36001.1_63131	sp|P0CH02|AT21B_ARATH	38.968	349	89	5.98e-58	188
AT5G36001.1_63131	sp|P0CH03|AT21C_ARATH	37.798	336	85	2.93e-51	171
AT5G36001.1_63131	sp|Q9SKK8|ATL22_ARATH	47.619	231	82	1.85e-50	169
AT5G36001.1_63131	sp|Q9SKK8|ATL22_ARATH	79.245	53	82	4.49e-24	100
AT5G36001.1_63131	sp|Q9C7E9|ATL20_ARATH	36.242	298	73	1.25e-42	147
AT3G28680.1_27270	sp|P42785|PCP_HUMAN	32.749	171	78	2.62e-22	94.4
AT3G28680.1_27270	sp|Q2TA14|PCP_BOVIN	40.541	111	54	6.54e-22	93.3
AT3G28680.1_27270	sp|Q5RBU7|PCP_PONAB	32.164	171	78	3.66e-21	91.3
AT3G28680.1_27270	sp|Q7TMR0|PCP_MOUSE	35.455	110	54	8.93e-18	81.8
AT3G28680.1_27270	sp|P34676|PCP5_CAEEL	36.364	110	51	1.31e-11	64.6
AT3G49440.1_30980	sp|Q5BPS3|DOR_ARATH	40.415	193	94	5.61e-36	129
AT3G49440.1_30980	sp|Q9FHP3|FB300_ARATH	38.378	185	91	3.46e-35	127
AT3G49440.1_30980	sp|Q9ZUN0|FB113_ARATH	38.378	185	91	1.46e-32	118
AT3G49440.1_30980	sp|Q9M2D0|FB214_ARATH	39.227	181	85	6.08e-31	116
AT3G49440.1_30980	sp|Q0WQM8|FB58_ARATH	39.560	182	88	7.87e-31	116
AT3G25550.1_25966	sp|Q9LSU8|FB326_ARATH	100.000	179	99	1.27e-132	370
AT3G25550.1_25966	sp|Q9ZPS1|FB94_ARATH	37.000	200	87	7.45e-21	88.0
AT3G25550.1_25966	sp|O80777|FB126_ARATH	32.099	162	77	5.62e-16	75.6
AT3G25550.1_25966	sp|Q7X7A9|FB4_ARATH	28.070	171	84	2.09e-12	65.2
AT3G25550.1_25966	sp|Q9SAF4|FBK3_ARATH	33.793	145	64	2.22e-09	57.6
AT4G03945.1_37991	sp|Q9LNF2|PMEI1_ARATH	29.747	158	81	5.82e-13	65.2
AT4G03945.1_37991	sp|P83326|PMEI_ACTDE	24.845	161	82	1.69e-08	53.4
AT4G03945.1_37991	sp|A9YUH4|PLAO1_PLAOI	23.077	156	77	9.75e-06	45.8
AT3G61177.1_35429	sp|P82767|DF119_ARATH	100.000	75	99	1.59e-50	155
AT3G61177.1_35429	sp|P82766|DF118_ARATH	84.416	77	99	1.90e-42	135
AT3G61177.1_35429	sp|P82770|DF120_ARATH	65.333	75	96	3.01e-29	101
AT3G61177.1_35429	sp|P82769|DF121_ARATH	58.108	74	96	7.78e-27	95.3
AT3G61177.1_35429	sp|P82723|DF128_ARATH	44.737	76	99	1.68e-16	68.8
AT4G15953.1_42314	sp|A8MQA4|ESFL5_ARATH	100.000	107	99	1.10e-74	218
AT4G15953.1_42314	sp|A8MR88|ESFL8_ARATH	35.526	76	66	3.93e-08	48.6
AT4G15953.1_42314	sp|A8MRI0|ESFL3_ARATH	44.068	59	46	1.03e-07	47.7
AT4G15953.1_42314	sp|A8MRV5|ESFLB_ARATH	37.805	82	68	6.06e-07	45.8
AT1G34015.1_87541	sp|P22552|SLSG1_BRAOA	40.541	74	72	4.26e-14	70.5
AT1G34015.1_87541	sp|P22552|SLSG1_BRAOA	47.917	48	72	1.65e-07	51.9
AT1G34015.1_87541	sp|P22551|SLSG0_BRAOA	40.541	74	72	4.79e-14	70.5
AT1G34015.1_87541	sp|P22551|SLSG0_BRAOA	47.917	48	72	1.66e-07	51.9
AT1G34015.1_87541	sp|O81905|SD18_ARATH	43.243	74	72	3.77e-13	68.3
AT1G34015.1_87541	sp|O81905|SD18_ARATH	50.000	48	72	3.89e-08	53.9
AT1G34015.1_87541	sp|P07761|SLSG6_BRAOL	35.632	87	80	2.44e-12	65.7
AT1G34015.1_87541	sp|P07761|SLSG6_BRAOL	42.857	49	80	1.56e-06	49.1
AT1G34015.1_87541	sp|Q09092|SRK6_BRAOV	33.333	87	80	5.99e-12	64.9
AT1G34015.1_87541	sp|Q09092|SRK6_BRAOV	40.816	49	80	3.13e-06	48.6
AT5G43570.2_65772	sp|P24076|BGIA_MOMCH	48.333	60	53	4.79e-12	58.7
AT5G43570.2_65772	sp|P82381|ICI_LINUS	43.333	60	53	7.57e-12	58.1
AT5G43570.2_65772	sp|P19873|ITH5_CUCMA	45.000	60	53	1.21e-09	52.5
AT5G43570.2_65772	sp|P86971|ITI_FAGTA	45.455	66	53	3.01e-09	51.7
AT5G43570.2_65772	sp|Q6XNP7|HPI_HEVBR	37.705	61	54	2.33e-06	44.1
AT4G01640.1_37060	sp|O80777|FB126_ARATH	93.878	294	95	0.0	567
AT4G01640.1_37060	sp|Q9LX89|FB255_ARATH	60.204	294	94	5.54e-101	300
AT4G01640.1_37060	sp|O04488|FBLK1_ARATH	47.945	292	93	3.25e-72	225
AT4G01640.1_37060	sp|Q7X7A9|FB4_ARATH	53.695	203	65	2.72e-63	200
AT4G01640.1_37060	sp|Q9M9T0|FB8_ARATH	42.935	184	58	2.28e-34	125
AT1G02210.1_75641	sp|O81913|NAC4_ARATH	45.882	85	91	1.19e-14	69.1
AT1G02210.1_75641	sp|O81914|NAC5_ARATH	46.512	86	92	2.10e-14	68.3
AT1G02210.1_75641	sp|A8MQY1|NAC68_ARATH	41.772	79	84	1.20e-07	50.0
AT1G02210.1_75641	sp|Q0WV96|NAC1_ARATH	36.667	90	95	1.56e-07	49.7
AT1G02210.1_75641	sp|Q9SQL0|JA2_SOLLC	37.838	74	78	1.41e-06	46.9
AT2G10535.1_2532	sp|P82744|DF131_ARATH	100.000	83	99	1.62e-56	171
AT2G10535.1_2532	sp|P82728|DF129_ARATH	37.209	86	99	1.36e-13	61.8
AT2G10535.1_2532	sp|P82766|DF118_ARATH	35.294	85	99	2.77e-09	50.8
AT2G10535.1_2532	sp|P82767|DF119_ARATH	36.471	85	99	7.18e-09	49.7
AT2G10535.1_2532	sp|P82743|DF130_ARATH	29.070	86	99	1.39e-08	49.1
AT5G54067.1_69832	sp|Q3E7N5|Y5406_ARATH	100.000	126	99	1.47e-88	255
AT5G54067.1_69832	sp|Q9SX41|Y1022_ARATH	72.656	128	99	1.16e-57	178
AT5G54067.1_69832	sp|Q1G3Z6|Y1317_ARATH	75.893	112	87	1.04e-53	166
AT5G54067.1_69832	sp|Q9SJ07|Y2192_ARATH	46.610	118	91	9.13e-30	108
AT5G54067.1_69832	sp|Q9XIK5|Y1045_ARATH	35.294	119	87	2.73e-09	53.4
AT2G03580.1_982	sp|Q9FF30|FB267_ARATH	55.856	111	65	2.42e-26	102
AT2G03580.1_982	sp|Q9ZPS0|FBX7_ARATH	55.238	105	58	1.86e-25	100
AT2G03580.1_982	sp|Q9SJ78|FB98_ARATH	48.958	96	54	1.02e-15	73.9
AT2G03580.1_982	sp|O49316|FB122_ARATH	38.393	112	65	5.83e-12	63.5
AT2G03580.1_982	sp|O49315|FB123_ARATH	44.330	97	54	1.15e-10	60.1
AT3G30720.3_27958	sp|Q3E7K4|QQS_ARATH	98.305	59	98	1.13e-36	119
AT1G31772.2_86800	sp|Q2V4J8|DF316_ARATH	94.667	75	68	2.33e-47	149
AT2G13950.1_3121	sp|Q6NQN8|VLG_ARATH	28.824	170	58	1.86e-09	60.4
AT2G13950.1_3121	sp|Q6NQN8|VLG_ARATH	31.034	145	58	2.95e-06	51.1
AT5G64687.1_73864	sp|Q39219|AOX1A_ARATH	62.963	54	87	3.71e-09	53.1
AT2G34123.1_10613	sp|Q2V433|DEF52_ARATH	100.000	81	99	3.39e-55	167
AT2G34123.1_10613	sp|P0CAY2|DEF53_ARATH	78.947	38	46	3.77e-18	73.0
AT2G34123.1_10613	sp|Q2V4A6|DEF56_ARATH	43.284	67	68	9.99e-09	49.4
AT2G34123.1_10613	sp|Q2V4A8|DEF57_ARATH	44.444	63	71	9.76e-08	46.9
AT2G34123.1_10613	sp|P82764|DEF50_ARATH	41.667	60	67	1.39e-07	46.6
AT5G63625.1_73465	sp|Q39219|AOX1A_ARATH	84.848	33	26	1.49e-11	61.8
AT4G00280.1_36475	sp|O64556|Y2923_ARATH	75.862	29	40	2.11e-10	57.3
AT4G00280.1_36475	sp|O65924|Y2921_ARATH	49.123	57	79	4.08e-09	53.6
AT4G00280.1_36475	sp|O64483|SIRK_ARATH	65.517	29	40	2.88e-07	48.3
ATCG01300.1_16391	sp|P61846|RK23_SINAL	100.000	93	99	1.34e-65	194
ATCG01300.1_16391	sp|P61845|RK23_ARATH	100.000	93	99	1.34e-65	194
ATCG01300.1_16391	sp|A0A378|RK23_COFAR	96.774	93	99	1.28e-63	189
ATCG01300.1_16391	sp|P06391|RK23_TOBAC	95.699	93	99	5.36e-63	188
ATCG01300.1_16391	sp|Q2VED8|RK23_SOLTU	95.699	93	99	5.36e-63	188
AT1G32010.1_86896	sp|F4JTJ9|ASY2_ARATH	31.138	167	20	5.85e-16	86.0
AT1G32010.1_86896	sp|Q9LEX8|Y3093_ARATH	27.027	148	18	8.83e-14	78.4
AT2G07565.1_2121	sp|P93296|M370_ARATH	86.325	117	45	8.86e-66	203
AT2G07565.1_2121	sp|A4QLZ3|TI214_NASOF	87.069	116	94	6.90e-64	217
AT2G07565.1_2121	sp|A4QLZ3|TI214_NASOF	75.912	137	94	6.97e-57	197
AT2G07565.1_2121	sp|A4QJZ0|TI214_OLIPU	87.069	116	94	9.58e-64	216
AT2G07565.1_2121	sp|A4QJZ0|TI214_OLIPU	76.642	137	94	4.36e-58	200
AT2G07565.1_2121	sp|A4QJH4|TI214_AETCO	87.069	116	97	1.02e-63	216
AT2G07565.1_2121	sp|A4QJH4|TI214_AETCO	66.667	147	97	8.51e-51	179
AT2G07565.1_2121	sp|A4QKG5|TI214_BARVE	87.069	116	97	1.09e-63	216
AT2G07565.1_2121	sp|A4QKG5|TI214_BARVE	72.917	144	97	2.35e-56	195
AT2G03937.2_1128	sp|Q4VNZ9|DEF58_ARATH	100.000	61	98	5.45e-39	125
AT2G03937.2_1128	sp|Q4VNZ8|DEF59_ARATH	86.667	60	97	1.83e-31	106
AT2G03937.2_1128	sp|Q2V4A5|DEF60_ARATH	66.667	60	97	3.14e-26	93.3
AT2G03937.2_1128	sp|Q2V4A8|DEF57_ARATH	70.492	61	98	6.56e-26	92.5
AT2G03937.2_1128	sp|Q2V2Q4|DEF55_ARATH	66.667	60	97	1.74e-24	88.8
AT5G46873.1_67117	sp|Q2V311|DF303_ARATH	100.000	71	99	1.14e-46	145
AT5G46873.1_67117	sp|Q2V309|DF304_ARATH	61.111	72	99	8.04e-26	92.7
AT1G44478.1_89013	sp|Q6Q151|CYP59_ARATH	69.444	36	68	7.96e-11	62.1
AT1G44478.1_89013	sp|Q6Q151|CYP59_ARATH	37.857	140	68	1.86e-10	61.2
AT5G02670.1_52765	sp|Q56XM9|PAPS3_ARATH	48.780	123	56	3.03e-20	92.7
AT5G02670.1_52765	sp|Q56XM9|PAPS3_ARATH	67.742	62	56	1.04e-17	85.4
AT5G02670.1_52765	sp|Q56XM9|PAPS3_ARATH	66.667	57	56	5.46e-14	74.7
AT2G41473.1_13524	sp|Q9LUP8|FB153_ARATH	47.170	53	58	8.18e-09	53.4
AT2G41473.1_13524	sp|Q9LUM6|FB157_ARATH	43.396	53	58	2.93e-08	51.7
AT2G41473.1_13524	sp|O04591|FBK26_ARATH	45.283	53	58	2.96e-08	51.7
AT2G41473.1_13524	sp|Q9M1A7|FBK75_ARATH	44.444	54	59	1.01e-07	50.3
AT2G41473.1_13524	sp|Q9S9V1|FBX15_ARATH	42.000	50	54	1.52e-07	49.7
AT2G25185.1_7123	sp|Q2V459|DF298_ARATH	100.000	102	99	4.79e-68	201
AT2G25185.1_7123	sp|Q2V4I2|DF289_ARATH	38.462	104	98	1.39e-15	68.0
AT2G25185.1_7123	sp|Q4VNZ5|DF296_ARATH	33.333	108	95	6.90e-13	61.2
AT2G25185.1_7123	sp|P0CAY7|DF290_ARATH	37.500	104	98	1.75e-11	57.6
AT2G25185.1_7123	sp|Q4VNZ6|DF295_ARATH	30.909	110	95	8.37e-11	55.9
AT1G43330.1_88799	sp|Q9SPN3|MB3R2_ARATH	90.698	43	67	2.12e-21	88.8
AT1G43330.1_88799	sp|Q9SPN3|MB3R2_ARATH	55.844	77	67	2.73e-17	77.8
AT1G43330.1_88799	sp|P52550|MYBA_CHICK	60.976	41	34	8.36e-11	60.1
AT1G43330.1_88799	sp|P34127|MYBA_DICDI	63.158	38	32	8.14e-10	57.3
AT1G43330.1_88799	sp|P06876|MYB_MOUSE	44.286	70	59	9.05e-10	57.0
AT1G43330.1_88799	sp|P10242|MYB_HUMAN	44.286	70	59	9.06e-10	57.0
AT3G43950.1_28971	sp|Q9SGW8|P4KG2_ARATH	34.043	141	60	2.14e-12	67.4
AT3G43950.1_28971	sp|Q9ZPY9|P4KG4_ARATH	32.593	135	60	1.71e-10	61.8
AT3G43950.1_28971	sp|Q6K881|P4KG4_ORYSJ	32.593	135	60	4.52e-10	60.7
AT3G43950.1_28971	sp|Q9FNF8|P4KG3_ARATH	30.714	140	59	5.54e-10	60.4
AT3G56020.1_33439	sp|P62121|RS32_TOBAC	100.000	25	96	1.46e-06	41.3
AT3G56020.1_33439	sp|P62123|RS32_PEA	100.000	25	96	1.46e-06	41.3
AT3G56020.1_33439	sp|P62125|RS32_ORYSJ	100.000	25	96	1.46e-06	41.3
AT3G56020.1_33439	sp|P62124|RS32_HORVU	100.000	25	96	1.46e-06	41.3
AT3G56020.1_33439	sp|P62122|RS32_GOSHI	100.000	25	96	1.46e-06	41.3
AT5G15670.1_57535	sp|Q9LFV9|FB258_ARATH	100.000	214	99	1.80e-160	443
AT5G15670.1_57535	sp|Q9FYJ1|FB24_ARATH	45.417	240	97	2.97e-53	173
AT5G15670.1_57535	sp|Q9FZD6|FB306_ARATH	62.406	133	99	3.86e-53	173
AT5G15670.1_57535	sp|Q9FZD6|FB306_ARATH	56.790	81	99	1.77e-15	75.0
AT5G15670.1_57535	sp|Q9LFW0|FB257_ARATH	63.636	132	98	1.81e-52	173
AT5G15670.1_57535	sp|Q9LFW0|FB257_ARATH	74.444	90	98	3.53e-34	125
AT5G15670.1_57535	sp|Q9FZD5|FB307_ARATH	63.077	130	98	1.27e-46	157
AT5G15670.1_57535	sp|Q9FZD5|FB307_ARATH	55.172	87	98	2.41e-17	80.4
AT2G07835.1_2408	sp|P93297|M400_ARATH	75.510	49	38	6.69e-20	80.9
AT2G03936.1_1123	sp|Q2V4A6|DEF56_ARATH	100.000	81	99	1.10e-53	163
AT2G03936.1_1123	sp|Q2V2Q4|DEF55_ARATH	86.420	81	99	3.28e-43	137
AT2G03936.1_1123	sp|Q2V4A5|DEF60_ARATH	60.494	81	99	2.77e-29	101
AT2G03936.1_1123	sp|Q4VNZ9|DEF58_ARATH	60.494	81	99	6.84e-29	100
AT2G03936.1_1123	sp|Q2V4A8|DEF57_ARATH	68.919	74	90	1.13e-28	100
AT2G21850.1_5869	sp|Q6NQN8|VLG_ARATH	31.361	169	53	7.11e-10	62.4
AT2G21850.1_5869	sp|Q6NQN8|VLG_ARATH	34.483	116	53	2.66e-09	60.7
AT2G21850.1_5869	sp|Q6NQN8|VLG_ARATH	26.471	170	53	9.74e-08	56.2
AT2G21850.1_5869	sp|Q6NQN8|VLG_ARATH	26.882	93	53	1.04e-06	53.1
AT5G05650.1_53869	sp|Q66GR0|FLA17_ARATH	63.158	95	72	1.48e-29	111
AT5G05650.1_53869	sp|Q8RWC5|FLA16_ARATH	60.870	92	70	7.59e-27	103
AT5G05650.1_53869	sp|Q9FT45|FLA15_ARATH	60.870	92	70	9.61e-27	103
AT5G05650.1_53869	sp|Q93W32|FLA18_ARATH	61.111	90	68	4.45e-26	102
AT2G07656.1_2188	sp|P0C2F6|RNHX1_ARATH	38.824	85	30	8.30e-09	58.1
AT5G32670.1_62554	sp|O04292|ATBH9_ARATH	77.174	92	55	6.28e-31	120
AT5G32670.1_62554	sp|O04292|ATBH9_ARATH	91.892	37	55	1.47e-09	58.7
AT5G32670.1_62554	sp|O04291|ATB14_ARATH	75.000	80	55	3.98e-26	106
AT5G32670.1_62554	sp|O04291|ATB14_ARATH	72.973	37	55	6.52e-07	51.1
AT5G32670.1_62554	sp|Q9ZU11|ATB15_ARATH	64.286	84	44	6.41e-24	100
AT5G32670.1_62554	sp|Q6AST1|HOX32_ORYSJ	72.857	70	36	1.34e-23	99.2
AT5G32670.1_62554	sp|A2XK30|HOX32_ORYSI	72.857	70	36	1.34e-23	99.2
AT3G56390.1_33593	sp|Q9SHB5|WRK55_ARATH	55.000	60	76	6.97e-09	52.5
AT2G24692.1_6989	sp|Q9SVM0|Y3078_ARATH	100.000	64	91	1.02e-38	134
AT1G53970.2_91794	sp|Q9SYF0|GLIP2_ARATH	85.393	89	91	4.69e-46	151
AT1G53970.2_91794	sp|Q9FLN0|GLIP1_ARATH	81.609	87	89	1.03e-43	145
AT1G53970.2_91794	sp|Q9LJP1|GRIP4_ARATH	65.116	86	88	3.23e-37	129
AT1G53970.2_91794	sp|Q9SYF5|GLIP3_ARATH	67.816	87	89	1.01e-32	116
AT1G53970.2_91794	sp|H6U1I8|GLIP_TANCI	61.333	75	77	9.11e-26	98.9
AT2G22807.1_6227	sp|Q2V467|DF190_ARATH	100.000	93	99	2.33e-65	194
AT2G22807.1_6227	sp|Q2V468|DF189_ARATH	57.609	92	96	7.83e-27	96.1
AT2G22807.1_6227	sp|Q2V466|DF191_ARATH	41.379	87	93	5.69e-14	63.2
AT5G46440.1_66960	sp|Q9FHF9|PP419_ARATH	62.963	54	55	5.82e-12	62.4
AT1G63535.1_94944	sp|Q2V4F6|DF279_ARATH	100.000	60	98	4.46e-38	123
AT1G63535.1_94944	sp|Q2V4F7|DF278_ARATH	83.636	55	90	3.53e-27	95.6
AT2G17905.1_4391	sp|O04244|Y4200_ARATH	32.184	87	50	1.20e-07	51.9
AT2G35280.1_11063	sp|Q1PEW8|FB127_ARATH	100.000	163	99	4.93e-120	337
AT2G35280.1_11063	sp|Q9FXC7|FB79_ARATH	31.852	135	82	7.45e-11	60.4
AT1G76705.1_99671	sp|A0A1P8BH03|IQD12_ARATH	92.593	54	68	9.49e-30	111
AT1G76705.1_99671	sp|A0A1P8BH03|IQD12_ARATH	92.308	52	68	7.84e-27	103
AT5G27607.1_61698	sp|Q9LT08|PSDE_ARATH	89.744	39	32	3.62e-20	84.0
AT5G27607.1_61698	sp|O35593|PSDE_MOUSE	84.615	39	32	9.84e-19	80.4
AT5G27607.1_61698	sp|O00487|PSDE_HUMAN	84.615	39	32	9.84e-19	80.4
AT5G27607.1_61698	sp|O76577|PSDE_CAEEL	84.615	39	32	1.04e-18	80.4
AT5G27607.1_61698	sp|Q9V3H2|PSDE_DROME	84.615	39	32	1.13e-18	80.1
AT3G43940.1_28968	sp|P0C2F6|RNHX1_ARATH	54.762	42	21	3.59e-10	60.7
AT3G43410.1_28769	sp|Q9FYF4|FB77_ARATH	44.720	161	98	2.75e-31	115
AT3G43410.1_28769	sp|Q9LZY4|FB213_ARATH	36.601	153	93	5.05e-20	85.7
AT3G43410.1_28769	sp|Q9SAG4|FB93_ARATH	34.921	126	72	2.21e-06	47.4
AT5G38750.1_64085	sp|Q9SW96|SYNC1_ARATH	42.683	164	91	4.86e-24	97.8
AT5G38750.1_64085	sp|Q9SSK1|SYNC3_ARATH	40.994	161	91	4.63e-21	89.4
AT5G38750.1_64085	sp|Q9SW95|SYNC2_ARATH	39.759	83	60	1.81e-09	56.7
AT3G25265.1_25896	sp|P82719|DF148_ARATH	100.000	81	99	4.01e-55	167
AT3G25265.1_25896	sp|P82729|DF137_ARATH	47.500	80	98	5.29e-18	73.0
AT3G25265.1_25896	sp|P82747|DF150_ARATH	37.662	77	94	3.72e-16	68.5
AT3G25265.1_25896	sp|Q8S8H3|DF149_ARATH	43.210	81	98	3.11e-14	63.5
AT3G25265.1_25896	sp|P82716|DF147_ARATH	43.210	81	93	3.62e-11	55.9
AT4G08485.1_39286	sp|Q2V3K7|DF211_ARATH	100.000	86	99	9.33e-59	177
AT4G08485.1_39286	sp|Q2V3K4|DF210_ARATH	48.864	88	92	1.97e-23	87.4
AT4G08485.1_39286	sp|Q2V3K2|DF209_ARATH	48.315	89	93	2.07e-22	84.6
AT4G08485.1_39286	sp|Q4VP09|LUR11_ARATH	40.659	91	99	3.18e-18	74.2
AT4G08485.1_39286	sp|Q4VP08|LUR12_ARATH	42.697	89	97	3.67e-18	73.9
AT1G60815.1_93835	sp|A8MRD4|RLF7_ARATH	100.000	81	99	1.08e-55	168
AT1G60815.1_93835	sp|A8MQM2|RLF6_ARATH	68.750	80	98	7.45e-37	121
AT1G60815.1_93835	sp|A8MRK3|RLF35_ARATH	49.367	79	94	7.08e-21	80.4
AT1G60815.1_93835	sp|A8MRM1|RLF16_ARATH	43.421	76	93	1.40e-16	69.7
AT1G60815.1_93835	sp|A7REE5|RLF3_ARATH	45.098	51	61	3.18e-07	45.8
AT3G27680.1_26902	sp|Q9LVX2|SPH31_ARATH	100.000	134	99	4.72e-99	282
AT3G27680.1_26902	sp|P0DN94|SPH17_ARATH	66.912	136	99	7.41e-64	192
AT3G27680.1_26902	sp|F2Q9V5|SPH16_ARATH	69.343	137	99	2.23e-62	189
AT3G27680.1_26902	sp|Q9LW24|SPH23_ARATH	68.696	115	85	3.43e-52	162
AT3G27680.1_26902	sp|Q9LJ82|SPH32_ARATH	61.207	116	86	2.37e-48	153
AT3G61723.1_35671	sp|Q9M364|ATX3_ARATH	79.545	44	59	3.50e-18	79.5
AT3G61723.1_35671	sp|Q8GZ42|ATX5_ARATH	47.368	38	51	2.34e-07	48.6
AT2G07687.1_2243	sp|P92514|COX3_ARATH	97.358	265	99	0.0	511
AT2G07687.1_2243	sp|P14853|COX3_SOYBN	96.604	265	99	0.0	506
AT2G07687.1_2243	sp|Q03227|COX3_VICFA	94.717	265	99	8.77e-180	495
AT2G07687.1_2243	sp|P32808|COX3_HELAN	93.208	265	99	2.23e-176	487
AT2G07687.1_2243	sp|P14852|COX3_ORYSI	94.717	265	99	1.22e-174	482
AT4G14675.1_41682	sp|P42730|CLPB1_ARATH	46.821	173	87	2.99e-40	145
AT4G14675.1_41682	sp|Q6F2Y7|CLPB1_ORYSJ	39.683	189	96	5.45e-36	133
AT4G14675.1_41682	sp|P31543|CLP_TRYBB	28.188	149	73	1.73e-14	71.9
AT4G14675.1_41682	sp|Q8XKG8|CLPB_CLOPE	40.000	100	61	2.55e-13	68.5
AT4G14675.1_41682	sp|Q7VNH1|CLPB_HAEDU	44.048	84	53	3.24e-13	68.3
AT2G01310.1_138	sp|Q9C6A9|CCA32_ARATH	88.679	53	98	2.48e-17	75.0
AT2G01310.1_138	sp|Q9FMH5|CCA31_ARATH	62.222	45	83	1.28e-06	45.8
AT1G54445.1_91991	sp|Q2V4G9|DEF90_ARATH	100.000	78	99	5.76e-53	161
AT1G54445.1_91991	sp|P82762|DEF91_ARATH	41.333	75	89	7.44e-07	44.4
AT1G54445.1_91991	sp|Q2V2Y3|DEF84_ARATH	40.000	85	97	6.37e-06	42.4
AT1G52990.1_91379	sp|Q7M1B9|THIO_CHLAA	38.043	92	29	1.36e-16	75.6
AT1G52990.1_91379	sp|P48384|TRXM_PEA	43.478	92	29	1.80e-16	76.7
AT1G52990.1_91379	sp|Q9SEU6|TRXM4_ARATH	36.957	92	29	3.84e-16	76.1
AT1G52990.1_91379	sp|P33791|THIO_KITAU	39.506	81	26	5.67e-16	73.9
AT1G52990.1_91379	sp|P0A4L2|THIO1_NOSSO	35.870	92	29	4.72e-15	71.4
AT1G17545.1_81924	sp|Q9LNP9|P2C07_ARATH	82.812	64	55	1.91e-25	102
AT1G17545.1_81924	sp|Q9LNP9|P2C07_ARATH	71.429	35	55	1.19e-10	61.2
AT1G17545.1_81924	sp|Q9CAJ0|P2C16_ARATH	62.821	78	56	2.30e-20	88.5
AT1G17545.1_81924	sp|Q9CAJ0|P2C16_ARATH	74.286	35	56	4.43e-11	62.6
AT1G17545.1_81924	sp|Q0JLP9|P2C06_ORYSJ	75.000	48	27	1.62e-16	77.5
AT1G17545.1_81924	sp|Q6L4R7|P2C53_ORYSJ	71.739	46	26	4.42e-15	73.6
AT1G17545.1_81924	sp|Q6L5H6|P2C50_ORYSJ	66.667	48	27	1.89e-13	68.8
AT3G30247.1_27821	sp|Q9C924|DD11_ARATH	29.358	109	68	1.21e-13	65.5
AT4G12825.1_40834	sp|P82900|NLT2G_WHEAT	36.667	90	92	8.02e-15	65.7
AT4G12825.1_40834	sp|P82901|NLT2P_WHEAT	43.284	67	68	4.55e-14	63.2
AT4G12825.1_40834	sp|Q43681|NLTP_VIGUN	41.429	70	71	1.69e-12	59.8
AT4G12825.1_40834	sp|P20145|NLTP2_HORVU	40.909	66	67	3.00e-12	59.3
AT4G12825.1_40834	sp|A2XBN5|NLTPX_ORYSI	32.836	67	68	2.57e-11	56.7
AT3G25270.1_25898	sp|P0C2F6|RNHX1_ARATH	25.145	346	98	1.75e-16	82.0
AT2G07701.1_2265	sp|P93299|M430_ARATH	100.000	106	99	1.92e-72	213
AT3G54730.4_32916	sp|P0DKG3|OFP9_ARATH	97.710	131	82	9.65e-86	256
AT3G54730.4_32916	sp|P0DKG2|Y3473_ARATH	100.000	128	81	1.92e-84	252
AT3G43148.1_28685	sp|F4JTJ9|ASY2_ARATH	31.818	88	13	1.01e-09	65.5
AT3G43148.1_28685	sp|Q9LEX8|Y3093_ARATH	32.673	101	15	6.33e-09	62.4
AT4G00651.1_36639	sp|Q9LU64|SODF2_ARATH	76.623	77	80	4.58e-25	96.1
AT1G23915.1_84219	sp|Q9ZS96|Y4478_ARATH	32.727	110	69	9.41e-08	50.0
AT1G65352.1_95624	sp|Q2V4F0|DF266_ARATH	100.000	81	99	8.88e-55	166
AT1G65352.1_95624	sp|Q2V2W2|DF265_ARATH	56.962	79	87	6.59e-23	85.7
AT1G65352.1_95624	sp|Q2V2W3|DF264_ARATH	46.591	88	99	1.18e-20	80.1
AT1G65352.1_95624	sp|Q2V354|DF267_ARATH	39.623	53	61	1.28e-06	44.1
AT4G35770.3_50468	sp|Q38853|STR15_ARATH	100.000	158	89	3.44e-116	328
AT4G35770.3_50468	sp|P27626|DIN1_RAPSA	78.125	160	89	2.02e-82	242
AT4G35770.3_50468	sp|Q39129|STR16_ARATH	63.158	95	53	3.20e-36	123
AT4G35770.3_50468	sp|Q9FKW8|STR18_ARATH	47.253	91	50	2.85e-22	88.0
AT4G35770.3_50468	sp|Q8RUD6|HARC1_ARATH	35.897	117	63	1.28e-19	81.8
AT2G07724.1_2297	sp|P93287|M200_ARATH	99.065	107	99	1.87e-73	215
AT4G37500.1_51088	sp|Q6AUV1|XDH_ORYSJ	66.337	101	75	1.21e-33	125
AT4G37500.1_51088	sp|Q8GUQ8|XDH1_ARATH	76.238	101	75	2.27e-33	124
AT4G37500.1_51088	sp|F4JLI5|XDH2_ARATH	75.248	101	75	7.97e-32	120
AT4G37500.1_51088	sp|Q54FB7|XDH_DICDI	58.947	95	70	1.23e-28	111
AT4G37500.1_51088	sp|P80457|XDH_BOVIN	54.167	96	71	8.73e-26	103
AT1G68420.1_96781	sp|Q9SSK1|SYNC3_ARATH	64.935	77	88	4.77e-29	109
AT1G68420.1_96781	sp|Q9SW96|SYNC1_ARATH	67.532	77	88	1.73e-25	100
AT1G68420.1_96781	sp|Q3IGU4|SYN_PSET1	52.326	86	98	1.27e-22	91.3
AT1G68420.1_96781	sp|A5IE87|SYN_LEGPC	51.948	77	88	1.13e-21	88.8
AT1G68420.1_96781	sp|Q5X300|SYN_LEGPA	51.948	77	88	1.14e-21	88.8
AT4G14358.1_41524	sp|Q9LPV5|NRT25_ARATH	89.091	55	63	1.96e-20	85.7
AT4G14358.1_41524	sp|Q9LMZ9|NRT22_ARATH	54.545	44	50	8.76e-09	53.1
AT4G14358.1_41524	sp|P0DKH0|NRT22_ORYSJ	50.000	48	55	1.98e-08	52.2
AT4G14358.1_41524	sp|P0DKG9|NRT21_ORYSJ	50.000	48	55	1.98e-08	52.2
AT4G14358.1_41524	sp|O82811|NRT21_ARATH	57.500	40	45	3.61e-07	48.6
AT4G08875.1_39418	sp|Q2V3K2|DF209_ARATH	100.000	93	99	2.76e-64	191
AT4G08875.1_39418	sp|Q2V3K4|DF210_ARATH	87.097	93	99	1.11e-55	169
AT4G08875.1_39418	sp|Q2V3K7|DF211_ARATH	48.315	89	95	2.24e-22	84.6
AT4G08875.1_39418	sp|Q2V304|DF220_ARATH	37.634	93	98	2.96e-16	69.1
AT4G08875.1_39418	sp|Q4VP09|LUR11_ARATH	38.298	94	98	5.93e-16	68.5
AT5G14350.1_57043	sp|Q9SNB7|PP264_ARATH	87.255	102	72	3.80e-55	185
AT5G14350.1_57043	sp|Q9SNB7|PP264_ARATH	55.000	100	72	2.55e-18	85.1
AT5G14350.1_57043	sp|Q9T0D6|PP306_ARATH	30.464	151	56	8.56e-10	60.4
AT5G14350.1_57043	sp|Q9LR67|PPR9_ARATH	34.343	99	41	6.87e-09	57.9
AT5G14350.1_57043	sp|Q9M907|PP217_ARATH	24.865	185	71	2.02e-08	56.4
AT5G14350.1_57043	sp|Q6NQ83|PP247_ARATH	26.797	153	58	2.04e-08	56.4
AT5G44345.1_66116	sp|Q0V7S0|FB39_ARATH	44.828	116	60	9.71e-21	89.1
AT5G44345.1_66116	sp|Q9LIR1|FB182_ARATH	53.191	94	47	1.11e-20	88.5
AT5G44345.1_66116	sp|Q5BPS3|DOR_ARATH	50.000	92	76	1.15e-20	88.2
AT5G44345.1_66116	sp|Q5BPS3|DOR_ARATH	54.000	50	76	6.12e-08	53.4
AT5G44345.1_66116	sp|Q9LM89|FB12_ARATH	44.628	121	57	1.17e-20	88.5
AT5G44345.1_66116	sp|Q9LPH0|FB57_ARATH	50.538	93	47	2.31e-19	84.9
AT3G32330.1_28196	sp|Q9SIW2|CHR35_ARATH	36.464	362	99	1.28e-64	216
AT3G32330.1_28196	sp|Q9LK10|CLSY4_ARATH	25.549	364	93	2.45e-18	87.4
AT3G32330.1_28196	sp|F4K493|CLSY2_ARATH	27.411	197	58	4.37e-10	63.2
AT3G32330.1_28196	sp|Q9M297|CLSY1_ARATH	24.490	196	58	3.78e-09	60.4
AT3G32330.1_28196	sp|Q9P793|CHD1C_SCHPO	28.571	196	53	1.62e-06	52.5
AT2G37140.1_11725	sp|O23651|TPS01_ARATH	52.336	107	94	3.87e-31	116
AT2G37140.1_11725	sp|O22184|TPS05_ARATH	46.729	107	94	2.83e-18	80.9
AT2G37140.1_11725	sp|Q9T0J9|GBIS1_ARATH	31.933	119	94	3.01e-18	80.6
AT2G37140.1_11725	sp|Q4KSH9|BARS_ARATH	33.613	119	94	2.52e-14	69.7
AT2G37140.1_11725	sp|Q9LVP7|TPS16_ARATH	30.833	120	94	4.55e-12	63.2
AT3G57465.1_34016	sp|F4J3D9|IDE2_ARATH	90.909	33	65	7.42e-09	53.9
AT3G57465.1_34016	sp|F4J3D9|IDE2_ARATH	78.788	33	65	2.07e-06	46.9
AT3G57465.1_34016	sp|O22941|IDE1_ARATH	78.788	33	72	1.36e-07	50.3
AT3G57465.1_34016	sp|O22941|IDE1_ARATH	65.000	40	72	1.26e-06	47.4
AT1G28306.1_85564	sp|Q9LW22|SPH21_ARATH	43.443	122	86	1.74e-23	89.9
AT1G28306.1_85564	sp|Q9LJ82|SPH32_ARATH	35.833	120	87	3.75e-14	65.7
AT1G28306.1_85564	sp|Q9LVX2|SPH31_ARATH	36.923	130	93	4.11e-14	65.7
AT1G28306.1_85564	sp|P0DN94|SPH17_ARATH	34.711	121	87	3.13e-12	60.9
AT1G28306.1_85564	sp|Q9LW23|SPH22_ARATH	35.833	120	87	4.50e-12	60.4
AT1G07190.1_77697	sp|Q9M9L7|LONM4_ARATH	52.727	55	76	4.82e-08	50.0
AT4G22210.1_44941	sp|P82794|DEF97_ARATH	100.000	86	99	3.13e-57	173
AT4G22210.1_44941	sp|Q94AZ8|DEF98_ARATH	68.182	88	99	1.10e-37	123
AT4G22210.1_44941	sp|Q8L7G7|DEF96_ARATH	50.000	92	99	8.63e-21	80.6
AT4G22210.1_44941	sp|Q6NMS3|DEF95_ARATH	42.553	94	99	2.31e-14	64.0
AT4G22210.1_44941	sp|Q3E6U0|DF100_ARATH	38.272	81	86	5.16e-08	47.7
AT2G24693.1_6991	sp|Q3E7S1|DEF87_ARATH	100.000	73	99	1.18e-47	148
AT2G24693.1_6991	sp|Q2V2Y3|DEF84_ARATH	41.975	81	99	4.32e-09	50.3
AT2G24693.1_6991	sp|P82762|DEF91_ARATH	38.667	75	96	1.11e-08	48.9
AT2G24693.1_6991	sp|P82761|DEF83_ARATH	43.333	60	81	7.16e-06	42.1
AT2G16535.1_3850	sp|A8MR88|ESFL8_ARATH	100.000	76	99	6.56e-49	151
AT2G16535.1_3850	sp|A8MQY8|ESFL9_ARATH	71.053	76	97	5.84e-34	113
AT2G16535.1_3850	sp|O82377|ESFL6_ARATH	41.892	74	96	3.55e-11	55.3
AT2G16535.1_3850	sp|A8MQA4|ESFL5_ARATH	35.526	76	99	2.80e-08	48.6
AT2G16535.1_3850	sp|Q1PDG8|ESFLA_ARATH	34.211	76	97	6.22e-07	44.6
AT5G50345.1_68458	sp|A8MRV5|ESFLB_ARATH	100.000	88	99	2.15e-59	178
AT5G50345.1_68458	sp|A8MSA6|ESF11_ARATH	35.366	82	92	2.18e-10	53.9
AT5G50345.1_68458	sp|A8MRI0|ESFL3_ARATH	44.643	56	63	1.65e-07	46.6
AT5G50345.1_68458	sp|A8MQA4|ESFL5_ARATH	37.805	82	91	5.00e-07	45.8
AT5G50345.1_68458	sp|A8MQA5|ESF13_ARATH	42.623	61	66	5.06e-06	42.9
AT1G01020.3_75109	sp|Q5MK24|ARV1_ARATH	100.000	197	83	3.22e-130	368
AT1G01020.3_75109	sp|Q5MK23|ARV2_ARATH	63.030	165	70	5.72e-59	185
AT1G01020.3_75109	sp|Q54GD9|ARV1_DICDI	24.706	170	66	8.22e-10	58.7
AT3G51325.1_31594	sp|Q6ZSG1|ARK2C_HUMAN	42.188	64	70	3.21e-11	59.8
AT3G51325.1_31594	sp|E9QAU8|ARK2C_MOUSE	42.188	64	70	3.45e-11	59.5
AT3G51325.1_31594	sp|Q9SUS4|RHA1A_ARATH	45.833	48	52	6.43e-10	54.2
AT3G51325.1_31594	sp|Q9FL42|ATL69_ARATH	36.905	84	86	7.76e-10	53.9
AT3G51325.1_31594	sp|Q8RX29|ATL70_ARATH	35.135	74	77	1.09e-09	54.5
AT3G26870.1_26530	sp|Q9LW23|SPH22_ARATH	100.000	130	99	7.22e-96	274
AT3G26870.1_26530	sp|Q9LJ82|SPH32_ARATH	93.846	130	99	8.56e-91	261
AT3G26870.1_26530	sp|P0DN94|SPH17_ARATH	63.971	136	99	4.38e-55	170
AT3G26870.1_26530	sp|F2Q9V5|SPH16_ARATH	59.559	136	99	2.78e-51	160
AT3G26870.1_26530	sp|Q9LVX2|SPH31_ARATH	61.207	116	84	1.52e-47	150
AT4G32717.1_49191	sp|P82643|DF230_ARATH	100.000	89	99	4.62e-62	185
AT4G32717.1_49191	sp|P82644|DF231_ARATH	48.837	86	94	5.56e-23	86.3
AT4G32717.1_49191	sp|P82647|DF227_ARATH	34.021	97	93	3.86e-10	53.6
AT4G32717.1_49191	sp|P82635|DF238_ARATH	31.707	82	91	1.64e-07	46.6
AT4G32717.1_49191	sp|P82645|DF235_ARATH	36.667	90	90	1.41e-06	44.4
AT4G07524.1_38947	sp|O04486|RAA2A_ARATH	60.606	33	46	1.93e-08	50.5
AT4G07524.1_38947	sp|Q9LNK1|RABA3_ARATH	78.788	33	46	2.09e-08	50.5
AT4G07524.1_38947	sp|Q40193|RB11C_LOTJA	63.636	33	46	3.25e-06	44.6
AT4G07524.1_38947	sp|Q9FIF9|RAA2D_ARATH	63.636	33	46	3.97e-06	44.4
AT4G07524.1_38947	sp|Q9LNW1|RAA2B_ARATH	63.636	33	46	5.41e-06	43.8
AT3G24710.1_25690	sp|Q6NPS8|NDOR1_ARATH	83.582	67	99	2.05e-29	110
AT3G24710.1_25690	sp|Q6PFP6|NDOR1_DANRE	36.364	66	97	3.30e-06	45.2
AT3G24710.1_25690	sp|Q9UHB4|NDOR1_HUMAN	39.683	63	93	7.72e-06	44.1
AT3G24710.1_25690	sp|Q6NRG5|NDOR1_XENLA	37.879	66	97	8.84e-06	43.8
AT2G07691.1_2251	sp|P92562|M1310_ARATH	100.000	136	99	1.53e-101	288
AT3G30720.1_27956	sp|Q3E7K4|QQS_ARATH	100.000	59	98	2.57e-39	126
AT5G10880.1_55851	sp|Q9M1R2|SYPC_ARATH	69.231	221	86	1.47e-104	312
AT5G10880.1_55851	sp|Q9M1R2|SYPC_ARATH	53.191	47	86	1.10e-08	58.4
AT5G10880.1_55851	sp|Q8I5R7|SYP_PLAF7	40.088	227	71	2.13e-52	181
AT5G10880.1_55851	sp|Q388V7|SYP_TRYB2	39.496	238	71	7.36e-52	180
AT5G10880.1_55851	sp|O60155|PRS1_SCHPO	41.841	239	72	5.49e-48	168
AT5G10880.1_55851	sp|P38708|YHI0_YEAST	38.362	232	71	1.03e-44	159
AT2G28920.1_8567	sp|Q8GT75|NIP1_ARATH	42.424	66	45	2.28e-13	66.0
AT2G28920.1_8567	sp|Q9LZJ6|ATL5_ARATH	55.319	47	32	2.56e-13	66.0
AT2G28920.1_8567	sp|O22255|ATL64_ARATH	53.191	47	32	7.83e-13	64.3
AT2G28920.1_8567	sp|Q9M0R7|ATL39_ARATH	40.230	87	60	1.34e-12	62.1
AT2G28920.1_8567	sp|Q9SJJ7|ATL57_ARATH	42.105	76	52	2.14e-12	63.5
AT4G13955.1_41329	sp|Q2V3J1|DEF88_ARATH	100.000	94	99	8.65e-66	195
AT4G13955.1_41329	sp|P82761|DEF83_ARATH	43.158	95	99	3.33e-14	64.0
AT4G13955.1_41329	sp|Q2V3J0|DEF89_ARATH	44.706	85	88	6.12e-14	63.2
AT4G13955.1_41329	sp|Q2V2Y3|DEF84_ARATH	39.241	79	77	6.77e-06	42.7
AT3G25880.1_26111	sp|Q9ZV69|AXL1_ARATH	68.116	69	94	2.16e-23	93.3
AT3G25880.1_26111	sp|P42744|AXR1_ARATH	69.565	69	94	2.62e-19	82.3
AT3G25880.1_26111	sp|Q9Z1A5|ULA1_RAT	44.615	65	89	3.66e-09	53.6
AT3G25880.1_26111	sp|Q5ZIE6|ULA1_CHICK	43.077	65	89	6.21e-09	53.1
AT3G25880.1_26111	sp|Q13564|ULA1_HUMAN	44.615	65	89	1.18e-08	52.2
AT2G12200.1_2807	sp|Q9SPK5|FTHS_ARATH	80.952	63	98	3.68e-29	109
AT2G12200.1_2807	sp|P28723|FTHS_SPIOL	69.841	63	98	3.29e-20	84.9
AT2G12200.1_2807	sp|Q922D8|C1TC_MOUSE	55.556	63	98	3.50e-16	73.3
AT2G12200.1_2807	sp|P27653|C1TC_RAT	55.556	63	98	3.68e-16	73.3
AT2G12200.1_2807	sp|Q0VCR7|C1TM_BOVIN	59.677	62	97	4.55e-16	73.0
AT1G29620.1_86016	sp|O80871|P2C25_ARATH	87.500	40	27	5.15e-07	50.0
AT5G46660.1_67041	sp|Q6NQN8|VLG_ARATH	30.818	159	48	1.36e-08	56.4
AT4G09090.1_39493	sp|Q94G86|ALL9_OLEEU	51.163	86	74	2.96e-28	107
AT4G09090.1_39493	sp|Q84V39|ALL10_OLEEU	51.136	88	74	4.94e-28	100
AT4G09090.1_39493	sp|Q9M069|E137_ARATH	43.182	88	75	4.29e-24	96.7
AT4G09090.1_39493	sp|P52409|E13B_WHEAT	58.621	87	74	1.18e-23	95.0
AT4G09090.1_39493	sp|Q9M2K6|PDCB5_ARATH	38.532	109	92	5.63e-21	83.7
AT1G28305.1_85562	sp|Q9LW22|SPH21_ARATH	44.167	120	86	7.73e-32	111
AT1G28305.1_85562	sp|P0DN94|SPH17_ARATH	36.691	139	96	4.15e-20	81.2
AT1G28305.1_85562	sp|Q9LVX2|SPH31_ARATH	35.036	137	96	2.62e-19	79.2
AT1G28305.1_85562	sp|F2Q9V5|SPH16_ARATH	30.714	140	96	5.22e-15	68.3
AT1G28305.1_85562	sp|Q9LJ82|SPH32_ARATH	33.333	120	87	1.64e-13	64.3
AT3G21890.1_24664	sp|Q9LRM4|MIP1B_ARATH	100.000	121	99	2.15e-85	246
AT3G21890.1_24664	sp|Q1G3I2|MIP1A_ARATH	62.295	122	99	5.61e-48	151
AT3G21890.1_24664	sp|Q9LJB7|BBX32_ARATH	53.571	56	46	1.71e-13	65.5
AT3G21890.1_24664	sp|Q39057|CONS_ARATH	48.980	49	39	2.23e-08	53.1
AT3G21890.1_24664	sp|O22800|COL14_ARATH	45.000	60	47	2.36e-08	53.1
AT2G46460.1_15492	sp|P54162|RNHL_BACSU	31.783	129	78	3.30e-07	48.6
AT4G33355.2_49482	sp|Q2V3C1|NLTPB_ARATH	100.000	116	98	5.33e-82	238
AT4G33355.2_49482	sp|P85204|NLTP1_ACTCC	50.562	89	75	8.01e-27	97.5
AT4G33355.2_49482	sp|E6Y8S8|NLTP1_APIGR	48.352	91	77	4.99e-26	95.6
AT4G33355.2_49482	sp|Q0IQK9|NLTP1_ORYSJ	48.315	89	75	2.75e-25	93.6
AT4G33355.2_49482	sp|A2ZHF1|NLTP1_ORYSI	48.315	89	75	2.75e-25	93.6
AT1G49435.1_90137	sp|P82731|DF124_ARATH	100.000	71	99	2.65e-47	147
AT1G49435.1_90137	sp|P82745|DF122_ARATH	48.684	76	99	5.80e-12	57.3
AT1G49435.1_90137	sp|P82768|DF125_ARATH	44.737	76	99	2.17e-11	55.9
AT1G49435.1_90137	sp|P82728|DF129_ARATH	36.250	80	99	4.83e-10	52.5
AT1G49435.1_90137	sp|P82769|DF121_ARATH	35.616	73	96	2.45e-07	45.5
AT3G02493.1_17037	sp|Q6X5U1|DVL2_ARATH	100.000	45	98	2.98e-25	89.6
AT3G02493.1_17037	sp|Q6X5V0|DVL1_ARATH	78.378	37	80	3.28e-15	64.3
AT3G02493.1_17037	sp|Q6X5U0|DVL3_ARATH	66.667	36	78	1.26e-11	55.0
AT3G02493.1_17037	sp|Q6X5T8|DVL5_ARATH	52.500	40	87	3.85e-09	48.9
AT3G02493.1_17037	sp|Q9SAF8|DVL4_ARATH	51.220	41	89	6.02e-09	48.3
AT4G07670.2_38982	sp|Q7Y228|LAMP1_ARATH	88.000	225	87	6.93e-140	404
AT4G07670.2_38982	sp|Q9Y3Q0|NALD2_HUMAN	43.210	243	87	1.90e-53	181
AT4G07670.2_38982	sp|Q9CZR2|NALD2_MOUSE	42.387	243	87	1.78e-50	174
AT4G07670.2_38982	sp|Q9M1S8|GCP2_ARATH	42.553	235	87	1.20e-49	171
AT4G07670.2_38982	sp|A0A1D6L709|VP8_MAIZE	42.735	234	87	1.08e-47	166
AT5G43401.1_65699	sp|Q2V318|DF254_ARATH	100.000	89	99	4.35e-61	183
AT5G43401.1_65699	sp|Q2V3Q8|DF255_ARATH	48.052	77	86	3.60e-12	58.4
AT1G65425.1_95642	sp|Q9SAF4|FBK3_ARATH	63.830	47	42	7.02e-11	59.8
AT1G65425.1_95642	sp|Q9LPW4|FB7_ARATH	61.702	47	42	1.60e-10	59.0
AT1G65425.1_95642	sp|Q9LPW2|FBK2_ARATH	47.059	68	54	3.55e-10	57.9
AT4G10115.1_39831	sp|P82639|DF236_ARATH	100.000	96	99	1.46e-67	200
AT4G10115.1_39831	sp|P82640|DF237_ARATH	54.737	95	96	5.93e-29	101
AT4G10115.1_39831	sp|P82631|DF251_ARATH	31.313	99	98	7.20e-10	53.1
AT4G10115.1_39831	sp|P82635|DF238_ARATH	37.209	86	89	2.04e-08	49.1
AT4G10115.1_39831	sp|P82642|DF232_ARATH	33.684	95	92	1.94e-07	46.9
AT1G52827.1_91338	sp|Q3ECR7|CSTM2_ARATH	100.000	62	98	1.20e-37	122
AT3G23727.1_25343	sp|P82631|DF251_ARATH	100.000	92	99	8.13e-64	190
AT3G23727.1_25343	sp|P82632|DF252_ARATH	57.895	95	99	1.05e-29	103
AT3G23727.1_25343	sp|P82635|DF238_ARATH	40.000	90	96	1.89e-12	59.3
AT3G23727.1_25343	sp|P82639|DF236_ARATH	31.313	99	99	6.90e-10	53.1
AT3G23727.1_25343	sp|P82643|DF230_ARATH	37.647	85	90	2.45e-06	43.8
AT4G17590.1_43100	sp|Q8VYM6|NOP2B_ARATH	37.405	131	93	3.52e-11	63.5
AT4G17590.1_43100	sp|Q8VYM6|NOP2B_ARATH	45.679	81	93	8.32e-08	53.9
AT4G17590.1_43100	sp|Q9FG73|NOP2A_ARATH	35.938	128	63	5.36e-10	60.1
AT4G17590.1_43100	sp|P40991|NOP2_YEAST	39.286	84	42	8.80e-10	59.5
AT4G17590.1_43100	sp|Q922K7|NOP2_MOUSE	38.298	94	47	2.86e-08	55.3
AT4G17590.1_43100	sp|O94268|NOP2_SCHPO	40.000	75	64	3.35e-08	55.0
AT4G17590.1_43100	sp|O94268|NOP2_SCHPO	46.296	54	64	6.91e-07	51.1
AT2G24410.1_6850	sp|Q8W4D8|DDL_ARATH	75.758	66	84	3.67e-31	111
AT2G24410.1_6850	sp|Q8BIZ6|SNIP1_MOUSE	47.692	65	82	1.05e-08	52.5
AT2G24410.1_6850	sp|Q8TAD8|SNIP1_HUMAN	47.692	65	82	1.25e-08	52.2
AT2G24410.1_6850	sp|Q5M9G6|SNIP1_RAT	47.692	65	82	1.72e-08	51.9
AT5G40750.1_64733	sp|Q9ZVP2|FBD34_ARATH	38.565	223	88	3.44e-35	130
AT5G40750.1_64733	sp|Q9ZVP2|FBD34_ARATH	48.052	77	88	7.11e-15	75.6
AT5G40750.1_64733	sp|Q9LM63|FDL5_ARATH	40.343	233	89	3.00e-34	128
AT5G40750.1_64733	sp|Q9LM63|FDL5_ARATH	51.220	82	89	3.89e-14	73.9
AT5G40750.1_64733	sp|Q9FGR8|FBD19_ARATH	39.623	159	53	8.88e-21	91.6
AT5G40750.1_64733	sp|Q9CA04|FDL45_ARATH	35.622	233	90	9.92e-21	91.9
AT5G40750.1_64733	sp|Q9CA04|FDL45_ARATH	46.591	88	90	4.45e-15	76.4
AT5G40750.1_64733	sp|Q8H1R7|FDL27_ARATH	32.143	224	88	6.06e-19	86.8
AT5G40750.1_64733	sp|Q8H1R7|FDL27_ARATH	39.474	76	88	4.27e-09	59.0
AT1G20400.1_82916	sp|F4JTJ9|ASY2_ARATH	36.364	154	16	9.25e-22	105
AT1G20400.1_82916	sp|Q9LEX8|Y3093_ARATH	29.448	163	17	4.01e-17	89.4
AT5G48543.1_67747	sp|P82716|DF147_ARATH	100.000	89	99	1.40e-59	179
AT5G48543.1_67747	sp|P82724|DF146_ARATH	39.506	81	90	1.57e-11	56.7
AT5G48543.1_67747	sp|P82719|DF148_ARATH	43.210	81	90	3.98e-11	55.9
AT5G48543.1_67747	sp|P82747|DF150_ARATH	34.568	81	90	5.40e-10	53.1
AT5G48543.1_67747	sp|P82729|DF137_ARATH	43.243	74	82	2.89e-07	46.0
AT2G31957.1_9744	sp|P82784|DEF07_ARATH	97.619	84	99	9.62e-54	164
AT2G31957.1_9744	sp|P82785|DEF09_ARATH	65.000	80	91	2.14e-31	107
AT2G31957.1_9744	sp|Q43413|DEF1_CAPAN	43.662	71	84	3.47e-16	68.5
AT2G31957.1_9744	sp|Q9FFP8|DEF06_ARATH	40.845	71	84	7.38e-15	64.9
AT2G31957.1_9744	sp|O65740|DEF2_CAPAN	38.028	71	84	1.15e-14	64.6
AT5G44568.1_66215	sp|Q570K8|SCOP4_ARATH	100.000	75	99	1.01e-47	148
AT5G44568.1_66215	sp|Q56WV9|SCOP5_ARATH	67.442	43	55	1.51e-09	51.9
AT5G35540.1_62947	sp|O82368|Y2988_ARATH	30.846	201	77	5.46e-12	64.3
AT1G59690.1_93460	sp|Q9M0Q9|FB223_ARATH	28.571	161	90	1.37e-12	65.5
AT1G59690.1_93460	sp|Q9C6J3|FB52_ARATH	30.000	150	85	1.95e-12	64.9
AT1G59690.1_93460	sp|Q9FZF8|FB44_ARATH	33.974	156	87	2.07e-11	62.1
AT1G59690.1_93460	sp|O49565|FB239_ARATH	29.885	174	99	3.91e-11	61.5
AT1G59690.1_93460	sp|Q9FK54|FB260_ARATH	40.541	74	50	3.29e-10	58.7
AT1G70895.2_97696	sp|Q8L9H6|CLE17_ARATH	100.000	99	99	6.20e-70	206
AT1G70895.2_97696	sp|Q8S8M2|CLE16_ARATH	51.020	49	49	9.45e-08	47.7
AT1G47497.1_89408	sp|P54162|RNHL_BACSU	30.508	118	84	1.85e-07	48.6
ATCG00590.1_16280	sp|A4QJU9|PETL_OLIPU	100.000	31	97	8.38e-14	60.1
ATCG00590.1_16280	sp|A4QLV1|PETL_NASOF	100.000	31	97	8.38e-14	60.1
ATCG00590.1_16280	sp|A4QLL2|PETL_LOBMA	100.000	31	97	8.38e-14	60.1
ATCG00590.1_16280	sp|A4QLC4|PETL_LEPVR	100.000	31	97	8.38e-14	60.1
ATCG00590.1_16280	sp|A4QL37|PETL_DRANE	100.000	31	97	8.38e-14	60.1
AT1G54957.1_92171	sp|A0A1P8AVP6|SOP22_ARATH	100.000	68	99	1.43e-44	140
AT1G54957.1_92171	sp|Q1G3E7|SOP23_ARATH	43.333	60	84	3.78e-09	50.0
ATCG01270.1_16386	sp|P56809|YCF15_ARATH	100.000	77	99	2.53e-51	157
ATCG01270.1_16386	sp|A4QLF0|YCF15_LEPVR	97.403	77	99	1.65e-50	155
ATCG01270.1_16386	sp|A4QL63|YCF15_DRANE	97.403	77	99	1.65e-50	155
ATCG01270.1_16386	sp|A4QKE9|YCF15_BARVE	97.403	77	99	1.65e-50	155
ATCG01270.1_16386	sp|A4QKX5|YCF15_CRUWA	96.104	77	99	1.02e-49	153
AT3G43180.1_28702	sp|F4ITM1|RGSL1_ARATH	50.909	110	56	2.27e-22	93.3
AT3G43180.1_28702	sp|Q9P3U4|HEL1_SCHPO	32.432	74	38	4.29e-06	48.6
AT2G28755.1_8511	sp|Q9ZV36|UXS6_ARATH	80.702	57	92	9.01e-27	100
AT2G28755.1_8511	sp|Q9SN95|UXS5_ARATH	73.684	57	92	3.86e-24	93.0
AT2G28755.1_8511	sp|Q9FIE8|UXS3_ARATH	71.930	57	92	3.88e-23	90.5
AT2G28755.1_8511	sp|Q8S8T4|UXS4_ARATH	47.368	57	92	5.94e-13	64.0
AT2G28755.1_8511	sp|Q8VZC0|UXS1_ARATH	49.123	57	92	1.67e-12	62.6
AT4G00005.1_36370	sp|Q9M012|PR1B5_ARATH	93.000	100	84	8.72e-59	181
AT4G00005.1_36370	sp|O80915|PR1B4_ARATH	63.636	99	83	1.54e-38	129
AT4G00005.1_36370	sp|Q9LYN0|PR1B1_ARATH	54.386	114	96	3.77e-33	115
AT4G00005.1_36370	sp|Q9SIY7|PR1B2_ARATH	61.000	100	84	3.61e-32	113
AT4G00005.1_36370	sp|Q9FLB6|PR1B3_ARATH	60.417	96	81	8.41e-29	104
AT2G12290.1_2830	sp|O81851|BOI_ARATH	82.540	63	47	2.15e-28	105
AT2G12290.1_2830	sp|Q9FHE4|BRG1_ARATH	61.538	52	39	5.68e-16	73.3
AT2G12290.1_2830	sp|F4IDI6|BRG2_ARATH	51.786	56	42	9.69e-11	59.8
AT2G12290.1_2830	sp|Q9LDD1|BRG3_ARATH	60.417	48	36	2.52e-10	58.4
AT3G24513.1_25612	sp|Q2V3S7|DF258_ARATH	100.000	85	99	3.65e-59	178
AT3G24513.1_25612	sp|Q2V3S8|DF257_ARATH	65.882	85	99	1.28e-35	118
AT3G24513.1_25612	sp|Q9LV55|DF259_ARATH	46.591	88	99	3.20e-17	71.4
AT2G21810.1_5859	sp|Q6NQN8|VLG_ARATH	33.721	86	64	7.82e-10	56.2
AT2G06541.1_1934	sp|Q5SVZ6|ZMYM1_HUMAN	28.399	331	55	1.97e-28	122
AT2G06541.1_1934	sp|Q9CUX1|P52K_MOUSE	24.889	225	36	3.48e-06	53.4
AT2G06541.1_1934	sp|O43422|P52K_HUMAN	25.221	226	36	5.49e-06	52.8
AT3G21165.1_24397	sp|Q9LU43|FB172_ARATH	76.471	34	42	5.75e-10	56.2
AT3G21165.1_24397	sp|Q9LJC0|FB170_ARATH	44.928	69	64	4.18e-08	50.8
AT3G21165.1_24397	sp|Q9LUJ1|FB324_ARATH	66.667	36	44	5.72e-08	50.5
AT3G21165.1_24397	sp|Q9LJB9|FB171_ARATH	68.750	32	40	2.64e-07	48.6
AT3G21165.1_24397	sp|Q9ZV78|FB100_ARATH	69.697	33	41	3.85e-07	48.3
AT2G11045.1_2666	sp|P0C8L4|Y4648_ARATH	33.721	172	97	2.17e-17	75.6
AT2G11045.1_2666	sp|F4I1X0|HIP41_ARATH	32.353	170	95	2.69e-11	62.1
AT4G33290.1_49456	sp|Q9SZA6|FBK91_ARATH	100.000	430	99	0.0	897
AT4G33290.1_49456	sp|Q9ZVI1|FB323_ARATH	58.962	424	95	6.63e-152	434
AT4G33290.1_49456	sp|Q9FFS9|FB278_ARATH	54.567	416	95	2.04e-145	417
AT4G33290.1_49456	sp|Q9FFT0|FB277_ARATH	54.327	416	95	1.63e-141	407
AT4G33290.1_49456	sp|Q9FH73|FB276_ARATH	55.062	405	92	1.44e-136	394
AT3G55900.1_33409	sp|Q6AWW4|FB203_ARATH	97.531	81	75	4.11e-54	167
AT3G55900.1_33409	sp|Q9SZ44|FB309_ARATH	34.483	87	80	1.38e-06	47.7
AT4G16015.1_42341	sp|Q6NQN8|VLG_ARATH	26.446	121	46	1.87e-06	51.7
AT4G16015.1_42341	sp|Q6NQN8|VLG_ARATH	29.861	144	46	6.42e-06	50.3
AT2G24615.1_6920	sp|Q2V462|DEF38_ARATH	100.000	84	99	2.23e-58	176
AT2G24615.1_6920	sp|Q2V460|DEF39_ARATH	60.000	80	94	5.10e-33	111
AT2G24615.1_6920	sp|Q2V325|DEF40_ARATH	46.429	84	92	7.89e-16	67.7
AT3G29720.1_27715	sp|Q9LRQ7|BAHD2_ARATH	80.337	178	80	2.55e-90	271
AT3G29720.1_27715	sp|Q9FNP9|AGCT_ARATH	61.326	181	80	4.39e-72	224
AT3G29720.1_27715	sp|Q9LRQ8|PMAT2_ARATH	47.778	180	81	4.20e-45	154
AT3G29720.1_27715	sp|Q9LJB4|5MAT_ARATH	43.523	193	87	4.89e-43	149
AT3G29720.1_27715	sp|Q940Z5|PMAT1_ARATH	42.308	208	87	2.48e-36	132
AT4G35770.4_50469	sp|Q38853|STR15_ARATH	96.721	122	99	4.21e-84	245
AT4G35770.4_50469	sp|P27626|DIN1_RAPSA	71.774	124	99	6.95e-54	168
AT4G35770.4_50469	sp|Q39129|STR16_ARATH	59.322	59	48	4.25e-17	72.8
AT4G35770.4_50469	sp|Q8RUD6|HARC1_ARATH	34.722	72	55	2.74e-08	51.1
AT5G38195.1_63864	sp|Q43681|NLTP_VIGUN	50.746	67	70	8.16e-19	75.9
AT5G38195.1_63864	sp|P82353|NLTP2_PRUAR	44.776	67	70	3.04e-16	68.8
AT5G38195.1_63864	sp|P20145|NLTP2_HORVU	43.939	66	69	1.99e-15	67.4
AT5G38195.1_63864	sp|P86809|NLTP2_APIGA	44.444	63	66	2.41e-14	64.0
AT5G38195.1_63864	sp|P82900|NLT2G_WHEAT	29.032	93	97	3.53e-14	64.0
AT1G36960.1_88318	sp|O04244|Y4200_ARATH	53.731	67	37	5.37e-15	72.2
AT2G44175.1_14626	sp|Q9LTR9|NMT1_ARATH	66.667	60	52	7.02e-24	95.3
AT2G44175.1_14626	sp|Q94L32|NMT2_ARATH	58.182	55	47	3.27e-16	74.7
AT3G51700.1_31748	sp|Q38CE9|PIF6_TRYB2	31.579	133	37	2.43e-08	58.1
ATCG00820.1_16324	sp|A4QJX1|RR19_OLIPU	98.913	92	99	9.55e-63	187
ATCG00820.1_16324	sp|A4QLX3|RR19_NASOF	98.913	92	99	9.55e-63	187
ATCG00820.1_16324	sp|A4QLE6|RR19_LEPVR	98.913	92	99	9.55e-63	187
ATCG00820.1_16324	sp|A4QKX1|RR19_CRUWA	98.913	92	99	9.55e-63	187
ATCG00820.1_16324	sp|A4QKN2|RR19_CAPBU	98.913	92	99	9.55e-63	187
AT4G22210.2_44942	sp|P82794|DEF97_ARATH	98.851	87	99	1.50e-55	168
AT4G22210.2_44942	sp|Q94AZ8|DEF98_ARATH	69.318	88	99	1.59e-38	125
AT4G22210.2_44942	sp|Q8L7G7|DEF96_ARATH	51.087	92	99	1.36e-21	82.6
AT4G22210.2_44942	sp|Q6NMS3|DEF95_ARATH	43.617	94	99	4.21e-15	66.0
AT4G22210.2_44942	sp|Q3E6U0|DF100_ARATH	37.805	82	86	5.14e-08	48.0
AT3G19530.1_23773	sp|Q04996|HAT31_ARATH	52.459	61	60	9.70e-06	44.9
AT1G35860.1_88111	sp|Q9STE8|TC753_ARATH	58.966	290	89	2.95e-109	333
AT1G35860.1_88111	sp|Q9STE8|TC753_ARATH	73.626	91	89	3.94e-35	137
AT1G35860.1_88111	sp|Q43715|TOC75_PEA	54.296	291	99	5.94e-99	306
AT1G35860.1_88111	sp|Q43715|TOC75_PEA	69.231	91	99	2.41e-33	132
AT1G35860.1_88111	sp|Q43715|TOC75_PEA	50.602	83	99	2.80e-16	82.6
AT1G35860.1_88111	sp|Q84Q83|TOC75_ORYSJ	50.172	291	89	1.17e-90	285
AT1G35860.1_88111	sp|Q84Q83|TOC75_ORYSJ	68.132	91	89	2.53e-32	129
AT1G35860.1_88111	sp|Q5IZC8|TC754_ARATH	37.282	287	75	4.32e-39	142
AT1G35860.1_88111	sp|Q5IZC8|TC754_ARATH	72.527	91	75	7.14e-38	139
AT1G35860.1_88111	sp|Q9C5J8|OEP80_ARATH	35.165	91	22	2.42e-06	52.5
AT5G27495.1_61664	sp|Q2V342|DF113_ARATH	100.000	80	99	2.11e-52	160
AT5G27495.1_61664	sp|P82765|DF111_ARATH	54.795	73	88	1.35e-17	71.9
AT5G27495.1_61664	sp|Q2V4G3|DF117_ARATH	42.857	77	94	6.27e-12	57.6
AT5G27495.1_61664	sp|Q2V321|DF115_ARATH	43.902	82	96	3.04e-11	55.9
AT5G27495.1_61664	sp|Q2V488|DF112_ARATH	45.349	86	99	1.05e-10	54.5
AT4G08869.1_39404	sp|Q2V3K4|DF210_ARATH	100.000	93	99	6.78e-64	190
AT4G08869.1_39404	sp|Q2V3K2|DF209_ARATH	87.097	93	99	1.11e-55	169
AT4G08869.1_39404	sp|Q2V3K7|DF211_ARATH	48.864	88	94	2.13e-23	87.4
AT4G08869.1_39404	sp|Q2V304|DF220_ARATH	40.860	93	98	7.83e-18	73.3
AT4G08869.1_39404	sp|Q4VP08|LUR12_ARATH	40.000	95	99	2.97e-15	66.6
AT1G14315.1_80619	sp|Q9M9T0|FB8_ARATH	100.000	172	89	3.25e-125	354
AT1G14315.1_80619	sp|O04488|FBLK1_ARATH	49.515	206	99	4.28e-51	167
AT1G14315.1_80619	sp|Q9LX89|FB255_ARATH	46.860	207	99	2.66e-45	154
AT1G14315.1_80619	sp|O80777|FB126_ARATH	43.299	194	94	3.41e-42	145
AT1G14315.1_80619	sp|Q7X7A9|FB4_ARATH	52.542	118	60	6.52e-33	119
AT1G24159.1_84320	sp|O04533|LRK52_ARATH	51.515	66	46	1.76e-12	65.5
AT1G24159.1_84320	sp|O04534|LRK51_ARATH	47.692	65	45	3.38e-12	64.6
AT1G24159.1_84320	sp|Q9SZD5|LRK59_ARATH	48.571	70	48	4.06e-12	64.6
AT2G07725.1_2299	sp|P42793|RM05_ARATH	95.135	185	99	6.30e-130	364
AT2G07725.1_2299	sp|P49388|RM05_BRANA	90.811	185	99	2.10e-125	352
AT2G07725.1_2299	sp|Q05492|RM05_OENBE	87.097	186	99	8.09e-117	331
AT2G07725.1_2299	sp|P51409|RM05_SOLTU	84.492	187	99	8.62e-108	307
AT2G07725.1_2299	sp|P26860|RM05_MARPO	65.193	181	95	2.29e-76	227
AT5G28550.1_62078	sp|Q5IBC5|ESP1_ARATH	45.556	180	63	1.99e-43	159
AT5G62627.1_73098	sp|Q2V2W2|DF265_ARATH	100.000	81	99	9.42e-54	164
AT5G62627.1_73098	sp|Q2V2W3|DF264_ARATH	59.740	77	94	8.72e-24	88.0
AT5G62627.1_73098	sp|Q2V4F0|DF266_ARATH	56.962	79	96	6.59e-23	85.7
AT2G14282.1_3224	sp|P82637|DF240_ARATH	100.000	97	99	5.32e-69	203
AT2G14282.1_3224	sp|P82636|DF239_ARATH	71.429	98	99	6.90e-48	150
AT2G14282.1_3224	sp|P82638|DF241_ARATH	69.474	95	97	6.61e-45	142
AT2G14282.1_3224	sp|P82640|DF237_ARATH	36.842	76	76	1.51e-07	47.2
AT2G14282.1_3224	sp|P82639|DF236_ARATH	31.461	89	89	3.38e-06	43.8
AT3G04390.1_17746	sp|Q6AUV1|XDH_ORYSJ	65.714	70	84	2.34e-23	94.7
AT3G04390.1_17746	sp|Q8GUQ8|XDH1_ARATH	77.027	74	89	1.50e-22	92.2
AT3G04390.1_17746	sp|F4JLI5|XDH2_ARATH	77.778	72	86	1.28e-15	72.5
AT3G04390.1_17746	sp|Q54FB7|XDH_DICDI	50.000	72	90	4.18e-13	65.2
AT3G04390.1_17746	sp|P80457|XDH_BOVIN	44.444	72	90	7.87e-11	58.7
ATCG00840.1_16328	sp|P61846|RK23_SINAL	100.000	93	99	1.34e-65	194
ATCG00840.1_16328	sp|P61845|RK23_ARATH	100.000	93	99	1.34e-65	194
ATCG00840.1_16328	sp|A0A378|RK23_COFAR	96.774	93	99	1.28e-63	189
ATCG00840.1_16328	sp|P06391|RK23_TOBAC	95.699	93	99	5.36e-63	188
ATCG00840.1_16328	sp|Q2VED8|RK23_SOLTU	95.699	93	99	5.36e-63	188
AT2G22345.1_6046	sp|Q2V2S9|DEF72_ARATH	100.000	61	98	4.23e-39	125
AT2G22345.1_6046	sp|P82793|DEF71_ARATH	81.250	48	77	2.32e-24	88.5
AT3G43840.2_28928	sp|Q9SI62|PPRD2_ARATH	87.234	47	55	2.57e-24	94.4
AT3G43840.2_28928	sp|Q9CAH5|PPRD1_ARATH	82.979	47	55	2.74e-23	91.3
AT3G43840.2_28928	sp|Q7XUH5|PPRD1_ORYSJ	56.522	46	54	1.53e-13	65.7
AT3G43840.2_28928	sp|A2XWN6|PPRD1_ORYSI	56.522	46	54	1.53e-13	65.7
AT3G43840.2_28928	sp|Q7F0Q2|PPRD2_ORYSJ	42.308	78	86	2.57e-12	62.6
AT2G07768.1_2351	sp|Q33884|CCMF2_ARATH	88.889	135	87	9.52e-80	235
AT2G07768.1_2351	sp|Q04647|CCBS_DAUCA	95.161	124	80	2.79e-77	238
AT2G07768.1_2351	sp|Q04648|CCBS_OENBE	82.963	135	87	2.67e-67	212
AT2G07768.1_2351	sp|P36180|CCBS_MARPO	66.667	102	66	1.84e-37	133
AT2G07768.1_2351	sp|Q9I3N2|CCMF_PSEAE	43.750	96	59	1.62e-14	71.9
AT5G38190.1_63862	sp|F4JTJ9|ASY2_ARATH	31.646	158	16	5.09e-14	80.1
AT5G38190.1_63862	sp|Q9LEX8|Y3093_ARATH	28.467	137	14	2.51e-13	77.3
AT3G57110.1_33883	sp|Q9FKK6|EXO5_ARATH	88.889	126	92	8.67e-65	202
AT4G11485.1_40315	sp|P82726|DF152_ARATH	100.000	102	99	3.01e-70	207
AT4G11485.1_40315	sp|Q9T0E3|DF151_ARATH	57.426	101	97	1.06e-29	103
AT4G11485.1_40315	sp|P82719|DF148_ARATH	33.684	95	91	1.94e-06	44.1
AT4G11485.1_40315	sp|P82723|DF128_ARATH	36.047	86	83	5.33e-06	42.9
AT3G15670.1_22270	sp|Q9LW12|LEA29_ARATH	100.000	225	99	9.43e-137	383
AT3G15670.1_22270	sp|P13934|LEA76_BRANA	76.400	250	99	6.19e-115	329
AT3G15670.1_22270	sp|Q96270|LEA7_ARATH	57.921	202	89	1.04e-58	183
AT3G15670.1_22270	sp|O49816|LEA1_CICAR	50.495	202	89	6.14e-44	145
AT3G15670.1_22270	sp|Q03968|LEA3_WHEAT	47.317	205	85	6.69e-34	121
AT3G29636.1_27677	sp|Q9LRQ7|BAHD2_ARATH	39.431	246	95	2.01e-41	144
AT3G29636.1_27677	sp|Q9FNP9|AGCT_ARATH	37.395	238	90	3.11e-36	130
AT3G29636.1_27677	sp|Q9LRQ8|PMAT2_ARATH	34.746	236	90	1.02e-26	105
AT3G29636.1_27677	sp|Q940Z5|PMAT1_ARATH	29.388	245	92	4.52e-15	74.2
AT3G29636.1_27677	sp|Q9LJB4|5MAT_ARATH	44.118	68	72	4.66e-09	57.3
AT3G29636.1_27677	sp|Q9LJB4|5MAT_ARATH	40.789	76	72	1.06e-08	56.2
AT5G54950.1_70118	sp|Q9SIB9|ACO3M_ARATH	71.667	60	80	3.33e-25	99.8
AT5G54950.1_70118	sp|Q6YZX6|ACOHC_ORYSJ	70.000	60	80	3.09e-24	97.0
AT5G54950.1_70118	sp|Q42560|ACO1_ARATH	70.000	60	80	1.53e-23	95.0
AT5G54950.1_70118	sp|Q94A28|ACO2M_ARATH	71.930	57	76	3.65e-20	85.1
AT5G54950.1_70118	sp|P49608|ACOHC_CUCMA	64.516	62	83	2.55e-18	80.1
AT2G14846.1_3388	sp|Q43681|NLTP_VIGUN	51.429	70	70	1.21e-19	78.1
AT2G14846.1_3388	sp|P82353|NLTP2_PRUAR	45.588	68	68	3.40e-16	68.8
AT2G14846.1_3388	sp|P20145|NLTP2_HORVU	45.455	66	66	3.54e-16	69.4
AT2G14846.1_3388	sp|P82900|NLT2G_WHEAT	40.909	66	66	1.74e-15	67.4
AT2G14846.1_3388	sp|P82901|NLT2P_WHEAT	38.806	67	67	4.62e-14	63.5
ATCG01120.1_16370	sp|P56805|RR15_ARATH	100.000	88	99	8.74e-58	174
ATCG01120.1_16370	sp|A4QJY9|RR15_OLIPU	96.591	88	99	1.12e-55	169
ATCG01120.1_16370	sp|A4QKZ1|RR15_CRUWA	96.591	88	99	1.12e-55	169
ATCG01120.1_16370	sp|A4QKQ2|RR15_CAPBU	96.591	88	99	1.21e-55	169
ATCG01120.1_16370	sp|A4QKG4|RR15_BARVE	95.455	88	99	3.34e-55	168
AT5G36907.1_63395	sp|A0A178U9T0|SOP16_ARATH	100.000	74	99	2.37e-44	139
AT5G36907.1_63395	sp|Q56WV9|SCOP5_ARATH	54.762	42	53	3.88e-06	43.2
AT3G02190.1_16907	sp|Q8L8W6|RL392_ARATH	100.000	51	98	7.46e-31	104
AT3G02190.1_16907	sp|P51424|RL391_ARATH	96.078	51	98	1.71e-29	100
AT3G02190.1_16907	sp|Q5SMI4|RL393_ORYSJ	88.235	51	98	4.33e-27	94.7
AT3G02190.1_16907	sp|P51425|RL39_MAIZE	88.235	51	98	1.07e-26	93.9
AT3G02190.1_16907	sp|P51426|RL392_ORYSJ	88.235	51	98	1.07e-26	93.9
ATCG00640.1_16288	sp|P56796|RK33_ARATH	100.000	66	99	5.32e-44	138
ATCG00640.1_16288	sp|A4QL40|RK33_DRANE	98.485	66	99	1.68e-43	137
ATCG00640.1_16288	sp|A4QKV2|RK33_CRUWA	98.485	66	99	1.68e-43	137
ATCG00640.1_16288	sp|A4QKL3|RK33_CAPBU	98.485	66	99	1.68e-43	137
ATCG00640.1_16288	sp|A4QK39|RK33_ARAHI	96.970	66	99	4.73e-43	136
AT4G08869.2_39405	sp|Q2V3K4|DF210_ARATH	100.000	69	99	1.03e-47	148
AT4G08869.2_39405	sp|Q2V3K2|DF209_ARATH	86.957	69	99	1.54e-41	132
AT4G08869.2_39405	sp|Q2V3K7|DF211_ARATH	43.548	62	89	3.40e-11	55.3
AT4G08869.2_39405	sp|Q2V305|DF219_ARATH	37.879	66	94	5.36e-10	52.5
AT4G08869.2_39405	sp|Q2V304|DF220_ARATH	39.655	58	83	3.42e-09	50.5
AT5G28780.1_62171	sp|Q0R4F1|PIF1_XENLA	28.972	214	63	2.51e-08	57.9
AT5G28780.1_62171	sp|Q6MHJ5|PIF1_BDEBA	29.286	140	41	4.46e-06	50.8
ATCG00360.1_16240	sp|P61844|YCF3_SINAL	100.000	126	99	3.42e-93	268
ATCG00360.1_16240	sp|Q53CF3|YCF3_BRAJU	100.000	126	99	3.42e-93	268
ATCG00360.1_16240	sp|P61843|YCF3_ARATH	100.000	126	99	3.42e-93	268
ATCG00360.1_16240	sp|A4GYR1|YCF3_POPTR	96.032	126	99	1.39e-89	259
ATCG00360.1_16240	sp|Q14FF6|YCF3_POPAL	96.032	126	99	1.39e-89	259
AT4G33355.1_49481	sp|Q2V3C1|NLTPB_ARATH	100.000	119	99	4.30e-84	243
AT4G33355.1_49481	sp|P85204|NLTP1_ACTCC	50.562	89	74	6.89e-27	97.5
AT4G33355.1_49481	sp|Q2QYL2|NLT2B_ORYSJ	48.913	92	77	8.04e-27	97.5
AT4G33355.1_49481	sp|A2ZAT0|NLTP2_ORYSI	48.913	92	77	9.01e-27	97.5
AT4G33355.1_49481	sp|Q7XJ39|NLT2A_ORYSJ	48.913	92	77	9.01e-27	97.5
AT3G30165.1_27795	sp|Q9LP10|Y1920_ARATH	51.220	82	79	2.76e-19	78.1
AT3G30165.1_27795	sp|Q9ZS96|Y4478_ARATH	40.741	54	54	9.58e-12	59.0
AT2G12280.1_2816	sp|Q9SPK5|FTHS_ARATH	100.000	74	81	3.64e-38	134
AT2G12280.1_2816	sp|P28723|FTHS_SPIOL	83.117	77	85	4.17e-35	126
AT2G12280.1_2816	sp|P27653|C1TC_RAT	74.324	74	81	2.74e-30	114
AT2G12280.1_2816	sp|Q922D8|C1TC_MOUSE	74.324	74	81	3.16e-30	114
AT2G12280.1_2816	sp|P11586|C1TC_HUMAN	72.973	74	81	4.29e-30	114
AT2G30615.1_9193	sp|Q0WRU9|FBK44_ARATH	39.604	202	96	8.06e-33	120
AT2G30615.1_9193	sp|Q3E9Z8|FB236_ARATH	47.368	133	69	3.66e-32	118
AT2G30615.1_9193	sp|Q8S8Q9|FBL40_ARATH	39.791	191	95	3.32e-31	116
AT2G30615.1_9193	sp|A8MS20|FB350_ARATH	38.418	177	83	9.20e-26	102
AT1G56233.1_92736	sp|Q2V4G6|DEF81_ARATH	100.000	87	99	8.39e-58	174
AT1G56233.1_92736	sp|P82761|DEF83_ARATH	43.590	78	86	2.91e-13	61.5
AT1G56233.1_92736	sp|P82791|DEF86_ARATH	37.778	90	99	5.88e-12	58.1
AT1G56233.1_92736	sp|Q2V2Y3|DEF84_ARATH	41.892	74	78	1.27e-08	49.4
AT1G56233.1_92736	sp|Q2V3J0|DEF89_ARATH	37.500	80	89	5.97e-07	45.2
AT5G59305.1_71774	sp|Q8LDN4|CLE46_ARATH	100.000	76	99	1.36e-51	158
AT1G32020.1_86898	sp|Q9C6W9|FB28_ARATH	100.000	171	99	3.76e-127	356
AT1G32020.1_86898	sp|Q8H1M0|FDL16_ARATH	49.640	139	80	1.60e-40	141
AT1G32020.1_86898	sp|Q9FLA2|FDL34_ARATH	51.095	137	78	1.36e-36	130
AT1G32020.1_86898	sp|Q9FLA3|FBD42_ARATH	42.105	152	86	1.01e-25	101
AT1G32020.1_86898	sp|Q56XS8|FDL2_ARATH	38.926	149	78	3.39e-24	98.1
AT1G36020.1_88134	sp|I3XHK1|FANCM_ARATH	83.486	109	83	6.26e-53	180
AT1G70360.2_97454	sp|O64600|FB81_ARATH	97.059	68	77	2.74e-42	137
AT1G70360.2_97454	sp|Q9ZUB9|FB17_ARATH	68.182	66	74	1.97e-20	84.3
AT1G70360.2_97454	sp|Q9ZUB8|SKI22_ARATH	65.217	69	77	4.14e-20	84.6
AT4G14225.1_41447	sp|Q3EA33|SAP8_ARATH	100.000	125	99	1.17e-90	260
AT4G14225.1_41447	sp|Q7Y1W9|SAP9_ORYSJ	41.549	142	96	1.15e-27	100
AT4G14225.1_41447	sp|Q9STJ9|SAP10_ARATH	42.623	122	94	6.74e-27	98.1
AT4G14225.1_41447	sp|Q6NNI8|SAP1_ARATH	38.312	154	97	3.23e-26	97.2
AT4G14225.1_41447	sp|Q852K5|SAP6_ORYSJ	39.007	141	96	4.55e-26	96.7
ATCG01020.1_16351	sp|A4QL69|RK32_DRANE	98.077	52	98	2.38e-29	100
ATCG01020.1_16351	sp|A4QKY2|RK32_CRUWA	98.077	52	98	2.38e-29	100
ATCG01020.1_16351	sp|A4QKP3|RK32_CAPBU	98.077	52	98	2.38e-29	100
ATCG01020.1_16351	sp|A4QK68|RK32_ARAHI	98.077	52	98	8.16e-29	99.2
ATCG01020.1_16351	sp|A4QJP8|RK32_AETGR	96.154	52	98	1.16e-28	98.6
AT1G23910.1_84215	sp|P0C0B0|Y1400_ARATH	75.342	73	99	3.24e-35	117
AT1G23910.1_84215	sp|Q93VR4|ML423_ARATH	45.714	70	95	2.33e-11	57.3
AT1G23910.1_84215	sp|P0C0B1|Y1401_ARATH	35.714	70	95	6.12e-09	50.8
AT2G05635.2_1721	sp|A4K436|RTEL1_BOVIN	36.207	116	76	1.42e-08	54.5
AT2G05635.2_1721	sp|P0C928|RTEL1_DANRE	35.000	100	67	3.55e-08	53.4
AT2G05635.2_1721	sp|Q0VGM9|RTEL1_MOUSE	52.941	51	33	1.07e-07	52.2
AT2G05635.2_1721	sp|Q6H1L8|RTEL1_MUSSP	52.941	51	33	4.73e-07	50.3
AT2G05635.2_1721	sp|A0A0P0V4R0|RTEL1_ORYSJ	48.980	49	32	1.46e-06	48.9
AT5G46877.1_67122	sp|Q2V309|DF304_ARATH	100.000	87	99	2.39e-60	181
AT5G46877.1_67122	sp|Q2V311|DF303_ARATH	61.111	72	82	9.85e-26	92.7
AT2G07696.1_2260	sp|P92557|RT07_ARATH	100.000	148	99	2.78e-108	306
AT2G07696.1_2260	sp|Q01902|RT07_WHEAT	89.865	148	99	6.70e-96	275
AT2G07696.1_2260	sp|Q9MF82|RT07_BETVU	88.514	148	99	4.97e-94	270
AT2G07696.1_2260	sp|P26867|RT07_MARPO	61.905	147	98	4.39e-60	186
AT2G07696.1_2260	sp|Q4FLL5|RS7_PELUB	40.580	138	92	5.39e-31	109
AT2G15710.1_3629	sp|Q9FPT1|UBP12_ARATH	29.286	140	37	2.14e-08	58.7
AT2G15710.1_3629	sp|Q9M2J6|MCC15_ARATH	33.028	109	27	2.35e-08	57.3
AT2G15710.1_3629	sp|Q9M2H5|MCC29_ARATH	32.381	105	27	9.79e-08	55.3
AT2G15710.1_3629	sp|Q84WU2|UBP13_ARATH	26.220	164	44	4.41e-07	54.8
AT2G15710.1_3629	sp|F4J4P8|MCC17_ARATH	30.000	110	27	1.01e-06	52.2
AT1G49005.1_89993	sp|Q3ECU1|CLE11_ARATH	100.000	99	99	3.85e-70	206
AT1G49005.1_89993	sp|Q6NMF0|CLE13_ARATH	35.714	98	91	3.10e-09	51.7
AT1G49005.1_89993	sp|Q29PU4|CLE12_ARATH	40.741	54	54	8.77e-08	48.3
AT1G01020.1_75107	sp|Q5MK24|ARV1_ARATH	100.000	245	99	3.88e-172	475
AT1G01020.1_75107	sp|Q5MK23|ARV2_ARATH	66.063	221	90	1.28e-88	261
AT1G01020.1_75107	sp|Q54GD9|ARV1_DICDI	26.522	230	87	6.82e-25	98.6
AT1G01020.1_75107	sp|Q9HDX5|ARV1_SCHPO	30.544	239	91	1.19e-18	82.9
AT1G01020.1_75107	sp|Q9H2C2|ARV1_HUMAN	26.238	202	78	2.63e-10	60.4
AT2G27145.1_7907	sp|P82724|DF146_ARATH	100.000	79	99	9.06e-53	161
AT2G27145.1_7907	sp|P82716|DF147_ARATH	39.506	81	91	1.40e-11	56.7
AT2G27145.1_7907	sp|Q8S8H3|DF149_ARATH	37.975	79	98	3.25e-11	55.6
AT2G27145.1_7907	sp|P82719|DF148_ARATH	37.805	82	96	6.95e-10	52.2
AT2G27145.1_7907	sp|P82747|DF150_ARATH	34.118	85	98	9.25e-10	51.9
AT3G28922.1_27365	sp|Q9ZQA4|PME14_ARATH	64.912	57	92	2.26e-13	64.3
AT3G28922.1_27365	sp|Q9ZQA3|PME15_ARATH	49.153	59	95	1.44e-08	51.7
AT3G28922.1_27365	sp|Q8VYZ3|PME53_ARATH	43.103	58	94	3.51e-07	47.7
AT3G28922.1_27365	sp|Q9FKF3|PME63_ARATH	43.860	57	92	6.81e-07	46.6
AT3G28922.1_27365	sp|D8VPP5|AL11A_OLEEU	43.860	57	92	6.91e-07	46.9
AT3G45577.1_29573	sp|Q9M1E8|SEN21_ARATH	83.673	98	80	3.42e-51	162
AT3G45577.1_29573	sp|Q9LSS3|SEN22_ARATH	69.792	96	78	6.94e-40	133
AT3G45577.1_29573	sp|Q5Z6B1|SEN2_ORYSJ	41.463	82	69	4.34e-15	70.5
AT3G45577.1_29573	sp|Q8NCE0|SEN2_HUMAN	31.068	103	85	7.10e-06	46.0
AT3G50510.1_31339	sp|Q9SCS4|LBD28_ARATH	100.000	198	99	1.85e-152	422
AT3G50510.1_31339	sp|A1YKY7|IAL1_MAIZE	52.830	106	53	1.06e-35	125
AT3G50510.1_31339	sp|O64836|LBD10_ARATH	47.458	118	59	1.10e-35	126
AT3G50510.1_31339	sp|Q32SG3|LBD6_MAIZE	52.830	106	53	5.91e-35	123
AT3G50510.1_31339	sp|Q8LQH4|LBD6_ORYSJ	52.830	106	53	7.80e-34	121
AT3G42160.1_28436	sp|Q4PT34|PME56_ARATH	81.250	32	21	1.00e-11	62.4
AT3G42160.1_28436	sp|Q43043|PME_PETIN	33.333	108	65	1.30e-08	54.5
AT3G42160.1_28436	sp|Q1JPL7|PME18_ARATH	78.125	32	21	1.45e-06	48.9
AT3G42160.1_28436	sp|Q9M3B0|PME34_ARATH	72.727	33	21	1.47e-06	48.9
AT3G42160.1_28436	sp|P83947|PME1_FICPW	78.125	32	21	2.04e-06	48.6
AT2G18530.1_4610	sp|Q9SND6|M3K20_ARATH	32.381	210	84	3.00e-24	98.1
AT2G18530.1_4610	sp|O80888|M3K17_ARATH	31.122	196	76	6.72e-18	81.5
AT2G18530.1_4610	sp|Q9ZVP5|M3K18_ARATH	33.663	202	79	1.21e-17	80.4
AT2G18530.1_4610	sp|Q9C5H5|M3K5G_ARATH	30.055	183	73	1.09e-14	73.9
AT2G18530.1_4610	sp|Q9FZ36|M3K2_ARATH	29.293	198	80	1.46e-14	73.6
AT1G10250.1_79045	sp|Q9XIK6|SNL6_ARATH	97.143	70	90	1.69e-39	140
AT1G10250.1_79045	sp|Q9XIE1|SNL5_ARATH	91.429	70	90	1.91e-36	132
AT1G10250.1_79045	sp|O04539|SNL4_ARATH	72.857	70	90	1.08e-27	106
AT1G10250.1_79045	sp|O48686|SNL3_ARATH	67.143	70	90	1.90e-25	100
AT1G10250.1_79045	sp|Q9SRH9|SNL1_ARATH	67.143	70	90	4.38e-24	96.7
ATCG00020.1_16183	sp|Q09G66|PSBA_PLAOC	100.000	353	99	0.0	721
ATCG00020.1_16183	sp|Q06FY1|PSBA_PELHO	100.000	353	99	0.0	721
ATCG00020.1_16183	sp|A4QJR4|PSBA_OLIPU	100.000	353	99	0.0	721
ATCG00020.1_16183	sp|B0Z5A8|PSBA_OENPA	100.000	353	99	0.0	721
ATCG00020.1_16183	sp|B0Z524|PSBA_OENGL	100.000	353	99	0.0	721
ATCG00050.1_16188	sp|P56806|RR16_ARATH	100.000	79	99	7.89e-54	164
ATCG00050.1_16188	sp|P10359|RR16_SINAL	92.405	79	99	2.50e-49	152
ATCG00050.1_16188	sp|Q2L8Y7|RR16_GOSHI	83.544	79	99	3.35e-44	140
ATCG00050.1_16188	sp|A0ZZ17|RR16_GOSBA	82.278	79	99	1.31e-43	138
ATCG00050.1_16188	sp|Q06GS8|RR16_PIPCE	82.278	79	99	1.55e-42	135
