Arabidopsis_thaliana_Chr4_003830_1416158	sp|Q5BKN5|CD123_XENTR	42.373	59	98	1.58e-10	56.7
Arabidopsis_thaliana_Chr4_003830_1416158	sp|Q75JF9|CD123_DICDI	41.379	58	97	2.41e-10	56.4
Arabidopsis_thaliana_Chr4_003830_1416158	sp|O75794|CD123_HUMAN	40.678	59	98	2.53e-10	56.2
Arabidopsis_thaliana_Chr4_003830_1416158	sp|Q641C9|CD123_XENLA	38.983	59	98	4.39e-10	55.6
Arabidopsis_thaliana_Chr4_003830_1416158	sp|A7RFT2|CD123_NEMVE	42.373	59	98	1.08e-09	54.5
Arabidopsis_thaliana_ChrM_000028_1416804	sp|P93286|CCMFC_ARATH	92.208	154	88	4.66e-103	302
Arabidopsis_thaliana_ChrM_000028_1416804	sp|P38451|YMF02_MARPO	66.667	69	70	9.33e-24	95.3
Arabidopsis_thaliana_ChrM_000028_1416804	sp|P38451|YMF02_MARPO	64.912	57	70	4.46e-14	69.7
Arabidopsis_thaliana_Chr4_003745_1415988	sp|Q9ZT94|POLR2_ARATH	43.382	544	70	2.76e-146	452
Arabidopsis_thaliana_Chr4_003745_1415988	sp|Q94HW2|POLR1_ARATH	43.566	544	70	5.30e-146	451
Arabidopsis_thaliana_Chr4_003745_1415988	sp|P10978|POLX_TOBAC	36.935	509	66	1.49e-93	310
Arabidopsis_thaliana_Chr4_003745_1415988	sp|P04146|COPIA_DROME	36.495	485	63	2.38e-87	294
Arabidopsis_thaliana_Chr4_003745_1415988	sp|P92519|M810_ARATH	53.097	226	31	9.12e-83	259
Arabidopsis_thaliana_Chr1_005446_1440116	sp|C0Z361|CPNB3_ARATH	75.676	37	45	1.74e-11	60.7
Arabidopsis_thaliana_Chr1_005446_1440116	sp|P08927|RUBB_PEA	75.676	37	45	2.88e-11	60.1
Arabidopsis_thaliana_Chr1_005446_1440116	sp|P21241|RUBB_BRANA	70.270	37	45	6.54e-09	53.4
Arabidopsis_thaliana_Chr1_005446_1440116	sp|P21240|CPNB1_ARATH	70.270	37	45	7.18e-09	53.4
Arabidopsis_thaliana_Chr1_005446_1440116	sp|Q9LJE4|CPNB2_ARATH	67.568	37	45	1.93e-08	51.9
Arabidopsis_thaliana_Chr1_002426_1434076	sp|Q93YN9|IPPK_ARATH	67.647	34	45	2.65e-09	54.2
Arabidopsis_thaliana_Chr1_001867_1432958	sp|Q9C8Y8|FDL7_ARATH	83.486	218	98	9.55e-121	349
Arabidopsis_thaliana_Chr1_001867_1432958	sp|Q9C8Y7|FDL8_ARATH	57.333	225	99	7.05e-71	221
Arabidopsis_thaliana_Chr1_001867_1432958	sp|Q9C8Y5|FBD6_ARATH	52.444	225	99	7.86e-62	197
Arabidopsis_thaliana_Chr1_001867_1432958	sp|Q9C8Y6|FBD5_ARATH	50.893	224	99	9.43e-56	181
Arabidopsis_thaliana_Chr1_001867_1432958	sp|Q9FWZ1|FBL13_ARATH	46.575	219	96	1.34e-49	166
Arabidopsis_thaliana_Chr5_005031_1426874	sp|P0C8L4|Y4648_ARATH	42.520	127	85	6.08e-24	92.5
Arabidopsis_thaliana_Chr5_005031_1426874	sp|F4I1X0|HIP41_ARATH	48.485	99	74	4.22e-21	89.1
Arabidopsis_thaliana_Chr3_002809_1403348	sp|O64637|C76C2_ARATH	44.444	189	72	7.54e-48	164
Arabidopsis_thaliana_Chr3_002809_1403348	sp|O64636|C76C1_ARATH	43.415	205	78	4.95e-47	161
Arabidopsis_thaliana_Chr3_002809_1403348	sp|O64635|C76C4_ARATH	42.105	209	79	1.57e-46	160
Arabidopsis_thaliana_Chr3_002809_1403348	sp|O64638|C76C3_ARATH	41.429	210	79	3.46e-43	151
Arabidopsis_thaliana_Chr3_002809_1403348	sp|P0DXJ6|C7631_LOPWI	36.022	186	71	2.09e-29	115
Arabidopsis_thaliana_ChrM_000018_1416784	sp|P68541|ATPAM_RAPSA	99.606	507	99	0.0	1037
Arabidopsis_thaliana_ChrM_000018_1416784	sp|P68542|ATPAM_BRACM	99.606	507	99	0.0	1037
Arabidopsis_thaliana_ChrM_000018_1416784	sp|P22201|ATPAM_BRANA	99.408	507	99	0.0	1035
Arabidopsis_thaliana_ChrM_000018_1416784	sp|P92549|ATPAM_ARATH	99.014	507	99	0.0	1025
Arabidopsis_thaliana_ChrM_000018_1416784	sp|P05495|ATPAM_NICPL	93.320	509	99	0.0	980
Arabidopsis_thaliana_Chr1_001978_1433180	sp|Q9XEC1|Y4443_ARATH	28.671	143	24	3.90e-10	64.0
Arabidopsis_thaliana_Chr4_001081_1410660	sp|Q9SUR8|FBK88_ARATH	55.363	289	97	2.87e-92	276
Arabidopsis_thaliana_Chr4_001081_1410660	sp|Q1PE27|FBK92_ARATH	51.903	289	97	1.08e-87	264
Arabidopsis_thaliana_Chr4_001081_1410660	sp|Q9M2B5|FBK72_ARATH	53.957	278	97	1.71e-82	251
Arabidopsis_thaliana_Chr4_001081_1410660	sp|O49488|FBK93_ARATH	54.412	272	96	1.47e-81	246
Arabidopsis_thaliana_Chr4_001081_1410660	sp|Q9T035|FBK97_ARATH	49.296	284	98	3.90e-74	229
Arabidopsis_thaliana_Chr3_002109_1401948	sp|Q9LXJ7|FBD11_ARATH	94.471	416	99	0.0	773
Arabidopsis_thaliana_Chr3_002109_1401948	sp|Q9LXJ6|FDL21_ARATH	61.098	437	99	5.07e-168	475
Arabidopsis_thaliana_Chr3_002109_1401948	sp|Q8LF09|FDL23_ARATH	58.087	439	99	3.53e-158	450
Arabidopsis_thaliana_Chr3_002109_1401948	sp|Q501E9|FDL20_ARATH	52.584	445	99	1.12e-124	364
Arabidopsis_thaliana_Chr3_002109_1401948	sp|Q9SMT9|FBD9_ARATH	51.025	439	99	1.47e-118	348
Arabidopsis_thaliana_Chr2_000713_1390828	sp|F4JW68|FLZ7_ARATH	45.283	53	74	1.17e-08	49.7
Arabidopsis_thaliana_Chr2_000713_1390828	sp|Q8VZM9|FLZ2_ARATH	43.103	58	81	2.30e-07	46.9
Arabidopsis_thaliana_Chr2_000713_1390828	sp|Q9FGQ9|FLZ1_ARATH	43.333	60	84	3.93e-07	46.6
Arabidopsis_thaliana_Chr4_000615_1409728	sp|Q9SVM3|RLP49_ARATH	99.882	844	99	0.0	1674
Arabidopsis_thaliana_Chr4_000615_1409728	sp|Q9SVN2|RLP47_ARATH	84.527	698	82	0.0	1120
Arabidopsis_thaliana_Chr4_000615_1409728	sp|Q93YT3|RLP50_ARATH	64.317	922	99	0.0	1041
Arabidopsis_thaliana_Chr4_000615_1409728	sp|F4JTU7|RLP48_ARATH	61.910	869	98	0.0	923
Arabidopsis_thaliana_Chr4_000615_1409728	sp|Q9SRL7|RLP35_ARATH	45.842	938	98	0.0	636
Arabidopsis_thaliana_Chr5_000847_1418506	sp|Q9FJF8|HTT2_ARATH	92.800	125	99	1.66e-80	237
Arabidopsis_thaliana_Chr5_000847_1418506	sp|Q9SU75|HTT4_ARATH	58.730	126	99	9.19e-50	159
Arabidopsis_thaliana_Chr5_000847_1418506	sp|Q8LFW5|HTT1_ARATH	62.400	125	99	2.13e-49	159
Arabidopsis_thaliana_Chr3_001096_1399922	sp|P10978|POLX_TOBAC	22.581	372	85	5.67e-13	73.0
Arabidopsis_thaliana_Chr2_002075_1393552	sp|F4JLI5|XDH2_ARATH	63.855	83	82	6.98e-23	93.9
Arabidopsis_thaliana_Chr2_002075_1393552	sp|Q8GUQ8|XDH1_ARATH	61.446	83	82	2.66e-22	92.2
Arabidopsis_thaliana_Chr2_002075_1393552	sp|Q6AUV1|XDH_ORYSJ	50.602	83	82	3.01e-11	60.7
Arabidopsis_thaliana_Chr2_002075_1393552	sp|P08793|XDH_CALVI	41.379	58	56	1.52e-06	47.2
Arabidopsis_thaliana_Chr3_003787_1405304	sp|Q9LH31|TPS30_ARATH	95.833	72	99	1.45e-44	150
Arabidopsis_thaliana_Chr3_003787_1405304	sp|Q9LQ27|TPS22_ARATH	56.522	69	95	1.79e-19	82.9
Arabidopsis_thaliana_Chr3_003787_1405304	sp|Q9LUE2|TPS18_ARATH	50.725	69	95	9.40e-18	78.1
Arabidopsis_thaliana_Chr3_003787_1405304	sp|Q9LRR2|TPS17_ARATH	60.870	69	95	1.44e-17	77.5
Arabidopsis_thaliana_Chr3_003787_1405304	sp|Q9LIA1|TPS25_ARATH	47.887	71	97	3.61e-17	76.4
Arabidopsis_thaliana_Chr2_003828_1397058	sp|Q9S793|FRS8_ARATH	20.109	184	22	1.87e-07	58.1
Arabidopsis_thaliana_Chr2_000268_1389938	sp|Q04050|NU4M_BRACM	99.346	153	87	1.54e-105	309
Arabidopsis_thaliana_Chr2_000268_1389938	sp|P93313|NU4M_ARATH	91.503	153	87	2.37e-89	268
Arabidopsis_thaliana_Chr2_000268_1389938	sp|P27572|NU4M_WHEAT	85.621	153	87	8.82e-83	251
Arabidopsis_thaliana_Chr2_000268_1389938	sp|P26848|NU4M_MARPO	66.013	153	87	1.73e-47	160
Arabidopsis_thaliana_Chr2_000268_1389938	sp|Q37617|NU4M_PROWI	49.333	150	77	1.23e-29	113
Arabidopsis_thaliana_Chr5_005127_1427066	sp|Q9C9W9|ADO3_ARATH	94.937	79	91	5.28e-47	158
Arabidopsis_thaliana_Chr5_005127_1427066	sp|Q2R2W1|ADO3_ORYSJ	87.179	78	90	1.05e-42	146
Arabidopsis_thaliana_Chr5_005127_1427066	sp|Q94BT6|ADO1_ARATH	71.622	74	85	1.43e-34	124
Arabidopsis_thaliana_Chr5_005127_1427066	sp|Q5Z8K3|ADO1_ORYSJ	73.973	73	84	1.63e-34	125
Arabidopsis_thaliana_Chr5_005127_1427066	sp|Q67UX0|ADO2_ORYSJ	73.239	71	82	1.03e-32	120
Arabidopsis_thaliana_Chr4_003224_1414946	sp|Q8GWI5|Y4826_ARATH	100.000	257	99	0.0	512
Arabidopsis_thaliana_Chr4_003224_1414946	sp|Q3U155|CC174_MOUSE	43.243	111	41	1.24e-10	62.9
Arabidopsis_thaliana_Chr4_003224_1414946	sp|Q5PQS7|CC174_RAT	40.000	110	41	1.79e-10	62.6
Arabidopsis_thaliana_Chr4_003224_1414946	sp|Q5ZIH9|CC174_CHICK	37.500	112	43	3.58e-10	61.8
Arabidopsis_thaliana_Chr4_003224_1414946	sp|Q6PII3|CC174_HUMAN	38.182	110	41	1.65e-09	59.8
Arabidopsis_thaliana_Chr1_002049_1433322	sp|Q0WQ07|C7051_ARATH	65.217	92	99	1.64e-25	99.8
Arabidopsis_thaliana_Chr1_002049_1433322	sp|Q9LJY7|C75AK_ARATH	57.955	88	96	1.78e-22	91.6
Arabidopsis_thaliana_Chr1_002049_1433322	sp|Q9FI39|THAD_ARATH	60.000	90	98	1.06e-15	72.8
Arabidopsis_thaliana_Chr1_002049_1433322	sp|Q9LJY5|C05AK_ARATH	60.000	90	98	3.88e-12	62.9
Arabidopsis_thaliana_Chr1_002049_1433322	sp|Q9FH67|C705C_ARATH	54.545	88	96	1.32e-09	55.6
Arabidopsis_thaliana_Chr2_003674_1396750	sp|Q9SAA9|CP511_ARATH	77.151	337	99	0.0	557
Arabidopsis_thaliana_Chr2_003674_1396750	sp|P93846|CP51_SORBI	72.156	334	99	0.0	522
Arabidopsis_thaliana_Chr2_003674_1396750	sp|P93596|CP51_WHEAT	72.156	334	99	0.0	518
Arabidopsis_thaliana_Chr2_003674_1396750	sp|Q1ZXH9|CP51_DICDI	44.083	338	99	9.18e-95	286
Arabidopsis_thaliana_Chr2_003674_1396750	sp|Q1JPY5|CYP51_DANRE	41.840	337	99	1.66e-80	250
Arabidopsis_thaliana_Chr3_004578_1406886	sp|B9FJG3|RSLE1_ORYSJ	36.722	659	95	1.56e-138	414
Arabidopsis_thaliana_Chr3_004578_1406886	sp|Q6AVI0|RSLE2_ORYSJ	36.571	659	95	5.06e-137	410
Arabidopsis_thaliana_Chr3_004578_1406886	sp|Q75HY5|RSLE3_ORYSJ	33.997	653	95	1.36e-128	390
Arabidopsis_thaliana_Chr3_004578_1406886	sp|Q9M2N5|DSLE_ARATH	33.126	643	95	9.47e-122	370
Arabidopsis_thaliana_Chr3_004578_1406886	sp|Q0JMB2|RSLE4_ORYSJ	32.042	568	81	4.39e-95	301
Arabidopsis_thaliana_Chr3_000449_1398628	sp|F4JTJ9|ASY2_ARATH	92.055	793	98	0.0	1499
Arabidopsis_thaliana_Chr3_000449_1398628	sp|Q9LEX8|Y3093_ARATH	25.000	208	25	2.50e-13	77.0
Arabidopsis_thaliana_Chr5_004871_1426554	sp|Q9SD82|RFA1B_ARATH	25.978	358	75	6.10e-13	72.8
Arabidopsis_thaliana_Chr5_004871_1426554	sp|Q9FME0|RFA1D_ARATH	24.011	354	74	1.45e-10	65.7
Arabidopsis_thaliana_Chr5_004871_1426554	sp|Q65XV7|RFA1C_ORYSJ	23.098	368	77	5.51e-10	64.3
Arabidopsis_thaliana_Chr5_004871_1426554	sp|F4JSG3|RFA1E_ARATH	20.823	389	83	4.39e-08	58.4
Arabidopsis_thaliana_Chr5_001648_1420108	sp|F4KHH8|RPS6C_ARATH	76.389	144	92	3.21e-73	236
Arabidopsis_thaliana_Chr5_001648_1420108	sp|P0DKH6|RPS6R_ARATH	76.389	144	92	3.38e-73	236
Arabidopsis_thaliana_Chr5_001648_1420108	sp|F4KHI3|VICTR_ARATH	65.806	155	99	3.18e-64	212
Arabidopsis_thaliana_Chr5_001648_1420108	sp|Q9C7X0|ADR2_ARATH	62.914	151	96	7.79e-57	191
Arabidopsis_thaliana_Chr5_001648_1420108	sp|O82500|Y4117_ARATH	58.000	150	96	1.77e-56	190
Arabidopsis_thaliana_Chr2_003812_1397026	sp|Q9FZ70|FDL1_ARATH	48.980	49	48	3.68e-06	46.3
Arabidopsis_thaliana_Chr3_003773_1405276	sp|Q56X72|RTNLS_ARATH	87.273	55	19	4.71e-24	101
Arabidopsis_thaliana_Chr3_003773_1405276	sp|Q52QU2|AIL6_ARATH	65.672	67	20	4.45e-18	85.1
Arabidopsis_thaliana_Chr3_003773_1405276	sp|Q5YGP8|PLET1_ARATH	46.667	105	34	8.08e-18	84.6
Arabidopsis_thaliana_Chr3_003773_1405276	sp|Q6PQQ3|AIL5_ARATH	53.488	86	27	9.34e-18	84.3
Arabidopsis_thaliana_Chr3_003773_1405276	sp|Q5YGP7|PLET2_ARATH	46.667	105	34	3.44e-17	82.6
Arabidopsis_thaliana_Chr2_000155_1389712	sp|Q9LV26|FBL45_ARATH	59.124	411	99	1.87e-149	427
Arabidopsis_thaliana_Chr2_000155_1389712	sp|Q84W80|FBL42_ARATH	47.244	381	89	1.33e-86	267
Arabidopsis_thaliana_Chr2_000155_1389712	sp|Q9FX89|FB50_ARATH	50.000	336	80	3.68e-81	250
Arabidopsis_thaliana_Chr2_000155_1389712	sp|Q9LYZ4|FBL79_ARATH	47.425	369	88	6.86e-81	251
Arabidopsis_thaliana_Chr2_000155_1389712	sp|Q9FVT4|FB63_ARATH	46.006	363	91	4.16e-76	236
Arabidopsis_thaliana_Chr3_001656_1401042	sp|P08770|TRA1_MAIZE	27.875	287	89	4.12e-25	106
Arabidopsis_thaliana_Chr3_001656_1401042	sp|P03010|TRAC9_MAIZE	28.625	269	83	1.37e-22	99.2
Arabidopsis_thaliana_Chr3_001656_1401042	sp|Q9M2N5|DSLE_ARATH	26.038	265	86	2.46e-16	80.9
Arabidopsis_thaliana_Chr3_001656_1401042	sp|Q6AVI0|RSLE2_ORYSJ	35.294	136	44	3.48e-16	80.6
Arabidopsis_thaliana_Chr3_001656_1401042	sp|Q75HY5|RSLE3_ORYSJ	26.207	290	89	6.16e-15	77.0
Arabidopsis_thaliana_Chr1_000902_1431028	sp|Q8LAH7|OPR1_ARATH	80.000	80	93	7.02e-42	140
Arabidopsis_thaliana_Chr1_000902_1431028	sp|Q8GYB8|OPR2_ARATH	78.750	80	93	9.05e-41	137
Arabidopsis_thaliana_Chr1_000902_1431028	sp|Q9XG54|OPR1_SOLLC	78.481	79	92	1.42e-40	137
Arabidopsis_thaliana_Chr1_000902_1431028	sp|Q69TH4|OPR2_ORYSJ	78.750	80	93	1.32e-39	134
Arabidopsis_thaliana_Chr1_000902_1431028	sp|Q84QK0|OPR1_ORYSJ	78.750	80	93	1.62e-39	134
Arabidopsis_thaliana_Chr4_003391_1415280	sp|O81815|MO1_ARATH	63.077	65	97	1.74e-13	65.5
Arabidopsis_thaliana_Chr1_004861_1438946	sp|Q84UU4|HUMS_ARATH	53.738	214	99	3.64e-82	252
Arabidopsis_thaliana_Chr1_004861_1438946	sp|D0UZK2|TPS1_CITSI	38.462	208	97	8.94e-49	165
Arabidopsis_thaliana_Chr1_004861_1438946	sp|A0A348AUW1|TPS1G_CAMHI	36.744	215	99	8.64e-47	160
Arabidopsis_thaliana_Chr1_004861_1438946	sp|A0A348AUV6|TPS1B_CAMHI	36.744	215	99	8.64e-47	160
Arabidopsis_thaliana_Chr1_004861_1438946	sp|A0A348AUV7|TPS1C_CAMHI	36.744	215	99	9.33e-47	160
Arabidopsis_thaliana_Chr1_005221_1439666	sp|Q9FGW0|FLA20_ARATH	51.389	72	90	1.47e-14	68.8
Arabidopsis_thaliana_Chr4_003450_1415398	sp|O64973|RPS5_ARATH	70.968	465	97	0.0	701
Arabidopsis_thaliana_Chr4_003450_1415398	sp|O23317|DRL24_ARATH	93.956	364	76	0.0	699
Arabidopsis_thaliana_Chr4_003450_1415398	sp|Q8L3R3|RFL1_ARATH	67.308	468	98	0.0	670
Arabidopsis_thaliana_Chr4_003450_1415398	sp|P60838|SUMM2_ARATH	68.387	465	97	0.0	670
Arabidopsis_thaliana_Chr4_003450_1415398	sp|O82484|DRL23_ARATH	59.570	465	97	0.0	572
Arabidopsis_thaliana_Chr5_003560_1423932	sp|Q9XEC1|Y4443_ARATH	28.488	172	52	2.46e-14	73.6
Arabidopsis_thaliana_Chr1_005232_1439688	sp|Q9SX90|PUP20_ARATH	100.000	389	99	0.0	793
Arabidopsis_thaliana_Chr1_005232_1439688	sp|Q9SX93|PUP19_ARATH	83.163	392	99	0.0	634
Arabidopsis_thaliana_Chr1_005232_1439688	sp|Q1PFJ4|PUP17_ARATH	42.597	385	96	3.25e-96	289
Arabidopsis_thaliana_Chr1_005232_1439688	sp|Q9C508|PUP18_ARATH	43.188	389	98	1.05e-91	278
Arabidopsis_thaliana_Chr1_005232_1439688	sp|Q9C654|PUP23_ARATH	42.564	390	98	3.55e-91	277
Arabidopsis_thaliana_Chr1_005641_1440506	sp|Q9ASQ6|Y1972_ARATH	79.386	228	99	3.52e-116	350
Arabidopsis_thaliana_Chr1_005641_1440506	sp|C0LGG8|Y5343_ARATH	58.599	157	66	3.88e-50	174
Arabidopsis_thaliana_Chr1_005641_1440506	sp|C0LGG9|Y5344_ARATH	58.599	157	66	5.05e-50	174
Arabidopsis_thaliana_Chr1_005641_1440506	sp|C0LGE0|Y1765_ARATH	53.012	166	70	5.04e-48	168
Arabidopsis_thaliana_Chr1_005641_1440506	sp|Q9FXF2|RKF1_ARATH	51.807	166	70	3.14e-44	158
Arabidopsis_thaliana_Chr5_005799_1428410	sp|Q9LXD4|MRS29_ARATH	94.057	387	99	0.0	689
Arabidopsis_thaliana_Chr5_005799_1428410	sp|P0CZ21|MRS28_ARATH	63.415	369	94	4.20e-163	459
Arabidopsis_thaliana_Chr5_005799_1428410	sp|Q304A0|MRS27_ARATH	56.848	387	98	1.70e-137	394
Arabidopsis_thaliana_Chr5_005799_1428410	sp|Q9FLG2|MRS22_ARATH	57.474	388	98	1.42e-128	372
Arabidopsis_thaliana_Chr5_005799_1428410	sp|B8AJT9|MRS2I_ORYSI	54.400	375	96	2.50e-118	345
Arabidopsis_thaliana_Chr2_003982_1397366	sp|C0HLV2|NEPRN_NEPVE	41.477	352	87	1.31e-83	257
Arabidopsis_thaliana_Chr1_005872_1440968	sp|O48686|SNL3_ARATH	50.617	81	91	1.00e-18	81.8
Arabidopsis_thaliana_Chr1_005872_1440968	sp|O04539|SNL4_ARATH	50.685	73	82	9.10e-17	76.1
Arabidopsis_thaliana_Chr1_005872_1440968	sp|Q9LFQ3|SNL2_ARATH	47.945	73	82	2.15e-14	69.4
Arabidopsis_thaliana_Chr1_005872_1440968	sp|Q9XIK6|SNL6_ARATH	48.611	72	81	7.09e-12	62.1
Arabidopsis_thaliana_Chr1_005872_1440968	sp|Q9XIE1|SNL5_ARATH	47.826	69	78	1.22e-11	61.5
Arabidopsis_thaliana_Chr2_001310_1392022	sp|Q9XEC1|Y4443_ARATH	79.085	306	70	5.99e-158	448
Arabidopsis_thaliana_Chr2_000849_1391100	sp|Q9SIW2|CHR35_ARATH	41.304	230	99	1.80e-51	177
Arabidopsis_thaliana_Chr2_000849_1391100	sp|F4I8S3|CLSY3_ARATH	31.959	194	79	1.33e-14	73.6
Arabidopsis_thaliana_Chr2_000849_1391100	sp|Q9M297|CLSY1_ARATH	31.792	173	70	2.30e-13	70.0
Arabidopsis_thaliana_Chr2_000849_1391100	sp|F4K493|CLSY2_ARATH	30.366	191	79	7.17e-13	68.5
Arabidopsis_thaliana_Chr2_000849_1391100	sp|Q9LK10|CLSY4_ARATH	27.586	203	85	1.39e-11	64.9
Arabidopsis_thaliana_Chr3_002805_1403340	sp|Q8H2D1|REM8_ARATH	60.606	33	87	2.24e-09	53.1
Arabidopsis_thaliana_Chr3_002805_1403340	sp|O81778|REM9_ARATH	63.636	33	87	8.75e-08	48.3
Arabidopsis_thaliana_Chr3_002805_1403340	sp|O23076|REM15_ARATH	63.636	33	87	2.30e-07	47.2
Arabidopsis_thaliana_Chr3_002805_1403340	sp|Q8GYM4|REM14_ARATH	63.636	33	87	5.61e-07	46.0
Arabidopsis_thaliana_Chr3_002805_1403340	sp|Q9SB80|REM5_ARATH	58.824	34	89	8.62e-07	45.5
Arabidopsis_thaliana_Chr1_005227_1439678	sp|Q9FVS9|C96AF_ARATH	46.591	176	91	1.07e-50	169
Arabidopsis_thaliana_Chr1_005227_1439678	sp|A0A140IL92|C96T3_NARAP	33.529	170	88	6.16e-28	109
Arabidopsis_thaliana_Chr1_005227_1439678	sp|A0A140IL90|C96T1_NARAP	33.529	170	88	8.33e-28	109
Arabidopsis_thaliana_Chr1_005227_1439678	sp|A0A140IL91|C96T2_NARAP	33.529	170	88	2.03e-27	108
Arabidopsis_thaliana_Chr1_005227_1439678	sp|A0A2H5AIZ9|C96T2_NARPS	33.529	170	88	2.34e-27	107
Arabidopsis_thaliana_Chr1_003819_1436862	sp|Q8RWR2|LRP1B_ARATH	46.250	80	60	1.37e-21	89.9
Arabidopsis_thaliana_Chr1_003819_1436862	sp|Q940X9|LRP1A_ARATH	41.304	92	69	4.61e-16	75.6
Arabidopsis_thaliana_Chr1_003819_1436862	sp|Q659C4|LAR1B_HUMAN	43.210	81	61	1.33e-15	74.2
Arabidopsis_thaliana_Chr1_003819_1436862	sp|Q6PKG0|LARP1_HUMAN	37.168	113	85	2.13e-14	70.8
Arabidopsis_thaliana_Chr1_003819_1436862	sp|Q6ZQ58|LARP1_MOUSE	39.000	100	75	2.24e-13	68.0
Arabidopsis_thaliana_Chr5_001700_1420212	sp|F4I594|RLM1A_ARATH	46.835	790	87	0.0	629
Arabidopsis_thaliana_Chr5_001700_1420212	sp|Q9CAK1|RLM1B_ARATH	47.215	790	87	0.0	628
Arabidopsis_thaliana_Chr5_001700_1420212	sp|O82500|Y4117_ARATH	45.480	719	79	0.0	587
Arabidopsis_thaliana_Chr5_001700_1420212	sp|Q9C7X0|ADR2_ARATH	44.110	798	87	0.0	569
Arabidopsis_thaliana_Chr5_001700_1420212	sp|F4JWM0|DSC2_ARATH	45.340	633	77	1.08e-157	481
Arabidopsis_thaliana_Chr5_001700_1420212	sp|F4JWM0|DSC2_ARATH	31.633	294	77	1.83e-14	81.2
Arabidopsis_thaliana_Chr4_003244_1414986	sp|P0C043|PP318_ARATH	100.000	463	99	0.0	957
Arabidopsis_thaliana_Chr4_003244_1414986	sp|Q56XR6|PP421_ARATH	73.491	464	99	0.0	713
Arabidopsis_thaliana_Chr4_003244_1414986	sp|Q9SXD1|PPR91_ARATH	29.663	445	96	6.25e-62	208
Arabidopsis_thaliana_Chr4_003244_1414986	sp|Q9SXD1|PPR91_ARATH	29.474	380	96	3.58e-55	190
Arabidopsis_thaliana_Chr4_003244_1414986	sp|Q9SXD1|PPR91_ARATH	28.363	342	96	9.07e-42	154
Arabidopsis_thaliana_Chr4_003244_1414986	sp|Q9SXD1|PPR91_ARATH	26.344	372	96	6.77e-39	147
Arabidopsis_thaliana_Chr4_003244_1414986	sp|Q9SXD1|PPR91_ARATH	26.974	304	96	3.64e-25	109
Arabidopsis_thaliana_Chr4_003244_1414986	sp|Q9SXD1|PPR91_ARATH	24.399	291	96	4.50e-21	97.5
Arabidopsis_thaliana_Chr4_003244_1414986	sp|Q9SXD1|PPR91_ARATH	22.727	264	96	5.67e-10	64.3
Arabidopsis_thaliana_Chr4_003244_1414986	sp|Q6NQ83|PP247_ARATH	29.530	447	96	9.64e-62	207
Arabidopsis_thaliana_Chr4_003244_1414986	sp|Q6NQ83|PP247_ARATH	28.021	389	96	5.14e-47	168
Arabidopsis_thaliana_Chr4_003244_1414986	sp|Q6NQ83|PP247_ARATH	27.068	399	96	1.20e-38	146
Arabidopsis_thaliana_Chr4_003244_1414986	sp|Q6NQ83|PP247_ARATH	30.634	284	96	3.85e-37	142
Arabidopsis_thaliana_Chr4_003244_1414986	sp|Q6NQ83|PP247_ARATH	27.668	253	96	5.75e-32	128
Arabidopsis_thaliana_Chr4_003244_1414986	sp|Q6NQ83|PP247_ARATH	26.923	234	96	6.44e-18	88.2
Arabidopsis_thaliana_Chr4_003244_1414986	sp|Q6NQ83|PP247_ARATH	24.194	248	96	4.38e-09	61.5
Arabidopsis_thaliana_Chr4_003244_1414986	sp|Q6NQ83|PP247_ARATH	40.000	80	96	1.24e-08	60.1
Arabidopsis_thaliana_Chr4_003244_1414986	sp|Q9LPX2|PPR39_ARATH	29.330	433	96	9.36e-61	205
Arabidopsis_thaliana_Chr4_003244_1414986	sp|Q9LPX2|PPR39_ARATH	28.904	429	96	7.59e-52	182
Arabidopsis_thaliana_Chr4_003244_1414986	sp|Q9LPX2|PPR39_ARATH	27.363	402	96	4.95e-45	163
Arabidopsis_thaliana_Chr3_002025_1401780	sp|P63155|CRNL1_RAT	45.283	159	75	4.41e-32	122
Arabidopsis_thaliana_Chr3_002025_1401780	sp|P63154|CRNL1_MOUSE	45.283	159	75	4.41e-32	122
Arabidopsis_thaliana_Chr3_002025_1401780	sp|Q9BZJ0|CRNL1_HUMAN	45.283	159	75	7.24e-32	122
Arabidopsis_thaliana_Chr3_002025_1401780	sp|P17886|CRN_DROME	43.902	164	75	1.96e-31	120
Arabidopsis_thaliana_Chr3_002025_1401780	sp|Q5K654|CLF1_PARBR	41.860	172	76	2.89e-30	117
Arabidopsis_thaliana_Chr5_001275_1419362	sp|Q17QR8|HARB1_BOVIN	28.824	170	42	4.79e-13	71.4
Arabidopsis_thaliana_Chr5_001275_1419362	sp|Q96MB7|HARB1_HUMAN	28.824	170	42	6.41e-13	70.8
Arabidopsis_thaliana_Chr5_001275_1419362	sp|B0BN95|HARB1_RAT	28.824	170	42	6.89e-13	70.8
Arabidopsis_thaliana_Chr5_001275_1419362	sp|Q8BR93|HARB1_MOUSE	28.824	170	42	2.60e-11	66.3
Arabidopsis_thaliana_Chr5_001275_1419362	sp|Q6AZB8|HARB1_DANRE	23.144	229	56	5.72e-07	53.6
Arabidopsis_thaliana_Chr3_004884_1407498	sp|Q9LU49|FK123_ARATH	48.889	270	83	3.89e-52	172
Arabidopsis_thaliana_Chr3_004884_1407498	sp|Q94K34|FBK51_ARATH	50.952	210	72	1.20e-49	167
Arabidopsis_thaliana_Chr3_004884_1407498	sp|Q9FFV4|FK116_ARATH	44.444	279	86	1.59e-49	165
Arabidopsis_thaliana_Chr3_004884_1407498	sp|Q9C9X9|FBK52_ARATH	39.867	301	98	4.51e-39	138
Arabidopsis_thaliana_Chr3_004884_1407498	sp|Q9SVA3|FBK98_ARATH	35.780	327	96	2.89e-35	129
Arabidopsis_thaliana_Chr3_003788_1405306	sp|Q9LH31|TPS30_ARATH	96.875	96	99	1.15e-62	199
Arabidopsis_thaliana_Chr3_003788_1405306	sp|Q9LQ27|TPS22_ARATH	62.500	96	99	9.06e-36	128
Arabidopsis_thaliana_Chr3_003788_1405306	sp|Q9LRR2|TPS17_ARATH	58.763	97	99	3.24e-31	116
Arabidopsis_thaliana_Chr3_003788_1405306	sp|Q9LUE2|TPS18_ARATH	53.684	95	97	1.66e-28	108
Arabidopsis_thaliana_Chr3_003788_1405306	sp|Q9LUE0|TPS19_ARATH	53.684	95	97	2.18e-27	105
Arabidopsis_thaliana_Chr4_000218_1408934	sp|O81432|Y4409_ARATH	71.053	38	12	8.56e-10	59.0
Arabidopsis_thaliana_Chr2_000153_1389708	sp|Q8LGB6|ZED1_ARATH	86.047	43	93	2.53e-18	77.0
Arabidopsis_thaliana_Chr3_002614_1402958	sp|P08770|TRA1_MAIZE	33.333	663	92	9.05e-93	298
Arabidopsis_thaliana_Chr3_002614_1402958	sp|P03010|TRAC9_MAIZE	33.600	625	87	3.08e-87	284
Arabidopsis_thaliana_Chr3_002614_1402958	sp|Q6AVI0|RSLE2_ORYSJ	30.402	671	92	2.48e-86	280
Arabidopsis_thaliana_Chr3_002614_1402958	sp|B9FJG3|RSLE1_ORYSJ	30.133	677	92	3.50e-84	274
Arabidopsis_thaliana_Chr3_002614_1402958	sp|Q75HY5|RSLE3_ORYSJ	29.911	672	92	1.21e-83	273
Arabidopsis_thaliana_Chr3_003840_1405410	sp|F4J300|SDR5_ARATH	76.136	88	62	1.43e-38	131
Arabidopsis_thaliana_Chr3_003840_1405410	sp|F4J2Z7|SDR4_ARATH	77.108	83	59	2.15e-36	126
Arabidopsis_thaliana_Chr3_003840_1405410	sp|O80713|SDR3A_ARATH	71.591	88	62	4.44e-35	122
Arabidopsis_thaliana_Chr3_003840_1405410	sp|O80714|SDR3C_ARATH	71.591	88	62	3.29e-34	120
Arabidopsis_thaliana_Chr3_003840_1405410	sp|Q94K41|SDR3B_ARATH	69.318	88	62	8.43e-34	118
Arabidopsis_thaliana_Chr1_006728_1442680	sp|P08770|TRA1_MAIZE	34.270	534	75	8.32e-93	298
Arabidopsis_thaliana_Chr1_006728_1442680	sp|Q6AVI0|RSLE2_ORYSJ	29.641	641	85	6.66e-92	294
Arabidopsis_thaliana_Chr1_006728_1442680	sp|B9FJG3|RSLE1_ORYSJ	29.329	641	85	6.22e-89	286
Arabidopsis_thaliana_Chr1_006728_1442680	sp|Q9M2N5|DSLE_ARATH	30.642	545	79	1.02e-87	282
Arabidopsis_thaliana_Chr1_006728_1442680	sp|Q75HY5|RSLE3_ORYSJ	27.848	632	85	6.09e-86	279
Arabidopsis_thaliana_ChrM_000009_1416766	sp|Q04050|NU4M_BRACM	99.346	153	87	1.54e-105	309
Arabidopsis_thaliana_ChrM_000009_1416766	sp|P93313|NU4M_ARATH	91.503	153	87	2.37e-89	268
Arabidopsis_thaliana_ChrM_000009_1416766	sp|P27572|NU4M_WHEAT	85.621	153	87	8.82e-83	251
Arabidopsis_thaliana_ChrM_000009_1416766	sp|P26848|NU4M_MARPO	66.013	153	87	1.73e-47	160
Arabidopsis_thaliana_ChrM_000009_1416766	sp|Q37617|NU4M_PROWI	49.333	150	77	1.23e-29	113
Arabidopsis_thaliana_Chr3_001576_1400882	sp|Q9LP10|Y1920_ARATH	38.667	150	87	5.37e-22	87.1
Arabidopsis_thaliana_Chr3_001576_1400882	sp|Q9ZS96|Y4478_ARATH	28.421	95	58	3.18e-10	56.7
Arabidopsis_thaliana_Chr4_000861_1410220	sp|Q9SVV9|AML3_ARATH	95.389	759	99	0.0	1439
Arabidopsis_thaliana_Chr4_000861_1410220	sp|Q8VWF5|AML5_ARATH	52.288	765	94	0.0	660
Arabidopsis_thaliana_Chr4_000861_1410220	sp|Q6ZI17|OML2_ORYSJ	47.334	769	93	0.0	603
Arabidopsis_thaliana_Chr4_000861_1410220	sp|Q6EQX3|OML5_ORYSJ	43.495	761	94	0.0	530
Arabidopsis_thaliana_Chr4_000861_1410220	sp|Q9SJG8|AML2_ARATH	41.184	743	91	2.85e-147	442
Arabidopsis_thaliana_ChrM_000007_1416762	sp|P93311|RM02N_ARATH	99.349	307	99	0.0	594
Arabidopsis_thaliana_ChrM_000007_1416762	sp|P92812|RM02_ORYSJ	79.412	102	70	8.06e-44	154
Arabidopsis_thaliana_ChrM_000007_1416762	sp|P92812|RM02_ORYSJ	67.521	117	70	1.30e-41	148
Arabidopsis_thaliana_ChrM_000007_1416762	sp|Q2F969|RM02_ORYSI	79.412	102	70	8.06e-44	154
Arabidopsis_thaliana_ChrM_000007_1416762	sp|Q2F969|RM02_ORYSI	67.521	117	70	1.30e-41	148
Arabidopsis_thaliana_ChrM_000007_1416762	sp|P0C8K6|RM02_ORYSA	79.412	102	70	8.06e-44	154
Arabidopsis_thaliana_ChrM_000007_1416762	sp|P0C8K6|RM02_ORYSA	67.521	117	70	1.30e-41	148
Arabidopsis_thaliana_ChrM_000007_1416762	sp|P26859|RM02_MARPO	75.676	74	24	1.65e-27	111
Arabidopsis_thaliana_Chr5_004892_1426596	sp|Q06429|1A11_ARATH	98.710	155	99	4.75e-115	333
Arabidopsis_thaliana_Chr5_004892_1426596	sp|Q06402|1A12_ARATH	73.684	152	97	7.87e-83	250
Arabidopsis_thaliana_Chr5_004892_1426596	sp|P18485|1A12_SOLLC	73.510	151	96	2.15e-80	244
Arabidopsis_thaliana_Chr5_004892_1426596	sp|Q07262|1A1C_TOBAC	74.324	148	94	4.16e-80	243
Arabidopsis_thaliana_Chr5_004892_1426596	sp|Q9MB95|1A11_PRUMU	69.231	156	99	7.23e-79	240
Arabidopsis_thaliana_Chr3_004897_1407524	sp|Q02283|HAT5_ARATH	87.692	65	90	6.73e-26	96.7
Arabidopsis_thaliana_Chr2_000196_1389794	sp|Q9LJY5|C05AK_ARATH	63.529	85	83	3.08e-33	120
Arabidopsis_thaliana_Chr2_000196_1389794	sp|Q9FH67|C705C_ARATH	62.791	86	84	8.64e-32	116
Arabidopsis_thaliana_Chr2_000196_1389794	sp|Q0WQ07|C7051_ARATH	62.338	77	79	2.56e-31	115
Arabidopsis_thaliana_Chr2_000196_1389794	sp|Q9LJY7|C75AK_ARATH	62.338	77	79	1.09e-28	108
Arabidopsis_thaliana_Chr2_000196_1389794	sp|Q9FI39|THAD_ARATH	56.962	79	81	4.16e-25	98.9
Arabidopsis_thaliana_Chr1_004263_1437750	sp|F4HQ22|LRL24_ARATH	86.667	120	69	4.12e-68	216
Arabidopsis_thaliana_Chr1_004263_1437750	sp|F4HQ20|LRL25_ARATH	78.519	135	77	8.95e-68	216
Arabidopsis_thaliana_Chr1_004263_1437750	sp|Q9FF31|LRL21_ARATH	82.500	120	69	5.34e-65	208
Arabidopsis_thaliana_Chr1_004263_1437750	sp|Q9FID5|Y5393_ARATH	72.593	135	77	9.80e-65	210
Arabidopsis_thaliana_Chr1_004263_1437750	sp|Q3ECH2|LRL28_ARATH	86.667	120	69	7.40e-64	209
Arabidopsis_thaliana_Chr2_003505_1396412	sp|Q9SKU6|PP166_ARATH	50.000	148	89	4.09e-41	143
Arabidopsis_thaliana_Chr2_003505_1396412	sp|Q94B59|PP372_ARATH	32.812	128	77	4.12e-19	84.0
Arabidopsis_thaliana_Chr2_003505_1396412	sp|Q9C7F1|PPR61_ARATH	41.667	132	79	7.64e-19	84.3
Arabidopsis_thaliana_Chr2_003505_1396412	sp|Q9C7F1|PPR61_ARATH	43.269	104	79	8.14e-14	70.0
Arabidopsis_thaliana_Chr2_003505_1396412	sp|Q9C545|PPR72_ARATH	35.811	148	89	3.54e-17	76.7
Arabidopsis_thaliana_Chr2_003505_1396412	sp|Q84JR3|PP334_ARATH	31.250	128	77	1.14e-12	66.6
Arabidopsis_thaliana_Chr2_003803_1397008	sp|Q9M3B7|FBL54_ARATH	59.494	79	89	5.61e-21	87.7
Arabidopsis_thaliana_Chr2_003803_1397008	sp|Q9LX48|FBL66_ARATH	54.545	88	96	1.10e-20	86.3
Arabidopsis_thaliana_Chr2_003803_1397008	sp|Q8GW80|FBL65_ARATH	60.000	80	89	1.38e-20	86.0
Arabidopsis_thaliana_Chr2_003803_1397008	sp|Q9LX47|FDL46_ARATH	55.000	80	89	1.84e-20	85.7
Arabidopsis_thaliana_Chr2_003803_1397008	sp|Q9LX46|FBL68_ARATH	70.690	58	68	5.22e-20	84.0
Arabidopsis_thaliana_Chr3_001701_1401132	sp|O00370|LORF2_HUMAN	26.606	436	53	1.19e-47	183
Arabidopsis_thaliana_Chr3_001701_1401132	sp|P14381|YTX2_XENLA	25.806	651	80	1.53e-44	174
Arabidopsis_thaliana_Chr3_001701_1401132	sp|P08548|LIN1_NYCCO	28.997	369	46	6.28e-41	163
Arabidopsis_thaliana_Chr3_001701_1401132	sp|P11369|LORF2_MOUSE	25.517	435	53	4.52e-37	151
Arabidopsis_thaliana_Chr3_001701_1401132	sp|Q9LXN8|HDA17_ARATH	100.000	46	6	1.31e-24	102
Arabidopsis_thaliana_Chr3_002802_1403334	sp|Q9SRL4|ENAS2_ARATH	67.816	87	92	1.26e-23	95.8
Arabidopsis_thaliana_Chr3_002802_1403334	sp|F4JZC2|ENAS1_ARATH	65.517	87	92	3.84e-18	80.1
Arabidopsis_thaliana_Chr3_002802_1403334	sp|A1L251|ENASE_DANRE	40.230	87	92	1.90e-09	55.3
Arabidopsis_thaliana_Chr3_002802_1403334	sp|Q8NFI3|ENASE_HUMAN	43.182	88	92	3.56e-09	54.5
Arabidopsis_thaliana_Chr3_002802_1403334	sp|Q8BX80|ENASE_MOUSE	43.182	88	92	1.49e-08	52.8
Arabidopsis_thaliana_ChrM_000005_1416758	sp|Q36450|NDUS2_NICSY	93.103	87	90	4.01e-53	170
Arabidopsis_thaliana_ChrM_000005_1416758	sp|P93306|NDUS2_ARATH	94.118	85	88	2.53e-42	142
Arabidopsis_thaliana_ChrM_000005_1416758	sp|Q37720|NDUS2_PYLLI	76.471	85	88	4.49e-41	139
Arabidopsis_thaliana_ChrM_000005_1416758	sp|B6ISX8|NUOD_RHOCS	70.588	85	88	7.73e-38	130
Arabidopsis_thaliana_ChrM_000005_1416758	sp|Q9TC96|NDUS2_NEPOL	81.176	85	88	1.43e-36	127
Arabidopsis_thaliana_Chr5_000877_1418566	sp|P0C2F6|RNHX1_ARATH	24.219	128	33	5.61e-07	54.2
Arabidopsis_thaliana_Chr3_001079_1399888	sp|Q9FI39|THAD_ARATH	73.846	65	98	8.74e-27	102
Arabidopsis_thaliana_Chr3_001079_1399888	sp|Q9LJY5|C05AK_ARATH	70.769	65	98	1.60e-23	93.6
Arabidopsis_thaliana_Chr3_001079_1399888	sp|Q9LJY7|C75AK_ARATH	78.462	65	98	7.30e-21	86.3
Arabidopsis_thaliana_Chr3_001079_1399888	sp|Q0WQ07|C7051_ARATH	63.077	65	98	8.96e-20	83.2
Arabidopsis_thaliana_Chr3_001079_1399888	sp|Q9FH67|C705C_ARATH	64.615	65	98	4.66e-18	78.4
Arabidopsis_thaliana_Chr2_000871_1391144	sp|F4ITM1|RGSL1_ARATH	50.000	98	69	5.74e-27	103
Arabidopsis_thaliana_Chr2_000871_1391144	sp|F4KGU4|DEAHC_ARATH	36.709	79	56	1.91e-09	57.0
Arabidopsis_thaliana_Chr2_000871_1391144	sp|Q8TC41|RN217_HUMAN	30.233	86	60	1.78e-08	54.2
Arabidopsis_thaliana_Chr2_000871_1391144	sp|P0CE10|DEAHB_ARATH	35.443	79	56	2.75e-08	53.6
Arabidopsis_thaliana_Chr2_000871_1391144	sp|D3YYI7|RN217_MOUSE	30.233	86	60	3.90e-08	53.1
Arabidopsis_thaliana_Chr1_005452_1440128	sp|C0LGR6|Y4291_ARATH	66.667	33	92	2.97e-09	52.5
Arabidopsis_thaliana_Chr4_000663_1409824	sp|F4JIE8|LFG1_ARATH	61.224	49	92	1.96e-14	65.7
Arabidopsis_thaliana_Chr4_000663_1409824	sp|Q9M1V9|LFG2_ARATH	50.000	46	87	3.27e-07	46.9
Arabidopsis_thaliana_Chr3_001968_1401666	sp|Q9FFV5|FK130_ARATH	56.140	57	98	1.25e-09	53.9
Arabidopsis_thaliana_Chr3_001968_1401666	sp|Q9FI72|FK120_ARATH	59.615	52	88	3.78e-09	53.1
Arabidopsis_thaliana_Chr3_001968_1401666	sp|Q9LU49|FK123_ARATH	48.276	58	97	4.57e-09	52.8
Arabidopsis_thaliana_Chr3_001968_1401666	sp|Q94K34|FBK51_ARATH	52.000	50	86	1.62e-08	51.1
Arabidopsis_thaliana_Chr3_001968_1401666	sp|Q9SV98|FK103_ARATH	52.542	59	98	2.81e-08	50.5
Arabidopsis_thaliana_Chr3_005007_1407744	sp|Q9FME2|NTF2_ARATH	36.641	131	80	7.53e-17	82.3
Arabidopsis_thaliana_Chr3_005007_1407744	sp|Q9FME2|NTF2_ARATH	43.421	76	80	3.80e-12	68.8
Arabidopsis_thaliana_Chr3_005007_1407744	sp|Q9FME2|NTF2_ARATH	41.333	75	80	1.64e-08	58.1
Arabidopsis_thaliana_Chr3_005007_1407744	sp|F4HT49|PABP1_ARATH	26.667	210	57	6.39e-07	53.6
Arabidopsis_thaliana_Chr1_004679_1438582	sp|P08770|TRA1_MAIZE	32.061	262	88	9.53e-31	121
Arabidopsis_thaliana_Chr1_004679_1438582	sp|P03010|TRAC9_MAIZE	31.897	232	80	9.22e-30	119
Arabidopsis_thaliana_Chr1_004679_1438582	sp|Q9M2N5|DSLE_ARATH	29.268	246	83	1.08e-27	112
Arabidopsis_thaliana_Chr1_004679_1438582	sp|Q75HY5|RSLE3_ORYSJ	28.270	237	79	1.08e-26	110
Arabidopsis_thaliana_Chr1_004679_1438582	sp|Q6AVI0|RSLE2_ORYSJ	29.098	244	79	4.41e-26	108
Arabidopsis_thaliana_Chr3_000417_1398564	sp|Q9SUR8|FBK88_ARATH	55.789	380	99	1.59e-129	373
Arabidopsis_thaliana_Chr3_000417_1398564	sp|Q1PE27|FBK92_ARATH	56.111	360	94	2.03e-125	362
Arabidopsis_thaliana_Chr3_000417_1398564	sp|Q9M2B5|FBK72_ARATH	49.322	369	99	3.72e-112	328
Arabidopsis_thaliana_Chr3_000417_1398564	sp|Q9T035|FBK97_ARATH	49.304	359	96	1.24e-100	298
Arabidopsis_thaliana_Chr3_000417_1398564	sp|O49488|FBK93_ARATH	53.605	319	87	2.96e-99	293
Arabidopsis_thaliana_Chr5_006139_1429090	sp|Q6R032|MB3R5_ARATH	95.652	46	94	1.85e-22	90.2
Arabidopsis_thaliana_Chr5_001333_1419478	sp|Q9ASP6|HNRPQ_ARATH	39.316	234	76	1.82e-34	127
Arabidopsis_thaliana_Chr2_003818_1397038	sp|Q0WP85|PP150_ARATH	100.000	509	99	0.0	1045
Arabidopsis_thaliana_Chr2_003818_1397038	sp|Q9S7R4|PP125_ARATH	29.565	460	92	5.81e-65	214
Arabidopsis_thaliana_Chr2_003818_1397038	sp|Q9S7R4|PP125_ARATH	24.775	222	92	8.22e-21	96.1
Arabidopsis_thaliana_Chr2_003818_1397038	sp|Q9S7R4|PP125_ARATH	21.461	219	92	8.38e-09	60.7
Arabidopsis_thaliana_Chr2_003818_1397038	sp|P0C8A0|PP275_ARATH	28.540	452	93	1.14e-62	211
Arabidopsis_thaliana_Chr2_003818_1397038	sp|P0C8A0|PP275_ARATH	27.114	343	93	8.83e-31	125
Arabidopsis_thaliana_Chr2_003818_1397038	sp|P0C8A0|PP275_ARATH	21.233	292	93	1.32e-16	84.9
Arabidopsis_thaliana_Chr2_003818_1397038	sp|Q9SSR6|PPR78_ARATH	29.560	477	89	2.10e-61	206
Arabidopsis_thaliana_Chr2_003818_1397038	sp|Q9LFM6|PP375_ARATH	30.022	463	89	5.16e-59	201
Arabidopsis_thaliana_Chr2_003818_1397038	sp|Q9LFM6|PP375_ARATH	22.800	250	89	1.05e-09	63.8
Arabidopsis_thaliana_Chr2_003818_1397038	sp|Q9LFM6|PP375_ARATH	21.514	251	89	5.87e-06	51.9
Arabidopsis_thaliana_Chr5_001431_1419674	sp|Q9FFM6|Y5578_ARATH	91.613	310	99	0.0	566
Arabidopsis_thaliana_Chr5_001431_1419674	sp|Q9FFX2|Y5849_ARATH	60.452	354	98	1.10e-125	362
Arabidopsis_thaliana_Chr5_001431_1419674	sp|Q9FFX1|Y5850_ARATH	71.713	251	97	1.61e-118	345
Arabidopsis_thaliana_Chr5_001431_1419674	sp|Q9FFX1|Y5850_ARATH	61.176	85	97	4.74e-17	81.8
Arabidopsis_thaliana_Chr5_001431_1419674	sp|Q9LSF7|Y3518_ARATH	47.761	335	98	1.50e-80	246
Arabidopsis_thaliana_Chr5_001431_1419674	sp|Q9LRX6|Y3485_ARATH	44.000	350	98	3.69e-73	227
Arabidopsis_thaliana_Chr5_005388_1427588	sp|Q9FN77|AATPG_ARATH	73.684	38	54	6.81e-11	58.7
Arabidopsis_thaliana_Chr5_005388_1427588	sp|Q9FN78|AATPF_ARATH	60.465	43	61	6.10e-07	47.4
Arabidopsis_thaliana_Chr1_003098_1435420	sp|Q8RX67|PTR24_ARATH	77.368	190	98	3.04e-95	284
Arabidopsis_thaliana_Chr1_003098_1435420	sp|Q9C7U1|PTR25_ARATH	57.065	184	94	9.54e-61	196
Arabidopsis_thaliana_Chr1_003098_1435420	sp|Q0WSZ6|PTR23_ARATH	43.299	194	96	2.76e-48	163
Arabidopsis_thaliana_Chr1_003098_1435420	sp|Q0WP01|PTR9_ARATH	51.648	182	93	2.43e-47	161
Arabidopsis_thaliana_Chr1_003098_1435420	sp|Q9SK96|PTR10_ARATH	45.556	180	91	3.28e-47	161
Arabidopsis_thaliana_Chr4_002597_1413692	sp|P0CW78|HMA3B_ARATH	99.010	202	99	2.02e-133	388
Arabidopsis_thaliana_Chr4_002597_1413692	sp|Q9SZW4|HMA2_ARATH	64.646	198	95	2.01e-79	252
Arabidopsis_thaliana_Chr4_002597_1413692	sp|O64474|HMA4_ARATH	61.836	207	99	2.69e-77	249
Arabidopsis_thaliana_Chr4_002597_1413692	sp|A3BF39|HMA2_ORYSJ	60.123	163	79	3.12e-59	199
Arabidopsis_thaliana_Chr4_002597_1413692	sp|Q8H384|HMA3_ORYSJ	54.167	144	70	3.82e-38	141
Arabidopsis_thaliana_Chr1_006832_1442888	sp|Q94A15|APTG1_ARATH	68.041	97	86	7.24e-38	133
Arabidopsis_thaliana_Chr1_006832_1442888	sp|Q92521|PIGB_HUMAN	31.522	92	80	1.74e-06	47.4
Arabidopsis_thaliana_Chr1_006832_1442888	sp|Q1LZA0|PIGB_BOVIN	29.630	108	93	1.91e-06	47.4
Arabidopsis_thaliana_Chr3_003814_1405358	sp|Q9SHV7|MD15C_ARATH	83.291	784	84	0.0	1191
Arabidopsis_thaliana_Chr3_003814_1405358	sp|Q9SHV7|MD15C_ARATH	86.667	75	84	9.25e-35	145
Arabidopsis_thaliana_Chr3_003814_1405358	sp|F4I171|MD15A_ARATH	40.714	420	52	7.45e-74	261
Arabidopsis_thaliana_Chr3_003814_1405358	sp|F4I171|MD15A_ARATH	34.161	161	52	5.93e-16	86.6
Arabidopsis_thaliana_Chr3_003814_1405358	sp|F4I169|MD15B_ARATH	44.318	88	17	1.01e-11	68.8
Arabidopsis_thaliana_Chr3_003814_1405358	sp|F4I169|MD15B_ARATH	30.952	84	17	3.73e-06	52.5
Arabidopsis_thaliana_Chr2_000265_1389932	sp|Q36450|NDUS2_NICSY	92.000	75	60	1.96e-43	146
Arabidopsis_thaliana_Chr2_000265_1389932	sp|P93306|NDUS2_ARATH	83.133	83	66	4.27e-34	121
Arabidopsis_thaliana_Chr2_000265_1389932	sp|Q31HF7|NUOD_HYDCU	65.753	73	58	5.14e-30	111
Arabidopsis_thaliana_Chr2_000265_1389932	sp|B6ISX8|NUOD_RHOCS	69.863	73	58	8.61e-30	110
Arabidopsis_thaliana_Chr2_000265_1389932	sp|Q9TC96|NDUS2_NEPOL	69.880	83	66	3.34e-28	106
Arabidopsis_thaliana_Chr3_005231_1408192	sp|Q9SU04|KIB2_ARATH	51.157	389	96	2.13e-111	328
Arabidopsis_thaliana_Chr3_005231_1408192	sp|Q9SU05|KIB1_ARATH	49.737	380	98	4.97e-104	308
Arabidopsis_thaliana_Chr3_005231_1408192	sp|Q9ZW91|KIB3_ARATH	47.277	404	99	1.66e-94	285
Arabidopsis_thaliana_Chr3_005231_1408192	sp|Q9SRV0|KIB4_ARATH	53.211	218	96	8.96e-63	202
Arabidopsis_thaliana_Chr3_005231_1408192	sp|Q9SRV0|KIB4_ARATH	64.062	128	96	4.28e-44	154
Arabidopsis_thaliana_Chr3_005231_1408192	sp|Q9FKZ7|FB301_ARATH	33.676	389	95	2.68e-43	152
Arabidopsis_thaliana_Chr3_003477_1404684	sp|Q9LHD3|FB190_ARATH	45.669	127	98	1.40e-27	105
Arabidopsis_thaliana_Chr3_003477_1404684	sp|Q9LIR0|FB183_ARATH	32.374	139	96	2.75e-14	69.7
Arabidopsis_thaliana_Chr3_003477_1404684	sp|Q9LPM2|FB51_ARATH	30.469	128	88	9.69e-13	65.5
Arabidopsis_thaliana_Chr3_003477_1404684	sp|Q9LIR3|FB181_ARATH	32.836	134	87	5.83e-12	63.2
Arabidopsis_thaliana_Chr3_003477_1404684	sp|Q9LU90|FB188_ARATH	27.737	137	99	1.23e-06	48.3
Arabidopsis_thaliana_ChrM_000011_1416770	sp|Q04050|NU4M_BRACM	99.225	129	96	2.30e-86	259
Arabidopsis_thaliana_ChrM_000011_1416770	sp|P93313|NU4M_ARATH	95.349	129	96	3.84e-82	248
Arabidopsis_thaliana_ChrM_000011_1416770	sp|P27572|NU4M_WHEAT	93.023	129	96	1.61e-79	241
Arabidopsis_thaliana_ChrM_000011_1416770	sp|P26848|NU4M_MARPO	85.271	129	96	9.69e-73	224
Arabidopsis_thaliana_ChrM_000011_1416770	sp|Q37617|NU4M_PROWI	61.240	129	96	5.46e-51	168
Arabidopsis_thaliana_Chr2_003840_1397082	sp|Q56X72|RTNLS_ARATH	65.347	101	49	5.84e-31	116
Arabidopsis_thaliana_Chr2_003840_1397082	sp|Q52QU2|AIL6_ARATH	61.111	72	37	8.75e-20	87.1
Arabidopsis_thaliana_Chr2_003840_1397082	sp|Q5YGP8|PLET1_ARATH	56.627	83	43	4.06e-19	85.1
Arabidopsis_thaliana_Chr2_003840_1397082	sp|Q6J9N8|AIL7_ARATH	56.944	72	37	1.40e-18	83.2
Arabidopsis_thaliana_Chr2_003840_1397082	sp|Q6PQQ4|BBM_ARATH	52.778	72	37	1.54e-16	77.8
Arabidopsis_thaliana_Chr2_000310_1390022	sp|Q9SIG8|BZP30_ARATH	32.370	173	60	9.28e-14	71.9
Arabidopsis_thaliana_Chr2_000310_1390022	sp|Q8H1F0|BZP29_ARATH	33.803	213	66	1.77e-12	68.3
Arabidopsis_thaliana_Chr2_000310_1390022	sp|Q6S4P4|RF2B_ORYSJ	40.580	69	26	3.70e-07	52.2
Arabidopsis_thaliana_Chr2_000310_1390022	sp|O22873|BZP18_ARATH	45.833	48	19	1.43e-06	50.8
Arabidopsis_thaliana_Chr1_002580_1434384	sp|Q94K43|GSOX2_ARATH	38.739	111	51	8.59e-12	63.8
Arabidopsis_thaliana_Chr1_002580_1434384	sp|Q9SS04|GSOX1_ARATH	41.509	106	47	9.01e-12	63.8
Arabidopsis_thaliana_Chr1_002580_1434384	sp|Q9SXE1|GSOX3_ARATH	61.702	47	31	2.21e-10	59.8
Arabidopsis_thaliana_Chr1_002580_1434384	sp|Q9FWW6|GSXL1_ARATH	67.647	34	22	1.54e-09	57.3
Arabidopsis_thaliana_Chr1_002580_1434384	sp|Q9FWW3|GSXL6_ARATH	53.191	47	31	2.15e-09	57.0
Arabidopsis_thaliana_Chr4_003946_1416390	sp|Q9ZTA2|AOP2C_ARATH	100.000	133	94	2.85e-96	282
Arabidopsis_thaliana_Chr4_003946_1416390	sp|Q944Z9|AOP2L_ARATH	99.248	133	94	1.65e-95	281
Arabidopsis_thaliana_Chr4_003946_1416390	sp|Q945B5|AOP2V_ARATH	98.496	133	94	1.71e-94	278
Arabidopsis_thaliana_Chr4_003946_1416390	sp|Q9ZTA1|AOP3C_ARATH	70.000	140	99	1.10e-68	212
Arabidopsis_thaliana_Chr4_003946_1416390	sp|Q945B4|AOP3L_ARATH	68.571	140	99	5.01e-66	205
Arabidopsis_thaliana_Chr1_006568_1442360	sp|A7XGN8|LOV1B_ARATH	100.000	116	99	7.95e-75	236
Arabidopsis_thaliana_Chr1_006568_1442360	sp|A9QGV6|LOV1C_ARATH	98.276	116	99	4.85e-73	231
Arabidopsis_thaliana_Chr1_006568_1442360	sp|P0C8S1|RP8L2_ARATH	87.069	116	99	7.55e-62	202
Arabidopsis_thaliana_Chr1_006568_1442360	sp|Q9FJB5|RP8L3_ARATH	77.586	116	99	1.73e-54	182
Arabidopsis_thaliana_Chr1_006568_1442360	sp|Q8W4J9|RPP8_ARATH	72.414	116	99	4.83e-50	170
Arabidopsis_thaliana_Chr1_004859_1438942	sp|Q84UU4|HUMS_ARATH	66.667	84	79	5.61e-32	118
Arabidopsis_thaliana_Chr1_004859_1438942	sp|B9SBU9|TPS5_RICCO	45.055	91	86	1.35e-17	78.7
Arabidopsis_thaliana_Chr1_004859_1438942	sp|B9S1N2|TPS8_RICCO	44.318	88	83	6.49e-17	77.0
Arabidopsis_thaliana_Chr1_004859_1438942	sp|P59287|CASS_RICCO	41.304	92	87	1.53e-15	73.0
Arabidopsis_thaliana_Chr1_004859_1438942	sp|B9RI00|TPS6_RICCO	40.659	91	86	7.02e-15	71.1
Arabidopsis_thaliana_Chr1_001920_1433064	sp|O82462|SYEC_ARATH	84.348	115	98	3.98e-61	201
Arabidopsis_thaliana_Chr1_001920_1433064	sp|O82462|SYEC_ARATH	84.685	111	98	3.27e-59	196
Arabidopsis_thaliana_Chr1_001920_1433064	sp|Q8CGC7|SYEP_MOUSE	37.751	249	90	4.34e-36	136
Arabidopsis_thaliana_Chr1_001920_1433064	sp|P07814|SYEP_HUMAN	36.735	245	88	3.81e-35	133
Arabidopsis_thaliana_Chr1_001920_1433064	sp|Q7SIA2|SYEP_CRIGR	38.136	236	84	4.06e-35	133
Arabidopsis_thaliana_Chr1_001920_1433064	sp|O13775|SYEC_SCHPO	39.336	211	74	1.49e-30	119
Arabidopsis_thaliana_Chr5_001457_1419726	sp|Q9FG59|DHAR4_ARATH	100.000	217	96	3.41e-159	440
Arabidopsis_thaliana_Chr5_001457_1419726	sp|Q9FRL8|DHAR2_ARATH	72.222	216	96	7.20e-112	320
Arabidopsis_thaliana_Chr5_001457_1419726	sp|Q9FWR4|DHAR1_ARATH	65.278	216	96	1.81e-99	288
Arabidopsis_thaliana_Chr5_001457_1419726	sp|Q65XA0|DHAR1_ORYSJ	64.055	217	96	8.35e-96	279
Arabidopsis_thaliana_Chr5_001457_1419726	sp|Q67UK9|DHAR2_ORYSJ	58.685	213	94	5.60e-87	258
Arabidopsis_thaliana_Chr1_000960_1431144	sp|P0C2F6|RNHX1_ARATH	23.101	316	59	8.69e-13	73.3
Arabidopsis_thaliana_Chr1_000960_1431144	sp|Q9U2B7|PLR1_CAEEL	39.683	63	12	5.75e-10	64.3
Arabidopsis_thaliana_Chr1_000960_1431144	sp|Q6GPV5|RN181_XENLA	40.909	66	13	2.61e-09	58.4
Arabidopsis_thaliana_Chr1_000960_1431144	sp|Q5M974|RN181_XENTR	39.394	66	13	5.26e-09	57.6
Arabidopsis_thaliana_Chr1_000960_1431144	sp|Q7ZW78|RN181_DANRE	37.879	66	13	2.50e-08	55.6
Arabidopsis_thaliana_Chr1_004992_1439208	sp|Q9ZUM2|TOM3_ARATH	71.069	159	99	6.19e-72	217
Arabidopsis_thaliana_Chr1_004992_1439208	sp|Q402F3|TOM3_TOBAC	66.038	159	99	2.40e-60	188
Arabidopsis_thaliana_Chr1_004992_1439208	sp|Q948R8|THH1_ARATH	67.925	159	99	6.68e-60	186
Arabidopsis_thaliana_Chr1_004992_1439208	sp|Q9FEG2|TOM1_ARATH	49.045	157	97	4.03e-41	138
Arabidopsis_thaliana_Chr1_004992_1439208	sp|Q402F4|TOM1_TOBAC	49.359	156	96	1.27e-38	132
Arabidopsis_thaliana_Chr2_003673_1396748	sp|Q5Y750|CP512_ARATH	100.000	145	99	2.47e-95	273
Arabidopsis_thaliana_Chr2_003673_1396748	sp|Q9SAA9|CP511_ARATH	70.213	141	95	1.72e-65	205
Arabidopsis_thaliana_Chr2_003673_1396748	sp|P93846|CP51_SORBI	53.623	138	94	5.52e-45	152
Arabidopsis_thaliana_Chr2_003673_1396748	sp|P93596|CP51_WHEAT	62.264	106	73	1.25e-34	125
Arabidopsis_thaliana_Chr2_003673_1396748	sp|Q1ZXH9|CP51_DICDI	37.984	129	88	2.00e-24	98.1
Arabidopsis_thaliana_Chr1_006659_1442542	sp|Q9FDZ9|RL212_ARATH	74.074	81	83	2.10e-36	122
Arabidopsis_thaliana_Chr1_006659_1442542	sp|Q43291|RL211_ARATH	71.605	81	83	1.08e-34	117
Arabidopsis_thaliana_Chr1_005365_1439954	sp|F4I241|BUB33_ARATH	71.875	32	84	5.00e-10	54.5
Arabidopsis_thaliana_Chr1_005450_1440124	sp|Q05431|APX1_ARATH	62.500	128	74	1.25e-47	154
Arabidopsis_thaliana_Chr1_005450_1440124	sp|P48534|APX1_PEA	51.969	127	73	1.82e-37	129
Arabidopsis_thaliana_Chr1_005450_1440124	sp|Q9FE01|APX2_ORYSJ	52.756	127	73	8.50e-37	127
Arabidopsis_thaliana_Chr1_005450_1440124	sp|Q1PER6|APX2_ARATH	48.936	141	82	1.58e-33	118
Arabidopsis_thaliana_Chr1_005450_1440124	sp|Q10N21|APX1_ORYSJ	49.606	127	73	2.07e-33	118
Arabidopsis_thaliana_Chr2_003332_1396066	sp|Q8RX63|RLP31_ARATH	54.686	843	96	0.0	819
Arabidopsis_thaliana_Chr2_003332_1396066	sp|Q9C9H7|RLP12_ARATH	49.586	845	97	0.0	742
Arabidopsis_thaliana_Chr2_003332_1396066	sp|Q9MA83|RLP30_ARATH	52.438	841	99	0.0	705
Arabidopsis_thaliana_Chr2_003332_1396066	sp|Q9C9H6|RLP11_ARATH	50.302	827	98	0.0	694
Arabidopsis_thaliana_Chr2_003332_1396066	sp|Q9LS80|RLP37_ARATH	47.344	847	99	0.0	662
Arabidopsis_thaliana_Chr2_004052_1397506	sp|Q9ZVR5|PP2B2_ARATH	52.963	270	97	5.67e-80	241
Arabidopsis_thaliana_Chr2_004052_1397506	sp|Q3E6P4|FB95_ARATH	52.399	271	98	1.38e-74	227
Arabidopsis_thaliana_Chr2_004052_1397506	sp|Q570N1|PP2B3_ARATH	100.000	94	42	2.65e-62	191
Arabidopsis_thaliana_Chr2_004052_1397506	sp|Q9ZVQ6|P2B10_ARATH	45.211	261	93	4.00e-57	181
Arabidopsis_thaliana_Chr2_004052_1397506	sp|Q9FV02|SKIP3_ARATH	46.388	263	93	2.45e-55	177
Arabidopsis_thaliana_Chr3_001351_1400432	sp|F4KFS5|GMI1_ARATH	71.795	117	48	8.33e-43	156
Arabidopsis_thaliana_Chr3_001351_1400432	sp|C0LGR6|Y4291_ARATH	50.877	114	33	1.76e-22	97.2
Arabidopsis_thaliana_Chr3_001351_1400432	sp|Q9ZQQ7|Y2144_ARATH	39.583	96	34	2.38e-11	65.2
Arabidopsis_thaliana_Chr3_001351_1400432	sp|O65924|Y2921_ARATH	44.444	81	28	4.10e-11	64.3
Arabidopsis_thaliana_Chr3_001351_1400432	sp|C0LGD6|Y1570_ARATH	44.872	78	27	5.80e-11	64.0
Arabidopsis_thaliana_Chr4_000307_1409112	sp|F4ICX9|TSA1_ARATH	53.012	83	63	2.62e-13	66.6
Arabidopsis_thaliana_Chr2_003879_1397160	sp|Q9SD82|RFA1B_ARATH	26.997	363	86	2.62e-21	97.0
Arabidopsis_thaliana_Chr2_003879_1397160	sp|Q10Q08|RFA1B_ORYSJ	24.513	359	83	4.77e-18	87.7
Arabidopsis_thaliana_Chr2_003879_1397160	sp|Q9FME0|RFA1D_ARATH	26.271	354	83	3.55e-16	82.3
Arabidopsis_thaliana_Chr2_003879_1397160	sp|Q9SKI4|RFA1A_ARATH	25.205	365	83	9.14e-13	72.2
Arabidopsis_thaliana_Chr2_003879_1397160	sp|Q6YZ49|RFA1A_ORYSJ	24.092	303	70	2.42e-09	61.8
Arabidopsis_thaliana_Chr3_000659_1399048	sp|Q9CA02|FB198_ARATH	46.512	129	85	1.90e-23	94.1
Arabidopsis_thaliana_Chr3_000659_1399048	sp|Q1PFG1|FB74_ARATH	43.284	134	91	3.85e-21	87.7
Arabidopsis_thaliana_Chr3_000659_1399048	sp|Q9LUQ9|FBK56_ARATH	41.007	139	90	2.47e-20	85.7
Arabidopsis_thaliana_Chr3_000659_1399048	sp|Q84V15|FB320_ARATH	42.308	130	84	1.89e-18	80.6
Arabidopsis_thaliana_Chr3_000659_1399048	sp|Q9LID1|FBK54_ARATH	41.406	128	84	1.09e-17	78.7
Arabidopsis_thaliana_Chr4_002290_1413078	sp|A0A1P8B554|THLP1_ARATH	68.750	48	60	3.97e-17	74.2
Arabidopsis_thaliana_Chr4_002290_1413078	sp|P28493|PR5_ARATH	63.462	52	65	3.04e-15	68.8
Arabidopsis_thaliana_Chr4_002290_1413078	sp|P83332|TLP1_PRUPE	46.875	64	80	5.63e-13	62.9
Arabidopsis_thaliana_Chr4_002290_1413078	sp|P83336|TP1B_MALDO	52.000	50	63	1.48e-12	61.5
Arabidopsis_thaliana_Chr4_002290_1413078	sp|Q9FSG7|TP1A_MALDO	45.588	68	85	4.61e-12	60.7
Arabidopsis_thaliana_Chr4_003095_1414688	sp|F4JTJ9|ASY2_ARATH	94.260	784	98	0.0	1513
Arabidopsis_thaliana_Chr4_003095_1414688	sp|Q9LEX8|Y3093_ARATH	24.038	208	25	7.75e-12	72.2
Arabidopsis_thaliana_Chr3_004525_1406780	sp|Q9M0M7|FB234_ARATH	61.957	276	99	5.34e-105	308
Arabidopsis_thaliana_Chr3_004525_1406780	sp|Q9LID1|FBK54_ARATH	59.926	272	99	6.39e-102	300
Arabidopsis_thaliana_Chr3_004525_1406780	sp|Q9CA02|FB198_ARATH	56.522	276	99	3.49e-93	278
Arabidopsis_thaliana_Chr3_004525_1406780	sp|Q9LUQ9|FBK56_ARATH	53.571	280	99	1.05e-92	277
Arabidopsis_thaliana_Chr3_004525_1406780	sp|Q9LJZ8|FB167_ARATH	55.072	276	99	1.53e-90	272
Arabidopsis_thaliana_ChrM_000027_1416802	sp|P93286|CCMFC_ARATH	96.356	247	86	1.03e-151	430
Arabidopsis_thaliana_ChrM_000027_1416802	sp|P38452|YMF03_MARPO	60.465	86	30	5.17e-26	100
Arabidopsis_thaliana_Chr1_001701_1432626	sp|Q9LNL0|PER8_ARATH	66.557	305	98	5.91e-141	398
Arabidopsis_thaliana_Chr1_001701_1432626	sp|Q93V93|PER44_ARATH	58.710	310	99	4.52e-125	358
Arabidopsis_thaliana_Chr1_001701_1432626	sp|Q43729|PER57_ARATH	46.302	311	97	3.01e-85	256
Arabidopsis_thaliana_Chr1_001701_1432626	sp|Q9SS67|PER28_ARATH	43.354	316	97	1.06e-75	231
Arabidopsis_thaliana_Chr1_001701_1432626	sp|Q9FG34|PER54_ARATH	37.383	321	96	2.90e-57	185
Arabidopsis_thaliana_Chr3_002150_1402030	sp|Q9LTM1|C71BM_ARATH	84.211	38	64	1.30e-14	68.5
Arabidopsis_thaliana_Chr3_002150_1402030	sp|P58048|C71B8_ARATH	91.429	35	59	3.05e-14	67.7
Arabidopsis_thaliana_Chr3_002150_1402030	sp|Q9LTM2|C71BL_ARATH	76.923	39	66	5.56e-14	66.9
Arabidopsis_thaliana_Chr3_002150_1402030	sp|O65784|C71B5_ARATH	78.947	38	64	1.46e-13	65.7
Arabidopsis_thaliana_Chr3_002150_1402030	sp|Q9LXM3|C71BZ_ARATH	78.947	38	64	3.05e-13	64.6
Arabidopsis_thaliana_Chr2_000850_1391102	sp|Q8VYJ7|CLPB4_ARATH	76.000	75	99	1.40e-33	123
Arabidopsis_thaliana_Chr2_000850_1391102	sp|Q0E3C8|CLPB3_ORYSJ	65.333	75	99	5.05e-28	107
Arabidopsis_thaliana_Chr2_000850_1391102	sp|Q9LF37|CLPB3_ARATH	63.514	74	97	1.48e-25	100
Arabidopsis_thaliana_Chr2_000850_1391102	sp|Q8YM56|CLPB2_NOSS1	62.162	74	97	6.90e-25	98.6
Arabidopsis_thaliana_Chr2_000850_1391102	sp|O87444|CLPB_LEPBY	60.811	74	97	7.15e-25	98.6
Arabidopsis_thaliana_Chr3_005172_1408074	sp|P29063|PR4B_TOBAC	78.571	56	97	3.19e-25	92.2
Arabidopsis_thaliana_Chr3_005172_1408074	sp|P83343|PR4_PRUPE	75.926	54	93	1.71e-24	89.4
Arabidopsis_thaliana_Chr3_005172_1408074	sp|P09761|WIN1_SOLTU	71.429	56	97	3.49e-23	88.0
Arabidopsis_thaliana_Chr3_005172_1408074	sp|P09762|WIN2_SOLTU	71.429	56	97	1.02e-22	86.8
Arabidopsis_thaliana_Chr3_005172_1408074	sp|P02877|HEVE_HEVBR	67.857	56	97	1.11e-21	84.0
Arabidopsis_thaliana_Chr3_002536_1402802	sp|Q9M1C7|AB9C_ARATH	92.488	213	97	3.14e-132	400
Arabidopsis_thaliana_Chr3_003693_1405116	sp|Q9LXQ6|FB193_ARATH	61.584	341	84	2.67e-124	361
Arabidopsis_thaliana_Chr3_003693_1405116	sp|Q9LXQ3|FBL51_ARATH	65.625	288	75	4.20e-117	344
Arabidopsis_thaliana_Chr3_003693_1405116	sp|Q9M190|FBL49_ARATH	48.732	355	87	3.44e-83	259
Arabidopsis_thaliana_Chr3_003693_1405116	sp|Q9M190|FBL49_ARATH	44.231	104	87	1.35e-11	67.7
Arabidopsis_thaliana_Chr3_003693_1405116	sp|Q9M190|FBL49_ARATH	63.636	44	87	1.08e-09	62.1
Arabidopsis_thaliana_Chr3_003693_1405116	sp|O22232|FBL52_ARATH	42.975	363	88	6.78e-76	238
Arabidopsis_thaliana_Chr3_003693_1405116	sp|Q9LXQ4|FBL50_ARATH	61.165	206	68	3.11e-73	230
Arabidopsis_thaliana_Chr3_003693_1405116	sp|Q9LXQ4|FBL50_ARATH	50.685	73	68	1.16e-11	67.1
Arabidopsis_thaliana_Chr1_002032_1433288	sp|F4I116|SYLC_ARATH	70.118	338	95	7.61e-153	453
Arabidopsis_thaliana_Chr1_002032_1433288	sp|F4I116|SYLC_ARATH	92.800	125	95	2.25e-78	258
Arabidopsis_thaliana_Chr1_002032_1433288	sp|Q10490|SYLC_SCHPO	36.437	494	96	6.34e-80	263
Arabidopsis_thaliana_Chr1_002032_1433288	sp|Q8BMJ2|SYLC_MOUSE	34.008	494	95	7.61e-74	247
Arabidopsis_thaliana_Chr1_002032_1433288	sp|Q5R614|SYLC_PONAB	33.671	493	95	1.50e-71	241
Arabidopsis_thaliana_Chr1_002032_1433288	sp|Q9P2J5|SYLC_HUMAN	33.671	493	95	3.10e-71	240
Arabidopsis_thaliana_Chr1_003734_1436692	sp|Q9LSL9|PP445_ARATH	68.539	89	94	6.61e-35	127
Arabidopsis_thaliana_Chr1_003734_1436692	sp|P0C8Q3|PP326_ARATH	31.111	90	95	3.88e-07	48.9
Arabidopsis_thaliana_Chr1_003734_1436692	sp|Q9SFV9|PP218_ARATH	35.556	90	95	1.22e-06	47.4
Arabidopsis_thaliana_Chr1_003734_1436692	sp|Q9M907|PP217_ARATH	27.778	90	95	1.64e-06	46.9
Arabidopsis_thaliana_Chr1_004494_1438212	sp|P08770|TRA1_MAIZE	37.380	313	72	1.30e-62	212
Arabidopsis_thaliana_Chr1_004494_1438212	sp|Q6AVI0|RSLE2_ORYSJ	29.197	411	88	7.22e-55	190
Arabidopsis_thaliana_Chr1_004494_1438212	sp|P03010|TRAC9_MAIZE	33.923	339	72	4.28e-54	190
Arabidopsis_thaliana_Chr1_004494_1438212	sp|B9FJG3|RSLE1_ORYSJ	28.406	433	93	2.44e-53	186
Arabidopsis_thaliana_Chr1_004494_1438212	sp|Q75HY5|RSLE3_ORYSJ	26.521	411	88	1.74e-49	176
Arabidopsis_thaliana_Chr1_004495_1438214	sp|Q9M2N5|DSLE_ARATH	35.789	190	89	2.42e-31	120
Arabidopsis_thaliana_Chr1_004495_1438214	sp|Q75HY5|RSLE3_ORYSJ	33.163	196	88	2.50e-27	110
Arabidopsis_thaliana_Chr1_004495_1438214	sp|Q6AVI0|RSLE2_ORYSJ	32.381	210	90	1.46e-26	107
Arabidopsis_thaliana_Chr1_004495_1438214	sp|B9FJG3|RSLE1_ORYSJ	31.905	210	90	8.59e-26	105
Arabidopsis_thaliana_Chr1_004495_1438214	sp|Q0JMB2|RSLE4_ORYSJ	31.797	217	90	9.17e-24	99.8
Arabidopsis_thaliana_Chr5_000687_1418186	sp|F4JTJ9|ASY2_ARATH	96.341	82	55	5.60e-48	167
Arabidopsis_thaliana_Chr5_001395_1419602	sp|Q9XEC1|Y4443_ARATH	30.612	98	8	6.27e-07	55.6
Arabidopsis_thaliana_Chr1_001248_1431720	sp|Q9LVS9|FB340_ARATH	54.237	354	99	2.16e-113	332
Arabidopsis_thaliana_Chr1_001248_1431720	sp|Q9LSV6|FB186_ARATH	49.143	350	99	1.35e-91	275
Arabidopsis_thaliana_Chr1_001248_1431720	sp|Q9SN20|FB200_ARATH	42.265	362	98	2.45e-71	223
Arabidopsis_thaliana_Chr1_001248_1431720	sp|O04591|FBK26_ARATH	42.577	357	95	3.32e-71	223
Arabidopsis_thaliana_Chr1_001248_1431720	sp|Q9ZV78|FB100_ARATH	42.179	358	98	1.67e-69	219
Arabidopsis_thaliana_Chr1_001786_1432796	sp|Q9XEC1|Y4443_ARATH	28.671	143	45	6.02e-09	58.1
Arabidopsis_thaliana_Chr3_003793_1405316	sp|Q9LHK4|AB8B_ARATH	100.000	1241	99	0.0	2548
Arabidopsis_thaliana_Chr3_003793_1405316	sp|Q9LHD1|AB15B_ARATH	49.465	1215	97	0.0	1195
Arabidopsis_thaliana_Chr3_003793_1405316	sp|Q6YUU5|MDR_ORYSJ	49.058	1221	98	0.0	1194
Arabidopsis_thaliana_Chr3_003793_1405316	sp|Q6YUU5|MDR_ORYSJ	38.941	529	98	5.73e-111	367
Arabidopsis_thaliana_Chr3_003793_1405316	sp|Q9LSJ6|AB17B_ARATH	47.987	1217	98	0.0	1183
Arabidopsis_thaliana_Chr3_003793_1405316	sp|Q9LSJ5|AB18B_ARATH	47.451	1216	98	0.0	1176
Arabidopsis_thaliana_Chr3_003793_1405316	sp|Q9LSJ5|AB18B_ARATH	37.313	536	98	2.33e-106	354
Arabidopsis_thaliana_Chr2_002534_1394470	sp|Q9FKP5|UBP17_ARATH	52.041	98	27	6.69e-08	54.8
Arabidopsis_thaliana_Chr1_005340_1439904	sp|P92962|PROT2_ARATH	92.308	117	75	3.89e-73	224
Arabidopsis_thaliana_Chr1_005340_1439904	sp|P92961|PROT1_ARATH	69.343	137	87	7.02e-62	195
Arabidopsis_thaliana_Chr1_005340_1439904	sp|Q9SJP9|PROT3_ARATH	76.724	116	74	2.88e-58	186
Arabidopsis_thaliana_Chr1_005340_1439904	sp|Q69LA1|PROT2_ORYSJ	53.623	138	87	1.04e-43	148
Arabidopsis_thaliana_Chr1_005340_1439904	sp|Q60DN5|PROT1_ORYSJ	56.780	118	75	1.60e-43	149
Arabidopsis_thaliana_Chr2_001990_1393382	sp|Q8H2D0|REM7_ARATH	39.130	138	66	8.35e-25	97.2
Arabidopsis_thaliana_Chr2_001990_1393382	sp|O81778|REM9_ARATH	48.182	110	49	1.27e-24	100
Arabidopsis_thaliana_Chr2_001990_1393382	sp|P0DH85|REM10_ARATH	42.446	139	65	1.31e-24	100
Arabidopsis_thaliana_Chr2_001990_1393382	sp|Q9SB80|REM5_ARATH	49.533	107	49	2.41e-24	97.8
Arabidopsis_thaliana_Chr2_001990_1393382	sp|Q8H2D1|REM8_ARATH	45.872	109	50	1.16e-21	92.2
Arabidopsis_thaliana_Chr4_003311_1415120	sp|F4JNB7|RPP5_ARATH	63.043	92	95	1.16e-25	101
Arabidopsis_thaliana_Chr4_003311_1415120	sp|F4JNB7|RPP5_ARATH	51.042	96	95	1.52e-21	89.9
Arabidopsis_thaliana_Chr4_003311_1415120	sp|F4JNB7|RPP5_ARATH	52.747	91	95	1.02e-14	70.5
Arabidopsis_thaliana_Chr4_003311_1415120	sp|F4JNB7|RPP5_ARATH	56.716	67	95	2.47e-14	69.4
Arabidopsis_thaliana_Chr4_003311_1415120	sp|F4KHH8|RPS6C_ARATH	56.250	96	95	1.61e-24	98.6
Arabidopsis_thaliana_Chr4_003311_1415120	sp|F4KHH8|RPS6C_ARATH	48.980	49	95	1.60e-07	50.0
Arabidopsis_thaliana_Chr4_003311_1415120	sp|P0DKH6|RPS6R_ARATH	56.250	96	95	1.81e-24	98.4
Arabidopsis_thaliana_Chr4_003311_1415120	sp|P0DKH6|RPS6R_ARATH	48.980	49	95	1.63e-07	50.0
Arabidopsis_thaliana_Chr4_003311_1415120	sp|F4KHI3|VICTR_ARATH	57.143	91	95	3.44e-24	97.5
Arabidopsis_thaliana_Chr4_003311_1415120	sp|F4KHI3|VICTR_ARATH	47.143	70	95	7.91e-08	50.8
Arabidopsis_thaliana_Chr4_003311_1415120	sp|O23530|SNC1_ARATH	57.292	96	95	3.85e-24	97.5
Arabidopsis_thaliana_Chr4_003311_1415120	sp|O23530|SNC1_ARATH	59.783	92	95	2.01e-23	95.3
Arabidopsis_thaliana_Chr4_003311_1415120	sp|O23530|SNC1_ARATH	55.224	67	95	4.51e-15	71.6
Arabidopsis_thaliana_Chr4_003311_1415120	sp|O23530|SNC1_ARATH	48.649	74	95	2.89e-11	60.7
Arabidopsis_thaliana_Chr4_003311_1415120	sp|O23530|SNC1_ARATH	45.946	74	95	8.91e-10	56.4
Arabidopsis_thaliana_Chr1_005228_1439680	sp|Q9FVS9|C96AF_ARATH	54.878	246	98	5.69e-93	280
Arabidopsis_thaliana_Chr1_005228_1439680	sp|A0A140IL91|C96T2_NARAP	39.608	255	99	2.15e-56	186
Arabidopsis_thaliana_Chr1_005228_1439680	sp|A0A140IL90|C96T1_NARAP	39.216	255	99	1.14e-55	184
Arabidopsis_thaliana_Chr1_005228_1439680	sp|A0A2H5AIZ9|C96T2_NARPS	39.216	255	99	1.16e-55	184
Arabidopsis_thaliana_Chr1_005228_1439680	sp|A0A2H5AJ00|C96T1_NARPS	39.216	255	99	1.33e-55	183
Arabidopsis_thaliana_Chr1_004329_1437882	sp|Q9C8D4|AAE11_ARATH	85.714	217	99	2.90e-131	378
Arabidopsis_thaliana_Chr1_004329_1437882	sp|Q9C9G2|AEE22_ARATH	70.507	217	99	1.37e-106	314
Arabidopsis_thaliana_Chr1_004329_1437882	sp|Q9SS00|AAE12_ARATH	70.968	217	99	3.35e-104	309
Arabidopsis_thaliana_Chr1_004329_1437882	sp|Q9SS01|AAE20_ARATH	70.046	217	99	2.94e-103	307
Arabidopsis_thaliana_Chr1_004329_1437882	sp|I3PB36|CNL_PETHY	54.867	226	99	6.85e-70	221
Arabidopsis_thaliana_ChrM_000022_1416792	sp|Q31708|RT04_ARATH	95.580	362	99	0.0	634
Arabidopsis_thaliana_ChrM_000022_1416792	sp|P26866|RT04_MARPO	40.506	158	42	4.91e-24	98.1
Arabidopsis_thaliana_ChrM_000022_1416792	sp|P48133|RR4_CYAPA	44.643	56	15	7.85e-08	54.2
Arabidopsis_thaliana_ChrM_000022_1416792	sp|A6MVT7|RR4_RHOSW	35.417	96	24	1.19e-06	50.8
Arabidopsis_thaliana_ChrM_000022_1416792	sp|P46743|RT04_PROWI	30.088	113	29	1.51e-06	52.5
Arabidopsis_thaliana_Chr1_003772_1436768	sp|Q8GYX8|DNJ10_ARATH	80.000	70	94	3.60e-28	104
Arabidopsis_thaliana_Chr3_003759_1405248	sp|Q9LP10|Y1920_ARATH	53.020	149	95	2.30e-40	134
Arabidopsis_thaliana_Chr3_003759_1405248	sp|Q9ZS96|Y4478_ARATH	39.062	64	41	1.02e-07	50.3
Arabidopsis_thaliana_Chr5_002683_1422178	sp|Q9FIM8|SBT4A_ARATH	96.104	693	99	0.0	1336
Arabidopsis_thaliana_Chr5_002683_1422178	sp|F4JA91|SBT45_ARATH	60.109	737	97	0.0	810
Arabidopsis_thaliana_Chr5_002683_1422178	sp|Q9FIM6|SBT48_ARATH	74.272	412	98	0.0	620
Arabidopsis_thaliana_Chr5_002683_1422178	sp|Q9FIM6|SBT48_ARATH	79.371	286	98	1.26e-165	484
Arabidopsis_thaliana_Chr5_002683_1422178	sp|Q9FIM5|SBT49_ARATH	76.963	382	99	0.0	595
Arabidopsis_thaliana_Chr5_002683_1422178	sp|Q9FIM5|SBT49_ARATH	84.561	285	99	5.25e-175	508
Arabidopsis_thaliana_Chr5_002683_1422178	sp|F4KGD4|SBT47_ARATH	75.543	368	97	0.0	564
Arabidopsis_thaliana_Chr5_002683_1422178	sp|F4KGD4|SBT47_ARATH	76.842	285	97	2.06e-152	450
Arabidopsis_thaliana_Chr1_003224_1435672	sp|Q7X9I0|AGL65_ARATH	44.853	136	97	3.28e-23	92.5
Arabidopsis_thaliana_Chr4_003554_1415606	sp|Q9M2N5|DSLE_ARATH	30.249	562	74	3.04e-69	235
Arabidopsis_thaliana_Chr4_003554_1415606	sp|Q6AVI0|RSLE2_ORYSJ	27.730	577	74	4.25e-64	222
Arabidopsis_thaliana_Chr4_003554_1415606	sp|Q75HY5|RSLE3_ORYSJ	28.219	567	74	2.04e-63	221
Arabidopsis_thaliana_Chr4_003554_1415606	sp|P08770|TRA1_MAIZE	31.175	587	76	1.42e-61	216
Arabidopsis_thaliana_Chr4_003554_1415606	sp|B9FJG3|RSLE1_ORYSJ	27.036	577	74	4.13e-60	211
Arabidopsis_thaliana_Chr3_004010_1405750	sp|Q9LIP6|C71BV_ARATH	71.944	499	99	0.0	750
Arabidopsis_thaliana_Chr3_004010_1405750	sp|Q9LIP5|C71BW_ARATH	71.457	494	99	0.0	743
Arabidopsis_thaliana_Chr3_004010_1405750	sp|Q9LTL0|C71BQ_ARATH	74.689	482	96	0.0	731
Arabidopsis_thaliana_Chr3_004010_1405750	sp|Q9LIP3|C71BY_ARATH	69.831	474	94	0.0	698
Arabidopsis_thaliana_Chr3_004010_1405750	sp|Q9LIP4|C71BX_ARATH	65.432	486	97	0.0	678
Arabidopsis_thaliana_Chr4_002242_1412982	sp|Q94A43|BEH2_ARATH	100.000	45	98	1.89e-20	82.3
Arabidopsis_thaliana_Chr4_002242_1412982	sp|Q8S307|BZR1_ARATH	71.795	39	85	5.60e-11	57.3
Arabidopsis_thaliana_Chr4_002242_1412982	sp|Q9LN63|BZR2_ARATH	68.421	38	83	1.39e-09	53.6
Arabidopsis_thaliana_Chr4_002242_1412982	sp|Q7XI96|BZR1_ORYSJ	67.500	40	85	4.40e-08	49.1
Arabidopsis_thaliana_Chr4_002242_1412982	sp|B8B7S5|BZR1_ORYSI	67.500	40	85	4.40e-08	49.1
Arabidopsis_thaliana_Chr5_004688_1426188	sp|Q9ZS96|Y4478_ARATH	38.261	115	74	1.84e-23	90.8
Arabidopsis_thaliana_Chr5_004688_1426188	sp|Q9LP10|Y1920_ARATH	35.398	113	71	2.86e-08	51.4
Arabidopsis_thaliana_Chr3_003780_1405290	sp|Q9SD82|RFA1B_ARATH	40.449	89	29	1.51e-11	66.9
Arabidopsis_thaliana_Chr3_003780_1405290	sp|Q9FME0|RFA1D_ARATH	42.500	80	26	8.64e-11	64.9
Arabidopsis_thaliana_Chr3_003780_1405290	sp|Q10Q08|RFA1B_ORYSJ	27.326	172	53	1.47e-10	64.0
Arabidopsis_thaliana_Chr3_003780_1405290	sp|Q9SKI4|RFA1A_ARATH	27.586	174	51	1.94e-06	51.9
Arabidopsis_thaliana_Chr1_005326_1439876	sp|Q9XEC1|Y4443_ARATH	76.136	176	39	4.54e-98	295
Arabidopsis_thaliana_Chr4_003888_1416274	sp|Q9T0H7|H2A8_ARATH	88.636	88	82	7.56e-53	163
Arabidopsis_thaliana_Chr4_003888_1416274	sp|O23628|H2AV1_ARATH	83.333	90	84	5.21e-50	156
Arabidopsis_thaliana_Chr4_003888_1416274	sp|Q9SII0|H2AV2_ARATH	77.895	95	89	2.94e-49	154
Arabidopsis_thaliana_Chr4_003888_1416274	sp|Q8H7Y8|H2AV1_ORYSJ	79.545	88	82	5.31e-48	151
Arabidopsis_thaliana_Chr4_003888_1416274	sp|Q8S857|H2AV2_ORYSJ	75.789	95	89	1.64e-47	150
Arabidopsis_thaliana_Chr2_003212_1395826	sp|F4ITM1|RGSL1_ARATH	38.655	119	91	2.06e-20	86.0
Arabidopsis_thaliana_Chr2_003212_1395826	sp|Q7Z419|R144B_HUMAN	33.333	108	84	3.73e-14	68.3
Arabidopsis_thaliana_Chr2_003212_1395826	sp|F4KGU4|DEAHC_ARATH	43.750	80	63	9.83e-14	68.8
Arabidopsis_thaliana_Chr2_003212_1395826	sp|Q5RFV4|R1441_DANRE	31.250	112	87	8.24e-13	64.6
Arabidopsis_thaliana_Chr2_003212_1395826	sp|A5PK27|R144B_BOVIN	31.481	108	84	1.06e-12	64.6
Arabidopsis_thaliana_Chr2_003107_1395616	sp|Q9LUQ9|FBK56_ARATH	47.342	395	98	1.04e-97	291
Arabidopsis_thaliana_Chr2_003107_1395616	sp|Q9FIH1|FB281_ARATH	44.359	390	98	6.46e-89	269
Arabidopsis_thaliana_Chr2_003107_1395616	sp|Q84X17|FB112_ARATH	43.038	395	98	4.88e-88	267
Arabidopsis_thaliana_Chr2_003107_1395616	sp|Q84V15|FB320_ARATH	45.902	366	92	1.59e-83	255
Arabidopsis_thaliana_Chr2_003107_1395616	sp|Q9FHK1|FB263_ARATH	43.073	397	98	4.26e-78	243
Arabidopsis_thaliana_Chr3_003438_1404606	sp|A7PZL3|PGLR_VITVI	55.714	140	88	7.20e-52	175
Arabidopsis_thaliana_Chr3_003438_1404606	sp|A7PZL3|PGLR_VITVI	51.553	161	88	1.71e-50	172
Arabidopsis_thaliana_Chr1_005975_1441174	sp|Q9LME8|U85A7_ARATH	86.404	228	97	9.27e-149	422
Arabidopsis_thaliana_Chr1_005975_1441174	sp|Q9ZWJ3|U85A2_ARATH	81.982	222	94	1.03e-137	393
Arabidopsis_thaliana_Chr1_005975_1441174	sp|Q9SK82|U85A1_ARATH	76.856	229	97	6.26e-133	381
Arabidopsis_thaliana_Chr1_005975_1441174	sp|Q9LMF1|U85A3_ARATH	75.877	228	97	3.71e-128	369
Arabidopsis_thaliana_Chr1_005975_1441174	sp|Q9LMF0|U85A5_ARATH	77.193	228	97	3.66e-127	366
Arabidopsis_thaliana_Chr3_004201_1406132	sp|Q94C26|PCC1_ARATH	55.102	49	52	3.02e-09	50.8
Arabidopsis_thaliana_Chr3_004201_1406132	sp|Q9LHJ3|CSTM9_ARATH	57.143	49	52	8.42e-09	49.7
Arabidopsis_thaliana_Chr3_004201_1406132	sp|Q8W472|CSTM8_ARATH	57.447	47	50	8.50e-09	49.7
Arabidopsis_thaliana_Chr2_000311_1390024	sp|Q8H1F0|BZP29_ARATH	36.723	177	63	1.13e-23	99.8
Arabidopsis_thaliana_Chr2_000311_1390024	sp|Q9SIG8|BZP30_ARATH	35.714	140	52	5.45e-20	89.4
Arabidopsis_thaliana_Chr2_000311_1390024	sp|O22873|BZP18_ARATH	32.520	123	45	1.17e-09	59.5
Arabidopsis_thaliana_Chr2_000311_1390024	sp|Q6S4P4|RF2B_ORYSJ	33.043	115	42	2.15e-09	58.7
Arabidopsis_thaliana_Chr2_000311_1390024	sp|Q69IL4|RF2A_ORYSJ	28.346	127	46	4.81e-09	57.9
Arabidopsis_thaliana_Chr2_000374_1390150	sp|Q9ZUK7|RLP18_ARATH	100.000	351	97	0.0	608
Arabidopsis_thaliana_Chr2_000374_1390150	sp|Q9ZUK7|RLP18_ARATH	30.204	245	97	1.23e-18	89.1
Arabidopsis_thaliana_Chr2_000374_1390150	sp|Q9ZUK7|RLP18_ARATH	29.911	224	97	4.33e-16	81.5
Arabidopsis_thaliana_Chr2_000374_1390150	sp|Q9ZUK7|RLP18_ARATH	31.217	189	97	8.69e-12	68.8
Arabidopsis_thaliana_Chr2_000374_1390150	sp|Q9ZUK7|RLP18_ARATH	28.571	280	97	1.39e-10	65.2
Arabidopsis_thaliana_Chr2_000374_1390150	sp|Q9ZUK7|RLP18_ARATH	25.764	229	97	2.12e-07	55.6
Arabidopsis_thaliana_Chr2_000374_1390150	sp|Q9ZUK3|RLP19_ARATH	56.716	402	96	1.83e-116	354
Arabidopsis_thaliana_Chr2_000374_1390150	sp|Q9ZUK3|RLP19_ARATH	29.766	299	96	1.04e-16	83.5
Arabidopsis_thaliana_Chr2_000374_1390150	sp|Q9ZUK3|RLP19_ARATH	31.944	216	96	1.44e-15	80.1
Arabidopsis_thaliana_Chr2_000374_1390150	sp|Q9ZUK3|RLP19_ARATH	42.857	91	96	1.56e-12	71.1
Arabidopsis_thaliana_Chr2_000374_1390150	sp|Q9ZUK3|RLP19_ARATH	30.909	165	96	1.05e-11	68.5
Arabidopsis_thaliana_Chr2_000374_1390150	sp|Q9ZUK3|RLP19_ARATH	42.045	88	96	8.75e-11	65.7
Arabidopsis_thaliana_Chr2_000374_1390150	sp|Q9ZUK3|RLP19_ARATH	25.789	380	96	1.20e-09	62.4
Arabidopsis_thaliana_Chr2_000374_1390150	sp|Q9ZUK3|RLP19_ARATH	28.720	289	96	1.61e-09	62.1
Arabidopsis_thaliana_Chr2_000374_1390150	sp|Q9SRL7|RLP35_ARATH	59.829	351	96	2.18e-112	343
Arabidopsis_thaliana_Chr2_000374_1390150	sp|Q9SRL7|RLP35_ARATH	32.921	404	96	1.69e-25	109
Arabidopsis_thaliana_Chr2_000374_1390150	sp|Q9SRL7|RLP35_ARATH	30.796	289	96	1.62e-18	88.8
Arabidopsis_thaliana_Chr2_000374_1390150	sp|Q9SRL7|RLP35_ARATH	30.514	331	96	5.94e-15	78.1
Arabidopsis_thaliana_Chr2_000374_1390150	sp|Q9SRL7|RLP35_ARATH	30.278	360	96	1.44e-12	71.1
Arabidopsis_thaliana_Chr2_000374_1390150	sp|Q9SRL7|RLP35_ARATH	31.492	181	96	7.90e-11	66.0
Arabidopsis_thaliana_Chr2_000374_1390150	sp|Q9SRL2|RLP34_ARATH	57.333	375	96	6.63e-108	332
Arabidopsis_thaliana_Chr2_000374_1390150	sp|Q9SRL2|RLP34_ARATH	33.585	265	96	6.85e-22	98.6
Arabidopsis_thaliana_Chr2_000374_1390150	sp|Q9SRL2|RLP34_ARATH	33.127	323	96	1.73e-20	94.4
Arabidopsis_thaliana_Chr2_000374_1390150	sp|Q9SRL2|RLP34_ARATH	30.675	326	96	5.39e-19	90.2
Arabidopsis_thaliana_Chr2_000374_1390150	sp|Q9SRL2|RLP34_ARATH	30.199	351	96	5.72e-16	81.2
Arabidopsis_thaliana_Chr2_000374_1390150	sp|Q9SRL2|RLP34_ARATH	34.270	178	96	9.25e-15	77.5
Arabidopsis_thaliana_Chr2_000374_1390150	sp|Q9S9U3|RLP53_ARATH	57.754	374	96	8.91e-107	329
Arabidopsis_thaliana_Chr2_000374_1390150	sp|Q9S9U3|RLP53_ARATH	31.579	266	96	1.19e-21	97.8
Arabidopsis_thaliana_Chr2_000374_1390150	sp|Q9S9U3|RLP53_ARATH	30.065	306	96	2.16e-18	88.2
Arabidopsis_thaliana_Chr2_000374_1390150	sp|Q9S9U3|RLP53_ARATH	31.389	360	96	4.76e-17	84.3
Arabidopsis_thaliana_Chr2_000374_1390150	sp|Q9S9U3|RLP53_ARATH	30.556	324	96	7.79e-16	80.9
Arabidopsis_thaliana_Chr2_000374_1390150	sp|Q9S9U3|RLP53_ARATH	31.418	261	96	9.73e-14	74.5
Arabidopsis_thaliana_Chr2_000374_1390150	sp|Q9S9U3|RLP53_ARATH	45.455	88	96	4.95e-12	69.4
Arabidopsis_thaliana_Chr2_000374_1390150	sp|Q9S9U3|RLP53_ARATH	45.882	85	96	6.90e-12	69.1
Arabidopsis_thaliana_Chr2_000374_1390150	sp|Q9S9U3|RLP53_ARATH	40.909	88	96	7.66e-10	62.9
Arabidopsis_thaliana_Chr3_001592_1400914	sp|Q9XEC1|Y4443_ARATH	70.455	176	36	6.46e-88	270
Arabidopsis_thaliana_Chr3_001592_1400914	sp|Q9LXQ8|FBL60_ARATH	27.972	143	28	2.96e-06	52.8
Arabidopsis_thaliana_Chr5_002433_1421678	sp|Q2V4L5|DEF68_ARATH	50.746	67	63	6.81e-13	60.9
Arabidopsis_thaliana_Chr5_002433_1421678	sp|Q9FL73|DEF69_ARATH	48.485	66	63	1.25e-12	60.4
Arabidopsis_thaliana_Chr1_000512_1430248	sp|P0C2F6|RNHX1_ARATH	20.440	318	76	8.98e-10	62.9
Arabidopsis_thaliana_Chr3_005174_1408078	sp|O22042|M3K3_ARATH	28.947	228	87	1.61e-14	73.6
Arabidopsis_thaliana_Chr3_005174_1408078	sp|Q9SND6|M3K20_ARATH	26.154	195	70	3.55e-14	71.1
Arabidopsis_thaliana_Chr3_005174_1408078	sp|Q3ULB5|PAK6_MOUSE	31.925	213	80	1.00e-12	68.3
Arabidopsis_thaliana_Chr3_005174_1408078	sp|Q5R8Z4|PAK6_PONAB	31.455	213	80	1.90e-12	67.4
Arabidopsis_thaliana_Chr3_005174_1408078	sp|Q9NQU5|PAK6_HUMAN	31.455	213	80	1.94e-12	67.4
Arabidopsis_thaliana_Chr4_003896_1416290	sp|Q1HG60|PIF1_RAT	32.911	158	79	1.22e-09	59.0
Arabidopsis_thaliana_Chr4_003896_1416290	sp|Q80SX8|PIF1_MOUSE	32.278	158	79	2.73e-09	57.9
Arabidopsis_thaliana_Chr4_003896_1416290	sp|Q0R4F1|PIF1_XENLA	29.341	167	79	1.90e-08	55.6
Arabidopsis_thaliana_Chr4_003896_1416290	sp|Q9H611|PIF1_HUMAN	29.193	161	79	1.91e-08	55.6
Arabidopsis_thaliana_Chr4_003896_1416290	sp|Q59RQ0|PIF1_CANAL	40.845	71	36	6.62e-08	54.2
Arabidopsis_thaliana_Chr4_003813_1416124	sp|Q9XEC1|Y4443_ARATH	27.879	165	25	6.01e-09	60.7
Arabidopsis_thaliana_Chr3_001589_1400908	sp|Q92JK8|CLPB_RICCN	61.765	34	97	1.37e-09	53.4
Arabidopsis_thaliana_Chr3_001589_1400908	sp|Q1RGR1|CLPB_RICBR	61.765	34	97	1.41e-09	53.4
Arabidopsis_thaliana_Chr3_001589_1400908	sp|Q68XR2|CLPB_RICTY	58.824	34	97	3.02e-09	52.5
Arabidopsis_thaliana_Chr3_001589_1400908	sp|Q9ZEA9|CLPB_RICPR	58.824	34	97	3.20e-09	52.5
Arabidopsis_thaliana_Chr3_001589_1400908	sp|Q4UN57|CLPB_RICFE	58.824	34	97	8.77e-09	51.1
Arabidopsis_thaliana_Chr2_003866_1397134	sp|P60498|NU6M_BRACM	100.000	205	99	1.18e-142	397
Arabidopsis_thaliana_Chr2_003866_1397134	sp|P60497|NU6M_ARATH	95.122	205	99	3.59e-131	368
Arabidopsis_thaliana_Chr2_003866_1397134	sp|Q02500|NU6M_WHEAT	91.089	202	98	1.17e-128	363
Arabidopsis_thaliana_Chr2_003866_1397134	sp|P26850|NU6M_MARPO	75.401	187	91	4.10e-97	281
Arabidopsis_thaliana_Chr2_003866_1397134	sp|Q37626|NU6M_PROWI	52.764	199	93	5.53e-58	181
Arabidopsis_thaliana_Chr1_001826_1432876	sp|Q9LP10|Y1920_ARATH	100.000	153	99	1.43e-111	315
Arabidopsis_thaliana_Chr1_001826_1432876	sp|Q9ZS96|Y4478_ARATH	34.286	105	65	4.23e-11	59.0
Arabidopsis_thaliana_Chr3_001479_1400688	sp|O81514|GPTP1_ARATH	86.792	53	52	1.14e-24	94.7
Arabidopsis_thaliana_Chr3_001479_1400688	sp|Q94B38|GPT2_ARATH	80.702	57	56	3.14e-24	95.3
Arabidopsis_thaliana_Chr3_001479_1400688	sp|Q9M5A9|GPT1_ARATH	70.175	57	56	5.85e-20	84.0
Arabidopsis_thaliana_Chr2_003907_1397216	sp|Q9SD82|RFA1B_ARATH	21.809	376	79	2.63e-06	52.8
Arabidopsis_thaliana_Chr2_003907_1397216	sp|Q24492|RFA1_DROME	24.234	359	75	9.44e-06	51.1
Arabidopsis_thaliana_Chr5_004847_1426506	sp|Q9SD82|RFA1B_ARATH	21.991	432	45	8.41e-14	78.1
Arabidopsis_thaliana_Chr5_004847_1426506	sp|Q10Q08|RFA1B_ORYSJ	23.188	414	44	2.02e-13	77.0
Arabidopsis_thaliana_Chr5_004847_1426506	sp|Q9FME0|RFA1D_ARATH	22.410	415	44	1.50e-11	71.1
Arabidopsis_thaliana_Chr2_003157_1395716	sp|O80920|PYL4_ARATH	77.143	35	30	3.12e-12	61.8
Arabidopsis_thaliana_Chr2_003157_1395716	sp|Q9FLB1|PYL5_ARATH	61.111	36	31	2.73e-08	51.4
Arabidopsis_thaliana_Chr3_004285_1406300	sp|Q9LHQ1|FB169_ARATH	100.000	210	99	6.59e-158	437
Arabidopsis_thaliana_Chr3_004285_1406300	sp|Q9LHQ0|FBK64_ARATH	59.330	209	99	5.73e-80	242
Arabidopsis_thaliana_Chr3_004285_1406300	sp|Q1PEN8|FB168_ARATH	53.052	213	99	1.83e-64	202
Arabidopsis_thaliana_Chr3_004285_1406300	sp|Q9LUQ9|FBK56_ARATH	48.018	227	99	2.32e-57	184
Arabidopsis_thaliana_Chr3_004285_1406300	sp|Q9LUT9|FB150_ARATH	44.156	231	99	3.89e-52	171
Arabidopsis_thaliana_Chr5_004634_1426080	sp|Q6AVI0|RSLE2_ORYSJ	32.456	456	77	3.36e-79	258
Arabidopsis_thaliana_Chr5_004634_1426080	sp|P08770|TRA1_MAIZE	35.347	447	77	4.91e-79	259
Arabidopsis_thaliana_Chr5_004634_1426080	sp|B9FJG3|RSLE1_ORYSJ	32.018	456	77	6.60e-77	251
Arabidopsis_thaliana_Chr5_004634_1426080	sp|Q9M2N5|DSLE_ARATH	31.818	440	78	1.07e-74	245
Arabidopsis_thaliana_Chr5_004634_1426080	sp|Q75HY5|RSLE3_ORYSJ	31.320	447	77	1.14e-73	244
Arabidopsis_thaliana_Chr4_003919_1416336	sp|Q8LPS2|ACD6_ARATH	33.813	139	86	1.41e-13	69.1
Arabidopsis_thaliana_Chr1_001785_1432794	sp|Q9XEC1|Y4443_ARATH	28.571	189	36	1.34e-13	73.9
Arabidopsis_thaliana_Chr3_004202_1406134	sp|Q94C26|PCC1_ARATH	68.627	51	56	1.15e-14	64.6
Arabidopsis_thaliana_Chr3_004202_1406134	sp|Q8W472|CSTM8_ARATH	68.627	51	56	3.73e-14	63.2
Arabidopsis_thaliana_Chr3_004202_1406134	sp|Q9LHJ3|CSTM9_ARATH	68.627	51	56	4.26e-14	63.2
Arabidopsis_thaliana_Chr1_005327_1439878	sp|Q38946|DHE2_ARATH	87.681	138	96	3.16e-82	246
Arabidopsis_thaliana_Chr1_005327_1439878	sp|O04937|DHEA_NICPL	73.188	138	96	5.12e-70	215
Arabidopsis_thaliana_Chr1_005327_1439878	sp|P52596|DHE3_VITVI	67.391	138	96	4.39e-65	203
Arabidopsis_thaliana_Chr1_005327_1439878	sp|Q33E23|DHE2_ORYSJ	66.667	138	96	6.50e-64	199
Arabidopsis_thaliana_Chr1_005327_1439878	sp|A2XW22|DHE2_ORYSI	66.667	138	96	6.50e-64	199
Arabidopsis_thaliana_Chr4_003633_1415764	sp|Q9T0E2|FK124_ARATH	82.812	64	94	2.64e-28	104
Arabidopsis_thaliana_Chr4_003633_1415764	sp|Q9SH13|FB90_ARATH	75.439	57	84	7.16e-24	88.5
Arabidopsis_thaliana_Chr4_003633_1415764	sp|Q9SVA3|FBK98_ARATH	79.245	53	78	3.11e-22	88.8
Arabidopsis_thaliana_Chr4_003633_1415764	sp|Q9FFV5|FK130_ARATH	79.245	53	78	5.92e-22	86.8
Arabidopsis_thaliana_Chr4_003633_1415764	sp|Q9SV98|FK103_ARATH	77.358	53	78	1.83e-21	86.6
Arabidopsis_thaliana_Chr1_005339_1439902	sp|Q9XEC1|Y4443_ARATH	43.284	134	79	8.93e-22	92.5
Arabidopsis_thaliana_Chr1_005339_1439902	sp|Q9XEC1|Y4443_ARATH	49.254	67	79	2.77e-12	66.9
Arabidopsis_thaliana_Chr2_003347_1396096	sp|O04420|URIC_ARATH	90.789	76	89	7.78e-45	146
Arabidopsis_thaliana_Chr2_003347_1396096	sp|P34798|URIC1_CANLI	63.158	76	89	2.51e-29	106
Arabidopsis_thaliana_Chr2_003347_1396096	sp|P53763|URIC_PHAVU	60.526	76	89	4.24e-29	106
Arabidopsis_thaliana_Chr2_003347_1396096	sp|P04670|URIC1_SOYBN	63.158	76	89	2.09e-28	104
Arabidopsis_thaliana_Chr2_003347_1396096	sp|O04104|URIC2_SOYBN	61.842	76	89	1.69e-27	102
Arabidopsis_thaliana_Chr3_003791_1405312	sp|Q9M237|Y3353_ARATH	40.984	122	98	1.71e-18	82.0
Arabidopsis_thaliana_ChrM_000010_1416768	sp|Q04050|NU4M_BRACM	96.407	167	77	4.83e-108	317
Arabidopsis_thaliana_ChrM_000010_1416768	sp|P93313|NU4M_ARATH	92.814	167	77	1.12e-102	303
Arabidopsis_thaliana_ChrM_000010_1416768	sp|P26848|NU4M_MARPO	90.566	159	73	7.62e-96	286
Arabidopsis_thaliana_ChrM_000010_1416768	sp|P27572|NU4M_WHEAT	90.419	167	77	2.86e-93	279
Arabidopsis_thaliana_ChrM_000010_1416768	sp|Q37617|NU4M_PROWI	76.875	160	73	7.91e-82	250
Arabidopsis_thaliana_Chr1_004949_1439122	sp|Q9C918|UBC38_ARATH	99.367	316	89	0.0	663
Arabidopsis_thaliana_Chr1_004949_1439122	sp|Q8GY87|UBC26_ARATH	87.697	317	89	0.0	597
Arabidopsis_thaliana_Chr1_004949_1439122	sp|F4HPP7|UBC39_ARATH	69.408	304	83	5.17e-153	432
Arabidopsis_thaliana_Chr1_004949_1439122	sp|Q9LUQ5|UBC25_ARATH	63.057	314	87	4.57e-143	414
Arabidopsis_thaliana_Chr1_004949_1439122	sp|Q9ZVX1|UBC23_ARATH	53.137	271	76	1.68e-91	291
Arabidopsis_thaliana_Chr4_000301_1409100	sp|Q9M237|Y3353_ARATH	34.667	75	84	1.72e-11	60.9
Arabidopsis_thaliana_Chr1_000542_1430308	sp|O81514|GPTP1_ARATH	83.065	124	98	3.23e-70	212
Arabidopsis_thaliana_Chr1_000542_1430308	sp|Q9M5A9|GPT1_ARATH	84.615	65	56	1.38e-33	120
Arabidopsis_thaliana_Chr1_000542_1430308	sp|Q94B38|GPT2_ARATH	83.333	66	56	8.42e-33	118
Arabidopsis_thaliana_Chr1_000542_1430308	sp|Q9LF61|XPT_ARATH	43.077	65	55	3.01e-11	60.9
Arabidopsis_thaliana_Chr1_000542_1430308	sp|P52177|TPT1_BRAOB	32.031	128	98	2.19e-10	58.4
Arabidopsis_thaliana_Chr2_002715_1394832	sp|Q9S7T8|SPZX_ARATH	51.220	205	88	2.42e-65	205
Arabidopsis_thaliana_Chr2_002715_1394832	sp|O04582|SPZ5_ARATH	45.070	213	90	5.30e-53	174
Arabidopsis_thaliana_Chr2_002715_1394832	sp|Q9SH52|SPZ1_ARATH	44.175	206	88	1.10e-52	172
Arabidopsis_thaliana_Chr2_002715_1394832	sp|Q9ZQR6|SPZ2_ARATH	41.951	205	88	7.09e-50	165
Arabidopsis_thaliana_Chr2_002715_1394832	sp|Q9M1T7|SPZ4_ARATH	45.327	214	92	5.91e-49	163
Arabidopsis_thaliana_Chr2_000269_1389940	sp|Q04050|NU4M_BRACM	100.000	159	70	8.90e-108	317
Arabidopsis_thaliana_Chr2_000269_1389940	sp|P93313|NU4M_ARATH	88.202	178	78	1.94e-102	303
Arabidopsis_thaliana_Chr2_000269_1389940	sp|P26848|NU4M_MARPO	90.566	159	70	1.51e-95	285
Arabidopsis_thaliana_Chr2_000269_1389940	sp|P27572|NU4M_WHEAT	93.711	159	70	5.16e-93	279
Arabidopsis_thaliana_Chr2_000269_1389940	sp|Q37617|NU4M_PROWI	76.875	160	70	1.09e-81	250
Arabidopsis_thaliana_Chr3_004758_1407246	sp|Q9C6I8|NOG1_ARATH	70.968	31	25	4.07e-08	52.5
Arabidopsis_thaliana_Chr1_000138_1429500	sp|Q9LR73|3AT2_ARATH	100.000	113	99	5.17e-78	236
Arabidopsis_thaliana_Chr1_000138_1429500	sp|Q9ZWB4|3AT1_ARATH	97.345	113	99	1.74e-76	232
Arabidopsis_thaliana_Chr1_000138_1429500	sp|Q9LRQ8|PMAT2_ARATH	37.037	108	95	4.10e-15	71.6
Arabidopsis_thaliana_Chr1_000138_1429500	sp|Q940Z5|PMAT1_ARATH	37.273	110	96	4.94e-15	71.6
Arabidopsis_thaliana_Chr1_000138_1429500	sp|Q9LJB4|5MAT_ARATH	33.945	109	96	1.91e-13	67.1
Arabidopsis_thaliana_Chr1_000793_1430810	sp|Q9S9M3|WAKLC_ARATH	99.576	708	99	0.0	1468
Arabidopsis_thaliana_Chr1_000793_1430810	sp|Q9S9M5|WAKLA_ARATH	78.814	708	99	0.0	1076
Arabidopsis_thaliana_Chr1_000793_1430810	sp|Q9S9M1|WAKLE_ARATH	78.490	702	98	0.0	1073
Arabidopsis_thaliana_Chr1_000793_1430810	sp|Q9S9M2|WAKLD_ARATH	67.784	686	95	0.0	936
Arabidopsis_thaliana_Chr1_000793_1430810	sp|Q7X8C5|WAKLB_ARATH	67.286	700	97	0.0	925
Arabidopsis_thaliana_Chr2_000567_1390536	sp|Q84J62|Y2920_ARATH	100.000	169	60	2.20e-126	357
Arabidopsis_thaliana_Chr2_000567_1390536	sp|Q6E244|Y3258_ARATH	37.423	163	50	1.57e-19	84.0
Arabidopsis_thaliana_Chr2_000567_1390536	sp|Q9T0D7|Y4170_ARATH	36.508	126	34	1.04e-15	74.2
Arabidopsis_thaliana_Chr3_001813_1401356	sp|Q8LGH4|CUL4_ARATH	41.818	110	79	6.12e-16	75.0
Arabidopsis_thaliana_Chr3_001813_1401356	sp|Q9SZ75|CLL5_ARATH	41.509	106	81	6.13e-15	71.6
Arabidopsis_thaliana_Chr3_001813_1401356	sp|Q54CS2|CUL4_DICDI	31.776	107	77	1.16e-07	51.4
Arabidopsis_thaliana_Chr3_001691_1401112	sp|P0C2F6|RNHX1_ARATH	26.733	101	63	2.13e-08	54.5
Arabidopsis_thaliana_Chr3_001350_1400430	sp|F4KFS5|GMI1_ARATH	62.931	232	95	1.64e-79	259
Arabidopsis_thaliana_Chr2_002910_1395222	sp|Q8VYA1|PARG2_ARATH	50.993	151	85	2.20e-41	143
Arabidopsis_thaliana_Chr2_002910_1395222	sp|Q9SKB3|PARG1_ARATH	62.000	100	69	7.89e-39	137
Arabidopsis_thaliana_Chr2_002910_1395222	sp|O02776|PARG_BOVIN	35.246	122	84	1.72e-16	77.3
Arabidopsis_thaliana_Chr2_002910_1395222	sp|O46043|PARG_DROME	40.336	119	82	1.18e-13	69.1
Arabidopsis_thaliana_Chr2_002910_1395222	sp|Q86W56|PARG_HUMAN	36.066	122	84	2.08e-12	65.5
Arabidopsis_thaliana_Chr5_004585_1425982	sp|Q09092|SRK6_BRAOV	56.977	344	99	1.56e-128	381
Arabidopsis_thaliana_Chr5_004585_1425982	sp|O81905|SD18_ARATH	58.702	339	99	1.30e-126	376
Arabidopsis_thaliana_Chr5_004585_1425982	sp|P0DH86|SRK_ARATH	58.944	341	99	1.23e-124	371
Arabidopsis_thaliana_Chr5_004585_1425982	sp|Q39086|SD17_ARATH	57.357	333	97	2.85e-123	368
Arabidopsis_thaliana_Chr5_004585_1425982	sp|Q9S972|SD16_ARATH	57.059	340	99	2.01e-118	355
Arabidopsis_thaliana_Chr1_005584_1440392	sp|Q9SA02|FB26_ARATH	54.098	61	56	1.70e-11	60.9
Arabidopsis_thaliana_Chr1_005584_1440392	sp|Q9SA03|FB27_ARATH	68.421	38	37	1.26e-10	58.1
Arabidopsis_thaliana_Chr4_000389_1409276	sp|Q9LP10|Y1920_ARATH	66.154	65	78	3.29e-19	77.5
Arabidopsis_thaliana_Chr2_000346_1390094	sp|Q10Q08|RFA1B_ORYSJ	24.021	383	64	3.56e-12	71.4
Arabidopsis_thaliana_Chr2_000346_1390094	sp|Q9SD82|RFA1B_ARATH	22.454	383	64	4.77e-11	68.0
Arabidopsis_thaliana_Chr2_000346_1390094	sp|Q24492|RFA1_DROME	24.893	233	41	6.44e-08	58.1
Arabidopsis_thaliana_Chr2_000346_1390094	sp|Q92372|RFA1_SCHPO	22.845	232	41	4.38e-06	52.5
Arabidopsis_thaliana_Chr4_001115_1410728	sp|O49624|FB242_ARATH	50.928	377	99	2.04e-107	317
Arabidopsis_thaliana_Chr4_001115_1410728	sp|O49647|FB246_ARATH	50.660	379	99	4.53e-107	316
Arabidopsis_thaliana_Chr4_001115_1410728	sp|P0CG94|FB347_ARATH	52.125	353	99	1.24e-106	314
Arabidopsis_thaliana_Chr4_001115_1410728	sp|Q9SUG4|FB241_ARATH	46.089	358	99	5.16e-82	251
Arabidopsis_thaliana_Chr4_001115_1410728	sp|O65454|FB334_ARATH	39.305	374	99	7.83e-67	213
Arabidopsis_thaliana_Chr1_006480_1442184	sp|Q8W4E1|RH47_ARATH	74.419	86	99	4.47e-37	130
Arabidopsis_thaliana_Chr1_006480_1442184	sp|Q10PV9|RH47B_ORYSJ	61.628	86	99	3.96e-30	112
Arabidopsis_thaliana_Chr1_006480_1442184	sp|Q6H874|RH47A_ORYSJ	61.628	86	99	5.51e-30	112
Arabidopsis_thaliana_Chr1_006480_1442184	sp|Q6C799|DBP8_YARLI	32.941	85	98	1.07e-10	58.4
Arabidopsis_thaliana_Chr1_006480_1442184	sp|A4RMV8|ROK1_PYRO7	35.135	74	85	4.88e-09	53.9
Arabidopsis_thaliana_Chr5_004910_1426632	sp|Q94HW2|POLR1_ARATH	27.729	339	93	5.91e-25	107
Arabidopsis_thaliana_Chr5_004910_1426632	sp|Q9ZT94|POLR2_ARATH	25.740	338	93	1.39e-17	85.7
Arabidopsis_thaliana_Chr1_005576_1440376	sp|P0C2C9|FBX12_ARATH	98.182	110	98	1.17e-74	226
Arabidopsis_thaliana_Chr1_005576_1440376	sp|Q9SA03|FB27_ARATH	63.303	109	97	8.23e-40	134
Arabidopsis_thaliana_Chr1_005576_1440376	sp|Q9MAP1|FB33_ARATH	57.143	112	97	4.39e-39	136
Arabidopsis_thaliana_Chr1_005576_1440376	sp|Q9SVX4|FB205_ARATH	61.682	107	96	1.31e-36	128
Arabidopsis_thaliana_Chr1_005576_1440376	sp|P0C2G2|FB21_ARATH	62.385	109	97	1.59e-36	127
Arabidopsis_thaliana_Chr1_005209_1439642	sp|Q56XW8|FBL30_ARATH	61.017	118	96	1.64e-34	124
Arabidopsis_thaliana_Chr1_005209_1439642	sp|Q1PEY8|FBL35_ARATH	40.566	106	87	1.48e-12	64.3
Arabidopsis_thaliana_Chr1_005209_1439642	sp|Q9SZ44|FB309_ARATH	45.918	98	80	6.88e-12	62.9
Arabidopsis_thaliana_Chr1_005209_1439642	sp|Q84RK6|FBL36_ARATH	38.462	104	84	3.25e-10	58.4
Arabidopsis_thaliana_Chr1_005209_1439642	sp|Q9LM64|FB16_ARATH	39.252	107	88	9.33e-10	57.0
Arabidopsis_thaliana_Chr1_000701_1430626	sp|O04488|FBLK1_ARATH	56.048	248	99	2.49e-88	265
Arabidopsis_thaliana_Chr1_000701_1430626	sp|Q9LX89|FB255_ARATH	51.181	254	99	3.77e-77	238
Arabidopsis_thaliana_Chr1_000701_1430626	sp|O80777|FB126_ARATH	46.763	278	99	6.34e-75	231
Arabidopsis_thaliana_Chr1_000701_1430626	sp|Q7X7A9|FB4_ARATH	56.098	164	64	6.59e-55	177
Arabidopsis_thaliana_Chr1_000701_1430626	sp|Q9M9T0|FB8_ARATH	46.739	184	71	7.58e-40	138
Arabidopsis_thaliana_Chr3_004589_1406908	sp|Q9C6W6|TPS29_ARATH	76.793	474	48	0.0	742
Arabidopsis_thaliana_Chr3_004589_1406908	sp|Q9C6W6|TPS29_ARATH	77.000	100	48	4.24e-46	175
Arabidopsis_thaliana_Chr3_004589_1406908	sp|Q9LUE2|TPS18_ARATH	73.305	472	48	0.0	710
Arabidopsis_thaliana_Chr3_004589_1406908	sp|Q9LUE2|TPS18_ARATH	84.000	100	48	2.10e-51	190
Arabidopsis_thaliana_Chr3_004589_1406908	sp|Q9LUE0|TPS19_ARATH	72.034	472	48	0.0	685
Arabidopsis_thaliana_Chr3_004589_1406908	sp|Q9LUE0|TPS19_ARATH	80.000	100	48	6.64e-48	180
Arabidopsis_thaliana_Chr3_004589_1406908	sp|Q9LRR2|TPS17_ARATH	63.425	473	49	0.0	603
Arabidopsis_thaliana_Chr3_004589_1406908	sp|Q9LRR2|TPS17_ARATH	50.485	103	49	4.10e-24	110
Arabidopsis_thaliana_Chr3_004589_1406908	sp|Q9LQ27|TPS22_ARATH	57.203	472	48	0.0	542
Arabidopsis_thaliana_Chr3_004589_1406908	sp|Q9LQ27|TPS22_ARATH	52.475	101	48	1.15e-26	118
Arabidopsis_thaliana_Chr1_000679_1430582	sp|Q9XI81|FUT7_ARATH	100.000	526	99	0.0	1104
Arabidopsis_thaliana_Chr1_000679_1430582	sp|Q9XI80|FUT6_ARATH	74.952	523	99	0.0	821
Arabidopsis_thaliana_Chr1_000679_1430582	sp|Q9XI78|FUT8_ARATH	73.704	521	98	0.0	789
Arabidopsis_thaliana_Chr1_000679_1430582	sp|Q9SJP2|FUT4_ARATH	68.511	524	99	0.0	749
Arabidopsis_thaliana_Chr1_000679_1430582	sp|Q9SJP4|FUT5_ARATH	67.115	520	98	0.0	739
Arabidopsis_thaliana_Chr1_002857_1434938	sp|Q4PSE7|FB262_ARATH	40.510	353	90	6.68e-60	195
Arabidopsis_thaliana_Chr1_002857_1434938	sp|Q9ZQ60|FB102_ARATH	41.590	327	89	1.78e-54	180
Arabidopsis_thaliana_Chr1_002857_1434938	sp|Q9ZQR2|FB103_ARATH	35.714	322	82	7.30e-45	155
Arabidopsis_thaliana_Chr1_002857_1434938	sp|Q3E960|FB337_ARATH	32.911	316	87	4.29e-29	116
Arabidopsis_thaliana_Chr1_002857_1434938	sp|O65454|FB334_ARATH	29.412	357	89	4.57e-26	106
Arabidopsis_thaliana_Chr2_003066_1395534	sp|O00370|LORF2_HUMAN	28.508	449	39	1.32e-53	205
Arabidopsis_thaliana_Chr2_003066_1395534	sp|P08548|LIN1_NYCCO	27.573	515	45	1.29e-51	199
Arabidopsis_thaliana_Chr2_003066_1395534	sp|P11369|LORF2_MOUSE	25.195	512	44	6.66e-44	175
Arabidopsis_thaliana_Chr2_003066_1395534	sp|P14381|YTX2_XENLA	26.103	544	47	3.81e-41	167
Arabidopsis_thaliana_Chr2_003066_1395534	sp|P0C2F6|RNHX1_ARATH	22.788	373	32	2.29e-21	102
Arabidopsis_thaliana_Chr5_001699_1420210	sp|F4I594|RLM1A_ARATH	67.582	182	94	1.15e-86	271
Arabidopsis_thaliana_Chr5_001699_1420210	sp|Q9CAK1|RLM1B_ARATH	63.402	194	98	8.25e-82	259
Arabidopsis_thaliana_Chr5_001699_1420210	sp|Q9C7X0|ADR2_ARATH	62.963	189	97	2.16e-77	247
Arabidopsis_thaliana_Chr5_001699_1420210	sp|F4JWM0|DSC2_ARATH	60.989	182	94	8.12e-76	245
Arabidopsis_thaliana_Chr5_001699_1420210	sp|O82500|Y4117_ARATH	60.000	190	98	8.44e-74	239
Arabidopsis_thaliana_Chr5_000296_1417404	sp|Q8GXE9|HA22J_ARATH	57.759	116	77	1.25e-51	165
Arabidopsis_thaliana_Chr5_000296_1417404	sp|Q8LE10|HA22I_ARATH	57.025	121	80	1.32e-50	163
Arabidopsis_thaliana_Chr5_000296_1417404	sp|Q9LR09|HA22G_ARATH	48.571	140	93	9.07e-49	155
Arabidopsis_thaliana_Chr5_000296_1417404	sp|Q8LEM6|HA22H_ARATH	53.719	121	80	2.93e-48	157
Arabidopsis_thaliana_Chr5_000296_1417404	sp|Q4KMI4|REEP2_DANRE	38.983	118	79	3.17e-25	97.5
Arabidopsis_thaliana_Chr1_001772_1432768	sp|Q9XEC1|Y4443_ARATH	29.851	134	64	1.33e-11	63.8
Arabidopsis_thaliana_Chr4_000546_1409590	sp|Q1G391|FB217_ARATH	69.524	105	93	1.27e-43	145
Arabidopsis_thaliana_Chr1_005400_1440024	sp|Q9SD82|RFA1B_ARATH	25.581	215	84	1.61e-08	56.7
Arabidopsis_thaliana_Chr1_005396_1440016	sp|Q9SF40|RL4A_ARATH	73.958	96	99	4.57e-39	134
Arabidopsis_thaliana_Chr1_005396_1440016	sp|P49691|RL4B_ARATH	68.750	96	99	1.69e-34	122
Arabidopsis_thaliana_Chr1_005396_1440016	sp|Q9XF97|RL4_PRUAR	67.708	96	99	4.92e-33	118
Arabidopsis_thaliana_Chr1_005396_1440016	sp|P02385|RL4B_XENLA	48.936	47	50	2.34e-07	49.4
Arabidopsis_thaliana_Chr1_005396_1440016	sp|P08429|RL4A_XENLA	48.936	47	50	2.51e-07	49.1
Arabidopsis_thaliana_Chr2_000276_1389954	sp|Q9M237|Y3353_ARATH	71.486	498	98	0.0	603
Arabidopsis_thaliana_Chr2_000276_1389954	sp|Q9M237|Y3353_ARATH	95.745	47	98	1.50e-16	84.9
Arabidopsis_thaliana_Chr1_001884_1432992	sp|P0CAY7|DF290_ARATH	100.000	103	99	5.71e-72	211
Arabidopsis_thaliana_Chr1_001884_1432992	sp|Q2V4I2|DF289_ARATH	65.049	103	99	1.95e-43	139
Arabidopsis_thaliana_Chr1_001884_1432992	sp|Q2V472|DF291_ARATH	42.718	103	99	1.17e-15	67.7
Arabidopsis_thaliana_Chr1_001884_1432992	sp|Q2V459|DF298_ARATH	37.500	104	97	1.77e-11	57.6
Arabidopsis_thaliana_Chr1_001329_1431882	sp|A8E4L1|COX19_BOVIN	42.353	85	74	5.68e-20	79.2
Arabidopsis_thaliana_Chr1_001329_1431882	sp|Q8K0C8|COX19_MOUSE	41.772	79	69	3.84e-18	74.7
Arabidopsis_thaliana_Chr1_001329_1431882	sp|Q49B96|COX19_HUMAN	43.038	79	69	4.35e-18	74.5
Arabidopsis_thaliana_Chr1_001329_1431882	sp|Q54IA0|COX19_DICDI	45.946	74	63	9.37e-18	73.9
Arabidopsis_thaliana_Chr1_001329_1431882	sp|P0CM87|COX19_CRYD3	42.308	78	68	1.43e-17	73.6
Arabidopsis_thaliana_Chr2_003943_1397288	sp|Q9SZA6|FBK91_ARATH	44.697	396	96	2.25e-92	279
Arabidopsis_thaliana_Chr2_003943_1397288	sp|Q9LP59|FBK20_ARATH	44.560	386	96	1.10e-87	267
Arabidopsis_thaliana_Chr2_003943_1397288	sp|Q9FFT0|FB277_ARATH	42.820	383	96	1.09e-84	259
Arabidopsis_thaliana_Chr2_003943_1397288	sp|Q9FFS9|FB278_ARATH	41.944	391	98	7.45e-84	257
Arabidopsis_thaliana_Chr2_003943_1397288	sp|Q9LIK3|FB178_ARATH	43.045	381	93	2.85e-77	240
Arabidopsis_thaliana_Chr1_000907_1431038	sp|Q9LMS5|GDL3_ARATH	60.000	150	99	9.61e-48	153
Arabidopsis_thaliana_Chr1_000907_1431038	sp|Q9LJG3|ESM1_ARATH	59.322	59	91	7.75e-15	70.5
Arabidopsis_thaliana_Chr1_000907_1431038	sp|Q9LJG3|ESM1_ARATH	60.870	46	91	2.79e-10	58.1
Arabidopsis_thaliana_Chr1_000907_1431038	sp|Q9C5N8|GDL20_ARATH	52.459	61	94	2.34e-13	66.3
Arabidopsis_thaliana_Chr1_000907_1431038	sp|Q9C5N8|GDL20_ARATH	49.180	61	94	1.71e-10	58.4
Arabidopsis_thaliana_Chr1_000907_1431038	sp|Q8W4H8|GDL19_ARATH	49.412	85	95	3.64e-13	66.0
Arabidopsis_thaliana_Chr1_000907_1431038	sp|Q8W4H8|GDL19_ARATH	44.118	68	95	1.32e-09	56.2
Arabidopsis_thaliana_Chr1_000907_1431038	sp|Q1H583|GDL18_ARATH	51.613	62	95	1.08e-11	61.8
Arabidopsis_thaliana_Chr1_000907_1431038	sp|Q1H583|GDL18_ARATH	41.667	72	95	4.39e-08	51.9
Arabidopsis_thaliana_Chr2_004048_1397498	sp|Q9ZVQ6|P2B10_ARATH	55.682	264	85	1.31e-90	269
Arabidopsis_thaliana_Chr2_004048_1397498	sp|Q9ZVQ8|PP2B8_ARATH	51.887	318	99	2.11e-85	257
Arabidopsis_thaliana_Chr2_004048_1397498	sp|Q9ZVQ9|PP2B7_ARATH	50.676	296	93	1.21e-79	242
Arabidopsis_thaliana_Chr2_004048_1397498	sp|Q9FV02|SKIP3_ARATH	49.129	287	90	6.85e-75	230
Arabidopsis_thaliana_Chr2_004048_1397498	sp|Q3E6P4|FB95_ARATH	51.128	266	84	3.67e-72	223
Arabidopsis_thaliana_Chr2_003916_1397234	sp|Q7ZV90|PIF1_DANRE	26.068	468	36	3.54e-19	95.8
Arabidopsis_thaliana_Chr2_003916_1397234	sp|Q0R4F1|PIF1_XENLA	25.764	458	36	2.97e-17	89.6
Arabidopsis_thaliana_Chr2_003916_1397234	sp|A5WFR0|PIF1_PSYWF	26.190	336	26	8.29e-14	79.2
Arabidopsis_thaliana_Chr2_003916_1397234	sp|Q1HG60|PIF1_RAT	33.679	193	15	3.14e-13	77.3
Arabidopsis_thaliana_Chr2_003916_1397234	sp|Q80SX8|PIF1_MOUSE	33.161	193	15	5.50e-13	76.4
Arabidopsis_thaliana_Chr3_004734_1407198	sp|B4JF25|WRNXO_DROGR	24.103	195	86	1.57e-07	52.8
Arabidopsis_thaliana_Chr1_004423_1438070	sp|O04582|SPZ5_ARATH	71.081	370	93	0.0	531
Arabidopsis_thaliana_Chr1_004423_1438070	sp|Q9ZQR6|SPZ2_ARATH	69.211	380	96	0.0	518
Arabidopsis_thaliana_Chr1_004423_1438070	sp|Q9SH52|SPZ1_ARATH	62.432	370	93	5.07e-160	453
Arabidopsis_thaliana_Chr1_004423_1438070	sp|Q9S7T8|SPZX_ARATH	49.744	390	93	1.79e-122	357
Arabidopsis_thaliana_Chr1_004423_1438070	sp|Q9SIR9|SPZ10_ARATH	44.133	392	93	5.44e-101	302
Arabidopsis_thaliana_Chr3_001146_1400022	sp|Q9LRL2|CRR25_ARATH	100.000	143	99	2.63e-104	299
Arabidopsis_thaliana_Chr3_001146_1400022	sp|Q9LRL4|CRR24_ARATH	60.140	143	98	2.95e-57	179
Arabidopsis_thaliana_Chr3_001146_1400022	sp|Q9LRL7|CRR22_ARATH	54.967	151	99	4.98e-51	163
Arabidopsis_thaliana_Chr3_001146_1400022	sp|Q9LRL8|CRR21_ARATH	53.521	142	97	8.08e-50	160
Arabidopsis_thaliana_Chr3_001146_1400022	sp|Q9SIP6|CRR10_ARATH	60.484	124	85	5.53e-49	158
Arabidopsis_thaliana_Chr3_002902_1403534	sp|Q8GYA8|Y3975_ARATH	100.000	215	90	1.25e-162	450
Arabidopsis_thaliana_Chr3_002902_1403534	sp|Q9LXS0|FB206_ARATH	67.227	238	93	5.44e-105	308
Arabidopsis_thaliana_Chr3_002902_1403534	sp|Q8GXW6|FBL59_ARATH	64.655	232	92	3.88e-104	307
Arabidopsis_thaliana_Chr3_002902_1403534	sp|O23257|FBL72_ARATH	59.363	251	97	2.87e-100	296
Arabidopsis_thaliana_Chr3_002902_1403534	sp|Q9FF23|FB268_ARATH	62.500	232	91	6.98e-96	286
Arabidopsis_thaliana_Chr3_002227_1402184	sp|Q9M3C6|PSA3C_ARATH	88.000	50	85	1.52e-16	72.2
Arabidopsis_thaliana_Chr3_001907_1401544	sp|Q9SMN4|U496J_ARATH	99.138	232	85	7.06e-153	429
Arabidopsis_thaliana_Chr3_001907_1401544	sp|Q9SMN4|U496J_ARATH	100.000	47	85	2.43e-25	102
Arabidopsis_thaliana_Chr3_001907_1401544	sp|Q9LVR4|U496F_ARATH	35.599	309	81	2.38e-34	128
Arabidopsis_thaliana_Chr3_001907_1401544	sp|Q9LVR3|U496G_ARATH	33.657	309	83	1.11e-32	124
Arabidopsis_thaliana_Chr3_001907_1401544	sp|Q8GW16|U496H_ARATH	28.990	307	83	1.55e-24	102
Arabidopsis_thaliana_Chr3_001907_1401544	sp|Q56XQ0|U496I_ARATH	33.010	206	53	6.28e-21	92.5
Arabidopsis_thaliana_Chr1_004222_1437668	sp|Q4PSE7|FB262_ARATH	43.003	293	98	1.12e-52	174
Arabidopsis_thaliana_Chr1_004222_1437668	sp|Q9ZQ60|FB102_ARATH	47.034	236	81	1.30e-44	153
Arabidopsis_thaliana_Chr1_004222_1437668	sp|Q9ZQR2|FB103_ARATH	36.948	249	84	3.49e-35	128
Arabidopsis_thaliana_Chr1_004222_1437668	sp|Q9SRV0|KIB4_ARATH	33.101	287	98	1.57e-25	103
Arabidopsis_thaliana_Chr1_004222_1437668	sp|Q3E960|FB337_ARATH	36.444	225	77	4.04e-25	103
Arabidopsis_thaliana_Chr5_003146_1423104	sp|Q9SN22|SCL32_ARATH	62.903	62	95	4.17e-15	69.7
Arabidopsis_thaliana_Chr5_001790_1420392	sp|P17094|RL31_ARATH	90.625	32	89	1.45e-13	64.3
Arabidopsis_thaliana_Chr5_001790_1420392	sp|P22738|RL32_ARATH	87.500	32	89	8.85e-13	62.4
Arabidopsis_thaliana_Chr5_001790_1420392	sp|P35684|RL3_ORYSJ	87.500	32	89	1.27e-12	61.8
Arabidopsis_thaliana_Chr5_001790_1420392	sp|Q8NKF4|RL3_ASPFU	81.250	32	89	7.86e-11	56.7
Arabidopsis_thaliana_Chr5_001790_1420392	sp|P27659|RL3_MOUSE	81.250	32	89	1.14e-10	56.4
Arabidopsis_thaliana_Chr2_002348_1394098	sp|P0DKG5|MCC08_ARATH	47.845	232	80	1.76e-60	192
Arabidopsis_thaliana_Chr2_002348_1394098	sp|F4IN32|MCC06_ARATH	46.721	244	83	5.05e-58	185
Arabidopsis_thaliana_Chr2_002348_1394098	sp|P0DKG4|MCC07_ARATH	47.953	171	87	9.78e-39	138
Arabidopsis_thaliana_Chr2_002348_1394098	sp|P0DKG4|MCC07_ARATH	45.000	100	87	4.95e-19	86.0
Arabidopsis_thaliana_Chr2_002348_1394098	sp|Q9M2J1|MCC19_ARATH	34.199	231	79	7.71e-38	133
Arabidopsis_thaliana_Chr2_002348_1394098	sp|P0DKG7|MCC10_ARATH	36.462	277	78	2.50e-31	118
Arabidopsis_thaliana_Chr3_002808_1403346	sp|Q9JKL4|NDUF3_MOUSE	40.000	75	64	3.69e-11	58.7
Arabidopsis_thaliana_Chr3_002808_1403346	sp|Q6DFN1|NDUF3_XENTR	41.176	68	58	4.94e-11	58.1
Arabidopsis_thaliana_Chr3_002808_1403346	sp|Q9BU61|NDUF3_HUMAN	39.189	74	63	1.10e-09	54.8
Arabidopsis_thaliana_Chr3_002808_1403346	sp|O08776|NDUF3_RAT	39.189	74	63	1.12e-09	54.8
Arabidopsis_thaliana_Chr3_002808_1403346	sp|Q2HJI2|NDUF3_BOVIN	37.333	75	64	1.83e-09	54.2
Arabidopsis_thaliana_Chr2_000416_1390234	sp|Q9SIX3|RBG1_ARATH	100.000	58	98	1.40e-27	98.1
Arabidopsis_thaliana_ChrM_000008_1416764	sp|P93312|YMF16_ARATH	89.349	169	97	2.59e-97	283
Arabidopsis_thaliana_ChrM_000008_1416764	sp|P38459|YMF16_MARPO	57.241	145	83	3.03e-44	146
Arabidopsis_thaliana_ChrM_000008_1416764	sp|O21266|YMF16_RECAM	28.182	110	61	1.40e-08	54.2
Arabidopsis_thaliana_Chr2_003824_1397050	sp|Q9LUU5|FB148_ARATH	57.778	225	96	1.31e-76	233
Arabidopsis_thaliana_Chr2_003824_1397050	sp|Q9LJ39|FB185_ARATH	79.787	94	83	5.29e-47	155
Arabidopsis_thaliana_Chr2_003824_1397050	sp|Q9LJ39|FB185_ARATH	57.778	90	83	1.52e-22	92.5
Arabidopsis_thaliana_Chr2_003824_1397050	sp|Q9LUP1|FBK61_ARATH	46.552	232	92	2.03e-46	156
Arabidopsis_thaliana_Chr2_003824_1397050	sp|Q9LUP4|FBK60_ARATH	40.664	241	94	1.22e-39	139
Arabidopsis_thaliana_Chr2_003824_1397050	sp|Q9LUI8|FBK65_ARATH	40.506	237	93	1.31e-37	133
Arabidopsis_thaliana_Chr3_004672_1407074	sp|Q9SD82|RFA1B_ARATH	23.709	426	70	6.51e-19	92.2
Arabidopsis_thaliana_Chr3_004672_1407074	sp|Q9FME0|RFA1D_ARATH	22.426	437	72	1.24e-16	85.4
Arabidopsis_thaliana_Chr3_004672_1407074	sp|Q10Q08|RFA1B_ORYSJ	23.951	405	66	9.31e-16	82.9
Arabidopsis_thaliana_Chr3_004672_1407074	sp|Q65XV7|RFA1C_ORYSJ	23.230	452	73	1.88e-14	79.5
Arabidopsis_thaliana_Chr3_004672_1407074	sp|F4JSG3|RFA1E_ARATH	21.510	437	71	1.72e-10	66.9
Arabidopsis_thaliana_Chr3_004756_1407242	sp|Q9LH52|FLOR1_ARATH	68.977	303	98	4.06e-144	407
Arabidopsis_thaliana_Chr3_004756_1407242	sp|Q9M5J9|PGIP1_ARATH	53.896	308	99	1.67e-101	298
Arabidopsis_thaliana_Chr3_004756_1407242	sp|A7PW81|PGIP_VITVI	50.492	305	98	2.84e-97	287
Arabidopsis_thaliana_Chr3_004756_1407242	sp|Q05091|PGIP_PYRCO	48.693	306	99	6.87e-94	279
Arabidopsis_thaliana_Chr3_004756_1407242	sp|Q9M5J8|PGIP2_ARATH	46.429	308	99	4.68e-84	253
Arabidopsis_thaliana_Chr1_005577_1440378	sp|P0C2C9|FBX12_ARATH	100.000	298	91	0.0	628
Arabidopsis_thaliana_Chr1_005577_1440378	sp|P0C2D0|FB22_ARATH	71.636	275	83	3.14e-133	382
Arabidopsis_thaliana_Chr1_005577_1440378	sp|Q9FIH4|FB280_ARATH	49.458	277	82	1.66e-72	227
Arabidopsis_thaliana_Chr1_005577_1440378	sp|Q9MAP1|FB33_ARATH	51.793	251	75	3.68e-69	222
Arabidopsis_thaliana_Chr1_005577_1440378	sp|P0C2G3|FB308_ARATH	51.711	263	79	1.05e-68	220
Arabidopsis_thaliana_Chr1_005577_1440378	sp|P0C2G3|FB308_ARATH	56.589	129	79	1.76e-29	117
Arabidopsis_thaliana_Chr5_002007_1420826	sp|P0DKH6|RPS6R_ARATH	65.000	180	82	1.96e-80	258
Arabidopsis_thaliana_Chr5_002007_1420826	sp|F4KHH8|RPS6C_ARATH	65.000	180	82	1.99e-80	258
Arabidopsis_thaliana_Chr5_002007_1420826	sp|F4KHI3|VICTR_ARATH	59.016	183	83	1.89e-66	221
Arabidopsis_thaliana_Chr5_002007_1420826	sp|Q9FT77|RLM3_ARATH	55.307	179	81	3.74e-63	207
Arabidopsis_thaliana_Chr5_002007_1420826	sp|O82500|Y4117_ARATH	52.514	179	81	3.42e-62	208
Arabidopsis_thaliana_Chr3_003741_1405212	sp|Q9XEC1|Y4443_ARATH	45.703	256	66	2.53e-63	203
Arabidopsis_thaliana_Chr3_002304_1402338	sp|Q9ZVP5|M3K18_ARATH	31.227	269	82	3.36e-17	80.6
Arabidopsis_thaliana_Chr3_002304_1402338	sp|O80888|M3K17_ARATH	29.537	281	86	5.64e-17	80.4
Arabidopsis_thaliana_Chr3_002304_1402338	sp|Q9SND6|M3K20_ARATH	34.010	197	57	3.49e-13	69.7
Arabidopsis_thaliana_Chr3_002304_1402338	sp|Q9UEE5|ST17A_HUMAN	36.943	157	50	5.32e-13	70.0
Arabidopsis_thaliana_Chr3_002304_1402338	sp|Q9GM70|ST17A_RABIT	35.811	148	47	8.34e-13	69.1
Arabidopsis_thaliana_Chr5_002316_1421444	sp|Q9FPT1|UBP12_ARATH	45.455	44	46	1.73e-07	49.7
Arabidopsis_thaliana_Chr5_002316_1421444	sp|Q84WU2|UBP13_ARATH	45.455	44	46	2.74e-07	49.1
Arabidopsis_thaliana_Chr2_002677_1394756	sp|Q56WL5|ZPR4_ARATH	100.000	48	66	6.15e-27	95.3
Arabidopsis_thaliana_Chr2_002677_1394756	sp|Q9LXI8|ZPR3_ARATH	68.056	72	99	1.07e-19	77.0
Arabidopsis_thaliana_Chr4_003748_1415994	sp|Q9ZT94|POLR2_ARATH	43.382	544	70	1.23e-145	450
Arabidopsis_thaliana_Chr4_003748_1415994	sp|Q94HW2|POLR1_ARATH	43.566	544	70	1.75e-145	450
Arabidopsis_thaliana_Chr4_003748_1415994	sp|P10978|POLX_TOBAC	37.132	509	66	2.08e-93	310
Arabidopsis_thaliana_Chr4_003748_1415994	sp|P04146|COPIA_DROME	36.289	485	63	1.20e-86	292
Arabidopsis_thaliana_Chr4_003748_1415994	sp|P92519|M810_ARATH	53.540	226	31	1.16e-83	262
Arabidopsis_thaliana_Chr2_001062_1391526	sp|Q42182|TRNH7_ARATH	70.130	77	83	2.64e-31	111
Arabidopsis_thaliana_Chr2_001062_1391526	sp|F4IKM1|TRNHB_ARATH	68.831	77	83	1.82e-30	109
Arabidopsis_thaliana_Chr2_001062_1391526	sp|Q9ZW15|TRNH9_ARATH	66.234	77	83	2.10e-30	109
Arabidopsis_thaliana_Chr2_001062_1391526	sp|Q9ZW16|TRNHA_ARATH	70.130	77	83	2.23e-30	108
Arabidopsis_thaliana_Chr2_001062_1391526	sp|Q9ZW14|TRNH8_ARATH	68.831	77	83	4.37e-30	108
Arabidopsis_thaliana_Chr1_002481_1434186	sp|Q9ZP55|DRP4C_ARATH	81.633	49	89	2.72e-19	82.0
Arabidopsis_thaliana_Chr1_004720_1438664	sp|Q9C6G0|DEXH4_ARATH	87.879	99	98	1.53e-52	179
Arabidopsis_thaliana_Chr1_004720_1438664	sp|F4I9Q5|DEXH7_ARATH	84.694	98	97	9.42e-39	139
Arabidopsis_thaliana_Chr1_004720_1438664	sp|Q6PGC1|DHX29_MOUSE	33.708	89	88	2.48e-13	66.6
Arabidopsis_thaliana_Chr1_004720_1438664	sp|Q7Z478|DHX29_HUMAN	33.708	89	88	3.24e-13	66.3
Arabidopsis_thaliana_Chr1_004720_1438664	sp|A3KMI0|DHX29_XENLA	41.791	67	66	3.94e-12	63.2
Arabidopsis_thaliana_Chr5_001352_1419516	sp|Q9XEC1|Y4443_ARATH	55.932	59	43	1.73e-12	64.6
Arabidopsis_thaliana_Chr2_003831_1397064	sp|Q9ZV40|XTH21_ARATH	55.172	145	93	3.73e-38	130
Arabidopsis_thaliana_Chr2_003831_1397064	sp|Q38857|XTH22_ARATH	49.254	134	84	1.49e-32	115
Arabidopsis_thaliana_Chr2_003831_1397064	sp|P24806|XTH24_ARATH	80.645	62	54	2.01e-32	114
Arabidopsis_thaliana_Chr2_003831_1397064	sp|Q38907|XTH25_ARATH	79.032	62	54	3.57e-31	112
Arabidopsis_thaliana_Chr2_003831_1397064	sp|Q38910|XTH23_ARATH	45.926	135	85	1.53e-30	110
Arabidopsis_thaliana_Chr4_000616_1409730	sp|F4JTU7|RLP48_ARATH	76.874	627	97	0.0	883
Arabidopsis_thaliana_Chr4_000616_1409730	sp|F4JTU7|RLP48_ARATH	26.835	395	97	1.68e-09	64.0
Arabidopsis_thaliana_Chr4_000616_1409730	sp|Q93YT3|RLP50_ARATH	70.607	643	99	0.0	828
Arabidopsis_thaliana_Chr4_000616_1409730	sp|Q93YT3|RLP50_ARATH	30.481	561	99	2.63e-25	113
Arabidopsis_thaliana_Chr4_000616_1409730	sp|Q93YT3|RLP50_ARATH	26.482	506	99	1.60e-15	83.2
Arabidopsis_thaliana_Chr4_000616_1409730	sp|Q93YT3|RLP50_ARATH	25.369	339	99	3.45e-07	57.0
Arabidopsis_thaliana_Chr4_000616_1409730	sp|Q9SVN2|RLP47_ARATH	63.205	674	99	0.0	720
Arabidopsis_thaliana_Chr4_000616_1409730	sp|Q9SVN2|RLP47_ARATH	30.318	409	99	7.41e-12	71.6
Arabidopsis_thaliana_Chr4_000616_1409730	sp|Q9SVN2|RLP47_ARATH	28.097	331	99	8.15e-11	68.3
Arabidopsis_thaliana_Chr4_000616_1409730	sp|Q9SVN2|RLP47_ARATH	45.070	71	99	5.01e-06	53.1
Arabidopsis_thaliana_Chr4_000616_1409730	sp|Q9SVM3|RLP49_ARATH	63.018	676	99	0.0	717
Arabidopsis_thaliana_Chr4_000616_1409730	sp|Q9SVM3|RLP49_ARATH	26.858	592	99	3.87e-16	85.1
Arabidopsis_thaliana_Chr4_000616_1409730	sp|Q9SVM3|RLP49_ARATH	26.866	335	99	6.97e-08	59.0
Arabidopsis_thaliana_Chr4_000616_1409730	sp|Q9SVM3|RLP49_ARATH	32.609	138	99	8.44e-08	58.7
Arabidopsis_thaliana_Chr4_000616_1409730	sp|Q9SVM3|RLP49_ARATH	25.747	435	99	1.90e-07	57.6
Arabidopsis_thaliana_Chr4_000616_1409730	sp|Q9SVM3|RLP49_ARATH	41.026	78	99	4.62e-07	56.4
Arabidopsis_thaliana_Chr4_000616_1409730	sp|Q9M9X0|RLP32_ARATH	51.080	648	98	0.0	558
Arabidopsis_thaliana_Chr4_000616_1409730	sp|Q9M9X0|RLP32_ARATH	27.791	421	98	3.56e-18	91.3
Arabidopsis_thaliana_Chr4_000616_1409730	sp|Q9M9X0|RLP32_ARATH	29.107	560	98	7.76e-17	87.1
Arabidopsis_thaliana_Chr4_000616_1409730	sp|Q9M9X0|RLP32_ARATH	41.791	67	98	1.98e-06	54.5
Arabidopsis_thaliana_Chr1_002171_1433566	sp|Q9XEC1|Y4443_ARATH	57.093	289	65	5.51e-106	315
Arabidopsis_thaliana_Chr1_004963_1439150	sp|Q9QYL8|LYPA2_RAT	28.402	169	83	2.99e-08	53.6
Arabidopsis_thaliana_Chr1_004963_1439150	sp|Q9WTL7|LYPA2_MOUSE	28.402	169	83	3.04e-08	53.4
Arabidopsis_thaliana_Chr1_004963_1439150	sp|O95372|LYPA2_HUMAN	27.811	169	83	2.24e-07	51.1
Arabidopsis_thaliana_Chr2_003700_1396802	sp|Q2V414|FBL37_ARATH	57.009	107	98	3.39e-32	117
Arabidopsis_thaliana_Chr2_003700_1396802	sp|Q3EBI7|FB130_ARATH	48.624	109	99	2.73e-26	101
Arabidopsis_thaliana_Chr2_003700_1396802	sp|Q3E7D1|FB131_ARATH	47.222	108	98	7.77e-22	89.4
Arabidopsis_thaliana_Chr2_003700_1396802	sp|Q9FJJ4|FB298_ARATH	45.370	108	99	1.04e-21	89.1
Arabidopsis_thaliana_Chr2_003700_1396802	sp|O49421|FB238_ARATH	40.566	106	97	5.13e-17	76.4
Arabidopsis_thaliana_Chr2_003944_1397290	sp|Q6AVI0|RSLE2_ORYSJ	30.588	170	93	3.98e-15	74.5
Arabidopsis_thaliana_Chr2_003944_1397290	sp|B9FJG3|RSLE1_ORYSJ	30.000	170	93	1.94e-14	72.5
Arabidopsis_thaliana_Chr2_003944_1397290	sp|Q75HY5|RSLE3_ORYSJ	28.070	171	93	8.05e-12	64.9
Arabidopsis_thaliana_Chr2_003944_1397290	sp|Q9M2N5|DSLE_ARATH	28.472	144	79	4.30e-11	62.9
Arabidopsis_thaliana_Chr2_003944_1397290	sp|Q0JMB2|RSLE4_ORYSJ	30.882	136	73	6.25e-10	59.5
Arabidopsis_thaliana_Chr5_004905_1426622	sp|P42066|PCKA_CUCSA	55.914	93	91	2.34e-21	89.4
Arabidopsis_thaliana_Chr5_004905_1426622	sp|Q9T074|PCKA1_ARATH	60.000	90	91	1.09e-15	73.3
Arabidopsis_thaliana_Chr5_004905_1426622	sp|B5X574|PCKA2_ARATH	52.688	93	94	1.82e-13	66.9
Arabidopsis_thaliana_Chr5_004905_1426622	sp|Q9SLZ0|PCKA_MAIZE	54.545	88	89	8.67e-13	64.9
Arabidopsis_thaliana_Chr5_004905_1426622	sp|Q9XFA2|PCKA2_UROPA	50.000	90	91	1.01e-10	59.0
Arabidopsis_thaliana_Chr1_002050_1433324	sp|Q9FI39|THAD_ARATH	53.488	215	98	1.25e-71	224
Arabidopsis_thaliana_Chr1_002050_1433324	sp|Q9LJY7|C75AK_ARATH	55.349	215	98	2.32e-70	221
Arabidopsis_thaliana_Chr1_002050_1433324	sp|Q9LJY5|C05AK_ARATH	50.233	215	98	3.28e-66	210
Arabidopsis_thaliana_Chr1_002050_1433324	sp|Q9FH67|C705C_ARATH	47.907	215	98	5.20e-58	188
Arabidopsis_thaliana_Chr1_002050_1433324	sp|Q0WQ07|C7051_ARATH	42.056	214	98	8.67e-51	170
Arabidopsis_thaliana_Chr4_001663_1411824	sp|Q8RVL2|DEK1_ARATH	60.465	43	40	1.12e-07	50.8
Arabidopsis_thaliana_Chr3_002376_1402482	sp|Q9SVY6|ZRK2_ARATH	62.637	91	93	9.08e-29	106
Arabidopsis_thaliana_Chr3_002376_1402482	sp|Q9SVY5|ZRK1_ARATH	64.894	94	96	1.08e-28	106
Arabidopsis_thaliana_Chr3_002376_1402482	sp|Q8VZF4|ZRK3_ARATH	64.368	87	89	1.92e-24	95.3
Arabidopsis_thaliana_Chr3_002376_1402482	sp|Q8LGB6|ZED1_ARATH	36.170	94	90	3.10e-06	46.0
Arabidopsis_thaliana_Chr2_001708_1392818	sp|Q9C8Y6|FBD5_ARATH	58.824	51	94	7.17e-07	46.3
Arabidopsis_thaliana_Chr2_001708_1392818	sp|Q9C8Y8|FDL7_ARATH	52.941	51	94	2.01e-06	45.2
Arabidopsis_thaliana_Chr3_001548_1400826	sp|Q9FL79|EXP23_ARATH	59.402	234	90	2.38e-96	282
Arabidopsis_thaliana_Chr3_001548_1400826	sp|Q9FL77|EXP25_ARATH	60.262	229	88	5.60e-96	281
Arabidopsis_thaliana_Chr3_001548_1400826	sp|Q9FL78|EXP26_ARATH	58.515	229	88	3.10e-93	274
Arabidopsis_thaliana_Chr3_001548_1400826	sp|Q9FL80|EXP22_ARATH	58.515	229	88	1.27e-92	273
Arabidopsis_thaliana_Chr3_001548_1400826	sp|Q9FL76|EXP24_ARATH	57.522	226	86	1.60e-86	258
Arabidopsis_thaliana_Chr3_003755_1405240	sp|Q7ZV90|PIF1_DANRE	25.988	481	28	3.58e-19	96.4
Arabidopsis_thaliana_Chr3_003755_1405240	sp|Q9H611|PIF1_HUMAN	24.719	445	25	6.71e-16	86.3
Arabidopsis_thaliana_Chr3_003755_1405240	sp|Q0R4F1|PIF1_XENLA	24.565	460	27	4.46e-14	80.4
Arabidopsis_thaliana_Chr3_003755_1405240	sp|Q1HG60|PIF1_RAT	40.000	130	7	2.18e-10	68.8
Arabidopsis_thaliana_Chr3_003755_1405240	sp|Q80SX8|PIF1_MOUSE	34.591	159	9	5.83e-10	67.4
Arabidopsis_thaliana_Chr4_003167_1414832	sp|Q9SD82|RFA1B_ARATH	25.116	215	84	5.73e-08	55.3
Arabidopsis_thaliana_Chr3_000761_1399252	sp|Q9M237|Y3353_ARATH	69.811	742	99	0.0	896
Arabidopsis_thaliana_Chr1_001501_1432226	sp|P0C2F6|RNHX1_ARATH	24.188	277	80	1.77e-10	64.0
Arabidopsis_thaliana_Chr4_002121_1412740	sp|Q9LVB9|OXS3_ARATH	52.500	40	37	6.28e-08	49.7
Arabidopsis_thaliana_Chr1_004485_1438194	sp|Q9SH60|PP103_ARATH	53.472	576	98	0.0	576
Arabidopsis_thaliana_Chr1_004485_1438194	sp|Q9SH60|PP103_ARATH	33.404	473	98	2.44e-85	273
Arabidopsis_thaliana_Chr1_004485_1438194	sp|Q9LQ14|PPR96_ARATH	45.357	560	98	2.70e-161	468
Arabidopsis_thaliana_Chr1_004485_1438194	sp|Q9LQ14|PPR96_ARATH	34.703	438	98	1.18e-90	286
Arabidopsis_thaliana_Chr1_004485_1438194	sp|Q9LQ14|PPR96_ARATH	27.984	511	98	5.96e-73	240
Arabidopsis_thaliana_Chr1_004485_1438194	sp|Q9LQ14|PPR96_ARATH	27.660	470	98	7.62e-67	224
Arabidopsis_thaliana_Chr1_004485_1438194	sp|P0C7Q7|PPR38_ARATH	45.957	507	98	1.41e-156	455
Arabidopsis_thaliana_Chr1_004485_1438194	sp|P0C7Q7|PPR38_ARATH	34.491	403	98	1.18e-87	278
Arabidopsis_thaliana_Chr1_004485_1438194	sp|P0C7Q7|PPR38_ARATH	27.668	506	98	2.24e-73	240
Arabidopsis_thaliana_Chr1_004485_1438194	sp|P0C7Q7|PPR38_ARATH	27.119	472	98	2.56e-68	227
Arabidopsis_thaliana_Chr1_004485_1438194	sp|Q9LPX2|PPR39_ARATH	44.751	543	98	1.66e-156	456
Arabidopsis_thaliana_Chr1_004485_1438194	sp|Q9LPX2|PPR39_ARATH	36.530	438	98	4.94e-100	311
Arabidopsis_thaliana_Chr1_004485_1438194	sp|Q9SXD1|PPR91_ARATH	43.784	555	98	1.39e-155	453
Arabidopsis_thaliana_Chr1_004485_1438194	sp|Q9SXD1|PPR91_ARATH	35.388	438	98	2.39e-95	298
Arabidopsis_thaliana_Chr1_004485_1438194	sp|Q9SXD1|PPR91_ARATH	30.309	518	98	5.78e-85	271
Arabidopsis_thaliana_Chr1_004485_1438194	sp|Q9SXD1|PPR91_ARATH	29.102	512	98	1.62e-77	252
Arabidopsis_thaliana_Chr1_004485_1438194	sp|Q9SXD1|PPR91_ARATH	28.288	403	98	3.45e-54	190
Arabidopsis_thaliana_Chr4_000302_1409102	sp|Q9LEX8|Y3093_ARATH	33.028	109	31	1.11e-11	68.3
Arabidopsis_thaliana_Chr4_000302_1409102	sp|F4JTJ9|ASY2_ARATH	30.088	113	31	1.78e-10	64.6
Arabidopsis_thaliana_Chr1_006067_1441358	sp|Q9LM89|FB12_ARATH	100.000	233	99	3.98e-177	492
Arabidopsis_thaliana_Chr1_006067_1441358	sp|Q9M2D0|FB214_ARATH	56.522	230	96	8.90e-80	243
Arabidopsis_thaliana_Chr1_006067_1441358	sp|Q5BPS3|DOR_ARATH	44.954	218	93	2.13e-49	164
Arabidopsis_thaliana_Chr1_006067_1441358	sp|Q9FHP3|FB300_ARATH	42.326	215	91	3.36e-45	154
Arabidopsis_thaliana_Chr1_006067_1441358	sp|Q0WQM8|FB58_ARATH	41.121	214	91	2.42e-42	147
Arabidopsis_thaliana_Chr1_003589_1436402	sp|Q9M2N5|DSLE_ARATH	50.495	505	56	3.91e-179	529
Arabidopsis_thaliana_Chr1_003589_1436402	sp|Q9M2N5|DSLE_ARATH	56.190	105	56	3.00e-31	132
Arabidopsis_thaliana_Chr1_003589_1436402	sp|Q6AVI0|RSLE2_ORYSJ	44.320	537	59	4.03e-159	478
Arabidopsis_thaliana_Chr1_003589_1436402	sp|Q6AVI0|RSLE2_ORYSJ	51.786	112	59	1.26e-30	131
Arabidopsis_thaliana_Chr1_003589_1436402	sp|B9FJG3|RSLE1_ORYSJ	43.203	537	59	1.09e-157	474
Arabidopsis_thaliana_Chr1_003589_1436402	sp|B9FJG3|RSLE1_ORYSJ	52.679	112	59	1.82e-30	130
Arabidopsis_thaliana_Chr1_003589_1436402	sp|Q75HY5|RSLE3_ORYSJ	41.346	520	58	7.56e-145	442
Arabidopsis_thaliana_Chr1_003589_1436402	sp|Q75HY5|RSLE3_ORYSJ	51.562	128	58	1.13e-30	131
Arabidopsis_thaliana_Chr1_003589_1436402	sp|Q0JMB2|RSLE4_ORYSJ	38.076	499	56	2.61e-111	352
Arabidopsis_thaliana_Chr1_003589_1436402	sp|Q0JMB2|RSLE4_ORYSJ	52.679	112	56	3.82e-20	98.6
Arabidopsis_thaliana_Chr2_000870_1391142	sp|F4ITM1|RGSL1_ARATH	37.557	221	84	6.69e-36	130
Arabidopsis_thaliana_Chr2_001047_1391496	sp|C0LGD9|Y1756_ARATH	54.577	852	96	0.0	907
Arabidopsis_thaliana_Chr2_001047_1391496	sp|C0LGL4|Y2289_ARATH	53.199	891	99	0.0	889
Arabidopsis_thaliana_Chr2_001047_1391496	sp|C0LGG3|Y5182_ARATH	52.088	862	96	0.0	869
Arabidopsis_thaliana_Chr2_001047_1391496	sp|Q9LIG2|RLK6_ARATH	50.501	899	99	0.0	869
Arabidopsis_thaliana_Chr2_001047_1391496	sp|Q9ZQR3|Y2451_ARATH	52.650	849	97	0.0	851
Arabidopsis_thaliana_Chr4_000352_1409202	sp|Q9LP10|Y1920_ARATH	36.250	160	94	6.64e-24	91.9
Arabidopsis_thaliana_Chr4_000352_1409202	sp|Q9ZS96|Y4478_ARATH	26.596	94	57	9.49e-08	50.3
Arabidopsis_thaliana_Chr3_001598_1400926	sp|Q8VYJ7|CLPB4_ARATH	70.270	74	47	9.19e-23	95.6
Arabidopsis_thaliana_Chr3_001598_1400926	sp|Q8KA87|CLPB2_CHLTE	40.517	116	70	6.93e-22	91.6
Arabidopsis_thaliana_Chr3_001598_1400926	sp|Q0E3C8|CLPB3_ORYSJ	76.562	64	40	1.18e-21	92.5
Arabidopsis_thaliana_Chr3_001598_1400926	sp|Q75GT3|CLPB2_ORYSJ	63.855	83	52	3.18e-21	91.3
Arabidopsis_thaliana_Chr3_001598_1400926	sp|P53533|CLPB1_SYNE7	61.628	86	54	5.59e-21	90.5
Arabidopsis_thaliana_Chr3_001633_1400996	sp|Q9ZS96|Y4478_ARATH	35.433	127	82	2.84e-22	88.0
Arabidopsis_thaliana_Chr3_001633_1400996	sp|Q9LP10|Y1920_ARATH	29.139	151	95	8.24e-07	47.7
Arabidopsis_thaliana_Chr1_003751_1436726	sp|O49293|PER13_ARATH	57.500	160	94	6.89e-57	180
Arabidopsis_thaliana_Chr1_003751_1436726	sp|Q9SZH2|PER43_ARATH	43.636	165	93	1.06e-35	125
Arabidopsis_thaliana_Chr1_003751_1436726	sp|Q43387|PER71_ARATH	38.065	155	85	3.65e-27	103
Arabidopsis_thaliana_Chr1_003751_1436726	sp|P22196|PER2_ARAHY	35.625	160	92	1.21e-25	99.8
Arabidopsis_thaliana_Chr1_003751_1436726	sp|Q43735|PER27_ARATH	48.544	103	65	1.09e-23	94.7
Arabidopsis_thaliana_Chr5_003696_1424204	sp|Q9LSA5|FBK62_ARATH	62.500	56	52	6.75e-15	70.5
Arabidopsis_thaliana_Chr5_005022_1426856	sp|O04244|Y4200_ARATH	31.298	131	46	1.45e-19	86.8
Arabidopsis_thaliana_Chr2_003793_1396988	sp|Q9LP10|Y1920_ARATH	57.292	96	94	2.95e-26	96.1
Arabidopsis_thaliana_Chr2_003793_1396988	sp|Q9ZS96|Y4478_ARATH	36.905	84	79	3.08e-09	52.8
Arabidopsis_thaliana_Chr3_003580_1404890	sp|A5PHT0|Y1448_ARATH	49.133	173	58	6.65e-52	175
Arabidopsis_thaliana_Chr3_003580_1404890	sp|Q9C8I6|IOS1_ARATH	28.387	155	49	4.09e-07	53.9
Arabidopsis_thaliana_Chr1_001955_1433134	sp|Q9LP59|FBK20_ARATH	100.000	251	93	0.0	536
Arabidopsis_thaliana_Chr1_001955_1433134	sp|Q9LP59|FBK20_ARATH	100.000	90	93	3.39e-54	181
Arabidopsis_thaliana_Chr1_001955_1433134	sp|Q9ZVI1|FB323_ARATH	57.540	252	86	4.77e-86	263
Arabidopsis_thaliana_Chr1_001955_1433134	sp|Q9ZVI1|FB323_ARATH	64.384	73	86	2.21e-18	86.6
Arabidopsis_thaliana_Chr1_001955_1433134	sp|Q9SZA6|FBK91_ARATH	55.263	266	90	2.59e-81	251
Arabidopsis_thaliana_Chr1_001955_1433134	sp|Q9SZA6|FBK91_ARATH	60.674	89	90	1.35e-21	95.6
Arabidopsis_thaliana_Chr1_001955_1433134	sp|Q9FFT0|FB277_ARATH	55.814	258	93	1.10e-80	249
Arabidopsis_thaliana_Chr1_001955_1433134	sp|Q9FFT0|FB277_ARATH	54.945	91	93	2.97e-20	91.6
Arabidopsis_thaliana_Chr1_001955_1433134	sp|Q9LIL1|FBK66_ARATH	42.092	411	99	1.19e-79	247
Arabidopsis_thaliana_Chr3_004286_1406302	sp|Q1PEN8|FB168_ARATH	53.782	119	93	5.53e-32	116
Arabidopsis_thaliana_Chr3_004286_1406302	sp|Q9LUN5|FB156_ARATH	50.382	131	98	1.30e-27	105
Arabidopsis_thaliana_Chr3_004286_1406302	sp|Q9LIB4|FBK57_ARATH	50.407	123	97	3.58e-26	100
Arabidopsis_thaliana_Chr3_004286_1406302	sp|Q9LUT9|FB150_ARATH	46.341	123	96	1.53e-25	99.8
Arabidopsis_thaliana_Chr3_004286_1406302	sp|Q9LUQ9|FBK56_ARATH	47.244	127	96	1.91e-24	96.7
Arabidopsis_thaliana_Chr1_005468_1440160	sp|Q9XEC1|Y4443_ARATH	56.410	312	78	6.68e-75	233
Arabidopsis_thaliana_Chr2_002909_1395220	sp|Q9SKB3|PARG1_ARATH	61.449	345	99	8.63e-150	429
Arabidopsis_thaliana_Chr2_002909_1395220	sp|Q8VYA1|PARG2_ARATH	54.441	349	99	4.52e-123	360
Arabidopsis_thaliana_Chr2_002909_1395220	sp|O46043|PARG_DROME	38.078	281	76	3.94e-44	159
Arabidopsis_thaliana_Chr2_002909_1395220	sp|Q86W56|PARG_HUMAN	31.970	269	76	2.38e-32	128
Arabidopsis_thaliana_Chr2_002909_1395220	sp|O02776|PARG_BOVIN	30.519	308	87	5.70e-32	127
Arabidopsis_thaliana_Chr5_004999_1426810	sp|Q84MB5|RBL11_ARATH	95.357	280	99	0.0	519
Arabidopsis_thaliana_Chr3_003708_1405146	sp|Q9M237|Y3353_ARATH	99.754	407	99	0.0	796
Arabidopsis_thaliana_Chr3_003708_1405146	sp|Q9M237|Y3353_ARATH	96.800	125	99	2.20e-81	260
Arabidopsis_thaliana_Chr2_000156_1389714	sp|Q9XEC1|Y4443_ARATH	27.273	187	36	9.31e-11	65.5
Arabidopsis_thaliana_ChrM_000017_1416782	sp|P92550|M1200_ARATH	100.000	294	99	0.0	603
Arabidopsis_thaliana_ChrM_000017_1416782	sp|P93319|M670_ARATH	27.734	256	80	4.93e-12	66.0
Arabidopsis_thaliana_Chr1_004635_1438494	sp|Q9ZP55|DRP4C_ARATH	83.603	494	98	0.0	860
Arabidopsis_thaliana_Chr1_004635_1438494	sp|Q9ZP56|DRP4A_ARATH	90.146	274	54	0.0	521
Arabidopsis_thaliana_Chr1_004635_1438494	sp|Q7T2P0|MX1_ICTPU	33.546	471	89	1.00e-70	232
Arabidopsis_thaliana_Chr1_004635_1438494	sp|Q4U4N4|MX2_ICTPU	33.118	465	88	5.15e-70	230
Arabidopsis_thaliana_Chr1_004635_1438494	sp|Q6TKS7|MX_CTEID	32.120	467	89	5.96e-69	228
Arabidopsis_thaliana_Chr3_002868_1403466	sp|Q96285|LRK55_ARATH	76.515	132	99	1.55e-63	203
Arabidopsis_thaliana_Chr3_002868_1403466	sp|Q9ZR79|LRK57_ARATH	77.273	132	99	4.28e-54	178
Arabidopsis_thaliana_Chr3_002868_1403466	sp|Q9M1Z9|LRK58_ARATH	75.000	132	99	1.87e-48	163
Arabidopsis_thaliana_Chr3_002868_1403466	sp|O22833|LRK54_ARATH	56.391	133	99	2.39e-35	129
Arabidopsis_thaliana_Chr3_002868_1403466	sp|O22834|LRK53_ARATH	47.368	133	99	5.81e-30	114
Arabidopsis_thaliana_Chr2_000767_1390936	sp|Q9ZQF0|FB104_ARATH	63.889	72	81	6.13e-22	89.1
Arabidopsis_thaliana_Chr2_000767_1390936	sp|Q9SIV7|FB108_ARATH	64.615	65	73	1.83e-19	82.3
Arabidopsis_thaliana_Chr2_000767_1390936	sp|Q8S8C7|FB105_ARATH	58.730	63	72	2.14e-15	71.4
Arabidopsis_thaliana_Chr2_000767_1390936	sp|O80608|FB96_ARATH	66.102	59	66	1.27e-13	66.9
Arabidopsis_thaliana_Chr2_000767_1390936	sp|Q9FIH4|FB280_ARATH	70.455	44	49	1.23e-12	63.8
Arabidopsis_thaliana_Chr1_002805_1434834	sp|Q9FG65|C81D1_ARATH	56.637	113	97	3.51e-31	115
Arabidopsis_thaliana_Chr1_002805_1434834	sp|Q9LHA1|C8D11_ARATH	70.000	80	69	2.42e-24	97.2
Arabidopsis_thaliana_Chr1_002805_1434834	sp|Q9SZU1|C81F4_ARATH	45.714	105	94	4.34e-23	93.9
Arabidopsis_thaliana_Chr1_002805_1434834	sp|W8JMU7|CYQ32_CATRO	49.515	103	92	4.86e-23	93.6
Arabidopsis_thaliana_Chr1_002805_1434834	sp|P93147|C81E1_GLYEC	45.794	107	96	1.95e-22	91.9
Arabidopsis_thaliana_Chr3_003483_1404696	sp|P41129|RL132_BRANA	72.727	55	93	7.88e-21	82.0
Arabidopsis_thaliana_Chr3_003483_1404696	sp|P41128|RL131_BRANA	69.091	55	93	5.04e-19	77.3
Arabidopsis_thaliana_Chr3_003483_1404696	sp|P41127|RL131_ARATH	73.171	41	69	5.03e-15	67.1
Arabidopsis_thaliana_Chr3_003483_1404696	sp|Q9SMT4|RL132_ARATH	63.415	41	69	8.90e-12	58.7
Arabidopsis_thaliana_Chr3_003483_1404696	sp|P49627|RL13_TOBAC	57.778	45	76	1.45e-08	50.3
Arabidopsis_thaliana_Chr5_001645_1420102	sp|Q9SEZ4|MY105_ARATH	56.701	97	80	2.82e-34	121
Arabidopsis_thaliana_Chr5_001645_1420102	sp|Q9LQX5|MY117_ARATH	56.522	92	76	1.73e-33	119
Arabidopsis_thaliana_Chr5_001645_1420102	sp|Q5NBM8|CSA_ORYSJ	56.044	91	75	1.31e-31	114
Arabidopsis_thaliana_Chr5_001645_1420102	sp|Q6R053|MYB56_ARATH	54.945	91	75	8.19e-31	112
Arabidopsis_thaliana_Chr5_001645_1420102	sp|Q6R0C4|MYB52_ARATH	50.549	91	75	3.66e-28	103
Arabidopsis_thaliana_Chr1_005314_1439852	sp|Q6H9K0|PGLR2_PLAAC	43.771	297	89	2.27e-85	259
Arabidopsis_thaliana_Chr1_005314_1439852	sp|P35338|PGLR2_MAIZE	45.734	293	88	9.85e-85	259
Arabidopsis_thaliana_Chr1_005314_1439852	sp|P26216|PGLR1_MAIZE	45.734	293	88	5.20e-84	257
Arabidopsis_thaliana_Chr1_005314_1439852	sp|Q40312|PGLR_MEDSA	42.368	321	95	1.18e-83	256
Arabidopsis_thaliana_Chr1_005314_1439852	sp|P35339|PGLR3_MAIZE	45.051	293	88	3.24e-83	255
Arabidopsis_thaliana_Chr3_004941_1407612	sp|P19975|FRI1_PEA	58.696	46	63	3.13e-13	63.5
Arabidopsis_thaliana_Chr3_004941_1407612	sp|Q96540|FRI1_BRANA	63.043	46	63	6.53e-11	57.6
Arabidopsis_thaliana_Chr3_004941_1407612	sp|Q39101|FRI1_ARATH	60.870	46	63	1.73e-10	56.4
Arabidopsis_thaliana_Chr3_004941_1407612	sp|P25699|FRI_PHAVU	58.696	46	63	1.06e-09	54.2
Arabidopsis_thaliana_Chr3_004941_1407612	sp|P19976|FRI1_SOYBN	58.696	46	63	1.29e-09	53.9
Arabidopsis_thaliana_Chr1_006036_1441296	sp|Q94HW2|POLR1_ARATH	23.469	196	79	4.62e-06	49.7
Arabidopsis_thaliana_Chr2_000281_1389964	sp|Q3E9F6|PUB47_ARATH	82.895	76	86	1.64e-37	130
Arabidopsis_thaliana_Chr2_000281_1389964	sp|Q3E9F7|PUB46_ARATH	60.227	88	89	4.13e-25	98.1
Arabidopsis_thaliana_Chr2_000281_1389964	sp|Q3E9F5|PUB48_ARATH	52.381	84	89	2.66e-13	65.7
Arabidopsis_thaliana_Chr5_001097_1419006	sp|Q9FT92|Y5843_ARATH	48.667	150	95	1.11e-25	102
Arabidopsis_thaliana_Chr4_000990_1410478	sp|F4JTJ9|ASY2_ARATH	88.235	221	98	2.86e-121	373
Arabidopsis_thaliana_Chr4_000990_1410478	sp|F4JTJ9|ASY2_ARATH	82.474	97	98	9.72e-44	161
Arabidopsis_thaliana_Chr5_004171_1425154	sp|Q8GXA4|WIP1_ARATH	66.038	53	71	1.03e-14	69.4
Arabidopsis_thaliana_Chr3_001690_1401110	sp|P93295|M310_ARATH	48.750	80	82	2.58e-20	80.9
Arabidopsis_thaliana_Chr3_001690_1401110	sp|P0C2F6|RNHX1_ARATH	29.870	77	80	2.69e-06	46.3
Arabidopsis_thaliana_Chr3_001027_1399784	sp|Q9LJY5|C05AK_ARATH	67.686	458	98	0.0	648
Arabidopsis_thaliana_Chr3_001027_1399784	sp|Q9FI39|THAD_ARATH	67.686	458	98	0.0	627
Arabidopsis_thaliana_Chr3_001027_1399784	sp|Q9LJY7|C75AK_ARATH	67.527	465	99	0.0	622
Arabidopsis_thaliana_Chr3_001027_1399784	sp|Q0WQ07|C7051_ARATH	61.790	458	98	0.0	594
Arabidopsis_thaliana_Chr3_001027_1399784	sp|Q9FH67|C705C_ARATH	61.573	445	95	0.0	553
Arabidopsis_thaliana_Chr2_000258_1389918	sp|P15688|NU2M_BETVU	66.000	100	89	1.38e-33	121
Arabidopsis_thaliana_Chr2_001571_1392544	sp|F4IU14|WSD3_ARATH	54.651	86	95	1.26e-24	97.2
Arabidopsis_thaliana_Chr2_001571_1392544	sp|Q5KS41|WSD11_ARATH	43.023	86	95	2.03e-16	74.7
Arabidopsis_thaliana_Chr2_001571_1392544	sp|Q93ZR6|WSD1_ARATH	46.512	86	95	9.20e-16	72.8
Arabidopsis_thaliana_Chr2_001571_1392544	sp|Q9C7H4|WSD2_ARATH	44.304	79	87	2.89e-12	63.2
Arabidopsis_thaliana_Chr2_001571_1392544	sp|Q9FFE8|WSD8_ARATH	38.554	83	91	1.79e-11	60.9
Arabidopsis_thaliana_Chr4_002957_1414412	sp|Q8H199|CRK14_ARATH	59.712	139	91	2.28e-49	167
Arabidopsis_thaliana_Chr4_002957_1414412	sp|O65476|CRK16_ARATH	51.389	144	93	3.10e-37	134
Arabidopsis_thaliana_Chr4_002957_1414412	sp|Q0PW40|CRK13_ARATH	48.921	139	89	1.71e-35	130
Arabidopsis_thaliana_Chr4_002957_1414412	sp|Q6NQ87|CRK22_ARATH	48.201	139	89	4.47e-35	129
Arabidopsis_thaliana_Chr4_002957_1414412	sp|Q8L710|CRK17_ARATH	44.586	157	99	7.56e-35	128
Arabidopsis_thaliana_Chr4_003603_1415704	sp|P08770|TRA1_MAIZE	35.928	167	74	4.12e-22	95.6
Arabidopsis_thaliana_Chr4_003603_1415704	sp|P03010|TRAC9_MAIZE	37.241	145	64	1.81e-20	91.1
Arabidopsis_thaliana_Chr4_003603_1415704	sp|Q6AVI0|RSLE2_ORYSJ	32.292	192	83	4.43e-18	84.0
Arabidopsis_thaliana_Chr4_003603_1415704	sp|B9FJG3|RSLE1_ORYSJ	31.771	192	83	2.35e-17	82.0
Arabidopsis_thaliana_Chr4_003603_1415704	sp|Q9M2N5|DSLE_ARATH	40.449	89	40	3.41e-12	67.1
Arabidopsis_thaliana_Chr1_005318_1439860	sp|P35339|PGLR3_MAIZE	44.162	197	99	6.68e-53	173
Arabidopsis_thaliana_Chr1_005318_1439860	sp|P26216|PGLR1_MAIZE	43.655	197	99	2.01e-50	167
Arabidopsis_thaliana_Chr1_005318_1439860	sp|P35338|PGLR2_MAIZE	42.640	197	99	1.07e-49	165
Arabidopsis_thaliana_Chr1_005318_1439860	sp|P35337|PGLR_BRANA	44.162	197	99	1.39e-47	159
Arabidopsis_thaliana_Chr1_005318_1439860	sp|P24548|PGLR_OENOR	42.347	196	98	2.70e-47	157
Arabidopsis_thaliana_Chr1_006477_1442178	sp|Q9LP10|Y1920_ARATH	47.333	150	87	1.69e-29	106
Arabidopsis_thaliana_Chr1_006477_1442178	sp|Q9ZS96|Y4478_ARATH	33.696	92	56	2.42e-11	59.5
Arabidopsis_thaliana_Chr3_001093_1399916	sp|P10978|POLX_TOBAC	23.192	401	88	4.46e-12	70.8
Arabidopsis_thaliana_Chr3_001093_1399916	sp|Q94HW2|POLR1_ARATH	19.750	400	88	8.33e-10	64.0
Arabidopsis_thaliana_Chr3_001093_1399916	sp|Q9ZT94|POLR2_ARATH	20.356	393	88	3.95e-09	61.8
Arabidopsis_thaliana_Chr1_005231_1439686	sp|Q9FIF9|RAA2D_ARATH	90.526	95	77	1.98e-57	177
Arabidopsis_thaliana_Chr1_005231_1439686	sp|Q9LNW1|RAA2B_ARATH	82.653	98	80	2.39e-55	172
Arabidopsis_thaliana_Chr1_005231_1439686	sp|Q96283|RAA2C_ARATH	85.263	95	77	5.22e-55	171
Arabidopsis_thaliana_Chr1_005231_1439686	sp|Q39434|RB2BV_BETVU	79.592	98	80	6.01e-53	166
Arabidopsis_thaliana_Chr1_005231_1439686	sp|Q40193|RB11C_LOTJA	78.571	98	80	9.04e-53	166
Arabidopsis_thaliana_Chr1_003529_1436282	sp|Q9SKZ3|RS122_ARATH	70.000	60	59	1.69e-20	80.9
Arabidopsis_thaliana_Chr1_003529_1436282	sp|Q9S9P1|RS121_ARATH	66.667	60	59	5.25e-20	79.8
Arabidopsis_thaliana_Chr1_003529_1436282	sp|Q9XHS0|RS12_HORVU	64.286	56	54	1.36e-18	76.1
Arabidopsis_thaliana_Chr1_003529_1436282	sp|G1SFR8|RS12_RABIT	57.377	61	60	1.07e-16	71.1
Arabidopsis_thaliana_Chr1_003529_1436282	sp|P46405|RS12_PIG	57.377	61	60	1.07e-16	71.1
Arabidopsis_thaliana_Chr3_004198_1406126	sp|Q94C26|PCC1_ARATH	55.102	49	52	3.02e-09	50.8
Arabidopsis_thaliana_Chr3_004198_1406126	sp|Q9LHJ3|CSTM9_ARATH	57.143	49	52	8.42e-09	49.7
Arabidopsis_thaliana_Chr3_004198_1406126	sp|Q8W472|CSTM8_ARATH	57.447	47	50	8.50e-09	49.7
Arabidopsis_thaliana_Chr1_002358_1433940	sp|Q38858|CALR2_ARATH	54.821	363	84	3.69e-118	345
Arabidopsis_thaliana_Chr1_002358_1433940	sp|Q9ZPP1|CALR_BERST	47.805	410	96	2.51e-95	287
Arabidopsis_thaliana_Chr1_002358_1433940	sp|Q9XF98|CALR_PRUAR	48.120	399	93	4.75e-93	281
Arabidopsis_thaliana_Chr1_002358_1433940	sp|P93508|CALR_RICCO	47.989	348	77	7.93e-86	262
Arabidopsis_thaliana_Chr1_002358_1433940	sp|Q9SLY8|CALR_ORYSJ	45.869	351	78	1.61e-80	249
Arabidopsis_thaliana_ChrM_000024_1416796	sp|A4QJC3|RBL_AETCO	80.829	193	91	1.42e-107	315
Arabidopsis_thaliana_ChrM_000024_1416796	sp|A4QJK7|RBL_AETGR	80.829	193	91	1.70e-107	314
Arabidopsis_thaliana_ChrM_000024_1416796	sp|O03042|RBL_ARATH	80.829	193	91	1.74e-107	314
Arabidopsis_thaliana_ChrM_000024_1416796	sp|A4QL27|RBL_DRANE	80.829	193	91	1.88e-107	314
Arabidopsis_thaliana_ChrM_000024_1416796	sp|A4QKK0|RBL_CAPBU	80.829	193	91	1.88e-107	314
Arabidopsis_thaliana_Chr5_005126_1427064	sp|Q8LDF9|HMGB7_ARATH	43.357	143	89	1.21e-21	86.8
Arabidopsis_thaliana_Chr5_005126_1427064	sp|Q941D1|HMG12_ARATH	39.823	113	91	1.88e-19	79.5
Arabidopsis_thaliana_Chr2_003981_1397364	sp|C0HLV2|NEPRN_NEPVE	35.838	173	84	1.27e-18	82.9
Arabidopsis_thaliana_Chr1_002655_1434534	sp|P0C8K8|ARI6_ARATH	100.000	334	99	0.0	703
Arabidopsis_thaliana_Chr1_002655_1434534	sp|Q8L829|ARI5_ARATH	90.675	311	93	0.0	594
Arabidopsis_thaliana_Chr1_002655_1434534	sp|Q84RR0|ARI7_ARATH	73.952	334	99	0.0	518
Arabidopsis_thaliana_Chr1_002655_1434534	sp|Q8W468|ARI8_ARATH	72.188	320	95	5.30e-178	502
Arabidopsis_thaliana_Chr1_002655_1434534	sp|Q9SKC3|ARI9_ARATH	63.729	295	88	1.10e-136	395
Arabidopsis_thaliana_Chr1_004357_1437938	sp|Q9SH52|SPZ1_ARATH	72.995	374	99	0.0	527
Arabidopsis_thaliana_Chr1_004357_1437938	sp|O04582|SPZ5_ARATH	53.684	380	99	7.53e-132	381
Arabidopsis_thaliana_Chr1_004357_1437938	sp|Q9ZQR6|SPZ2_ARATH	54.255	376	99	1.78e-130	377
Arabidopsis_thaliana_Chr1_004357_1437938	sp|Q9S7T8|SPZX_ARATH	45.685	394	98	1.14e-112	331
Arabidopsis_thaliana_Chr1_004357_1437938	sp|Q9M1T7|SPZ4_ARATH	40.250	400	99	1.14e-91	277
Arabidopsis_thaliana_Chr4_002390_1413278	sp|A0A1P8B8F8|XYN5_ARATH	44.364	275	76	1.08e-82	258
Arabidopsis_thaliana_Chr4_002390_1413278	sp|Q84WT5|XYN5L_ARATH	43.173	271	75	8.99e-80	250
Arabidopsis_thaliana_Chr4_002390_1413278	sp|Q680B7|XYN4_ARATH	42.446	278	77	3.56e-73	233
Arabidopsis_thaliana_Chr4_002390_1413278	sp|A0A1P8AWH8|XYN1_ARATH	27.208	283	78	8.53e-34	132
Arabidopsis_thaliana_Chr4_002390_1413278	sp|F4JG10|XYN3_ARATH	26.000	350	88	3.37e-32	127
Arabidopsis_thaliana_Chr3_003816_1405362	sp|Q5SVZ6|ZMYM1_HUMAN	25.983	712	89	3.68e-41	162
Arabidopsis_thaliana_Chr3_003816_1405362	sp|O43422|P52K_HUMAN	22.163	564	70	2.45e-16	86.0
Arabidopsis_thaliana_Chr3_003816_1405362	sp|Q9CUX1|P52K_MOUSE	21.986	564	70	3.98e-16	85.4
Arabidopsis_thaliana_Chr3_003816_1405362	sp|O60290|ZN862_HUMAN	21.639	476	61	7.79e-06	53.1
Arabidopsis_thaliana_Chr3_001786_1401302	sp|Q9SNA3|Y3463_ARATH	60.000	195	71	1.11e-67	222
Arabidopsis_thaliana_Chr3_001786_1401302	sp|C0LGW2|PAM74_ARATH	56.983	179	70	5.95e-57	193
Arabidopsis_thaliana_Chr3_001786_1401302	sp|Q9FN93|Y5596_ARATH	51.269	197	76	2.55e-54	186
Arabidopsis_thaliana_Chr3_001786_1401302	sp|Q9LIG2|RLK6_ARATH	62.329	146	57	5.08e-54	185
Arabidopsis_thaliana_Chr3_001786_1401302	sp|Q9FZB8|Y5181_ARATH	55.307	179	70	1.72e-53	184
Arabidopsis_thaliana_Chr2_001080_1391562	sp|O82394|FB321_ARATH	89.510	286	99	0.0	507
Arabidopsis_thaliana_Chr2_001080_1391562	sp|O82373|FK128_ARATH	95.105	143	99	7.26e-95	283
Arabidopsis_thaliana_Chr2_001080_1391562	sp|O82373|FK128_ARATH	55.405	148	99	6.21e-38	136
Arabidopsis_thaliana_Chr2_001080_1391562	sp|O82374|FBK40_ARATH	60.563	142	99	1.80e-47	161
Arabidopsis_thaliana_Chr2_001080_1391562	sp|O82374|FBK40_ARATH	54.730	148	99	9.60e-27	107
Arabidopsis_thaliana_Chr2_001080_1391562	sp|O82375|FBK39_ARATH	46.000	150	85	2.42e-31	119
Arabidopsis_thaliana_Chr2_001080_1391562	sp|O82375|FBK39_ARATH	40.777	103	85	5.49e-11	64.0
Arabidopsis_thaliana_Chr2_001080_1391562	sp|O82376|FBK38_ARATH	46.622	148	99	3.54e-31	119
Arabidopsis_thaliana_Chr2_001080_1391562	sp|O82376|FBK38_ARATH	35.000	160	99	1.33e-13	71.6
Arabidopsis_thaliana_Chr1_002528_1434280	sp|Q9SV98|FK103_ARATH	56.923	65	89	2.33e-19	81.2
Arabidopsis_thaliana_Chr1_002528_1434280	sp|Q9SY96|FBK25_ARATH	59.722	72	99	2.38e-18	78.7
Arabidopsis_thaliana_Chr1_002528_1434280	sp|Q1PE10|FK102_ARATH	61.111	72	99	2.89e-18	78.7
Arabidopsis_thaliana_Chr1_002528_1434280	sp|Q9FFV5|FK130_ARATH	58.333	72	99	3.86e-15	69.1
Arabidopsis_thaliana_Chr1_002528_1434280	sp|Q9FI72|FK120_ARATH	60.000	65	89	9.79e-14	66.3
Arabidopsis_thaliana_Chr4_000536_1409570	sp|O00370|LORF2_HUMAN	24.590	427	59	2.68e-33	138
Arabidopsis_thaliana_Chr4_000536_1409570	sp|P08548|LIN1_NYCCO	25.781	384	53	2.00e-29	127
Arabidopsis_thaliana_Chr4_000536_1409570	sp|P11369|LORF2_MOUSE	23.762	404	56	1.50e-27	121
Arabidopsis_thaliana_Chr4_000536_1409570	sp|P14381|YTX2_XENLA	26.478	389	54	3.00e-23	108
Arabidopsis_thaliana_Chr4_000536_1409570	sp|P0C2F6|RNHX1_ARATH	29.952	207	28	2.57e-19	94.4
Arabidopsis_thaliana_Chr5_002092_1420996	sp|F4K3G5|EDM2_ARATH	41.497	147	97	2.35e-26	105
Arabidopsis_thaliana_Chr1_004330_1437884	sp|Q9C8D4|AAE11_ARATH	79.050	358	99	0.0	584
Arabidopsis_thaliana_Chr1_004330_1437884	sp|Q9SS00|AAE12_ARATH	73.464	358	99	0.0	558
Arabidopsis_thaliana_Chr1_004330_1437884	sp|Q9SS01|AAE20_ARATH	71.709	357	99	0.0	534
Arabidopsis_thaliana_Chr1_004330_1437884	sp|I3PB36|CNL_PETHY	57.514	346	96	9.72e-146	420
Arabidopsis_thaliana_Chr1_004330_1437884	sp|Q9C9G2|AEE22_ARATH	72.761	268	75	6.06e-145	417
Arabidopsis_thaliana_Chr2_000892_1391186	sp|P82623|DF245_ARATH	71.111	45	73	3.59e-14	62.9
Arabidopsis_thaliana_Chr2_000892_1391186	sp|P82624|DF246_ARATH	70.370	27	45	2.87e-08	47.7
Arabidopsis_thaliana_Chr2_000892_1391186	sp|P82625|DF247_ARATH	64.286	28	47	4.60e-06	42.1
Arabidopsis_thaliana_Chr2_000830_1391062	sp|Q8GYM4|REM14_ARATH	52.907	172	96	2.34e-46	157
Arabidopsis_thaliana_Chr2_000830_1391062	sp|Q8GYM4|REM14_ARATH	50.355	141	96	3.15e-36	131
Arabidopsis_thaliana_Chr2_000830_1391062	sp|O23076|REM15_ARATH	55.294	170	95	1.35e-42	148
Arabidopsis_thaliana_Chr2_000830_1391062	sp|O23076|REM15_ARATH	43.678	174	95	2.56e-34	126
Arabidopsis_thaliana_Chr2_000830_1391062	sp|Q3E9T2|REM2_ARATH	35.500	200	95	6.73e-24	98.4
Arabidopsis_thaliana_Chr2_000830_1391062	sp|Q84WP3|REM17_ARATH	45.528	123	77	9.76e-24	99.5
Arabidopsis_thaliana_Chr2_000830_1391062	sp|Q84WP3|REM17_ARATH	38.312	154	77	8.61e-20	88.2
Arabidopsis_thaliana_Chr2_000830_1391062	sp|Q84WP3|REM17_ARATH	41.803	122	77	3.62e-19	86.6
Arabidopsis_thaliana_Chr2_000830_1391062	sp|Q84WP3|REM17_ARATH	45.714	105	77	1.39e-18	84.9
Arabidopsis_thaliana_Chr2_000830_1391062	sp|Q84WP3|REM17_ARATH	42.718	103	77	1.85e-15	75.9
Arabidopsis_thaliana_Chr2_000830_1391062	sp|P0DH85|REM10_ARATH	37.500	160	73	1.16e-23	98.4
Arabidopsis_thaliana_Chr2_000830_1391062	sp|P0DH85|REM10_ARATH	45.045	111	73	1.26e-17	81.5
Arabidopsis_thaliana_Chr1_004534_1438292	sp|O65399|E131_ARATH	44.860	107	69	3.96e-17	77.8
Arabidopsis_thaliana_Chr5_001446_1419704	sp|Q9SD82|RFA1B_ARATH	25.000	216	84	5.42e-08	55.3
Arabidopsis_thaliana_Chr2_003822_1397046	sp|Q9XEC1|Y4443_ARATH	60.450	311	99	9.03e-108	319
Arabidopsis_thaliana_Chr2_003822_1397046	sp|Q9XEC1|Y4443_ARATH	52.812	320	99	2.36e-73	231
Arabidopsis_thaliana_Chr1_001261_1431746	sp|Q9LVS9|FB340_ARATH	55.085	354	99	2.81e-118	345
Arabidopsis_thaliana_Chr1_001261_1431746	sp|Q9LSV6|FB186_ARATH	50.000	350	99	3.40e-95	284
Arabidopsis_thaliana_Chr1_001261_1431746	sp|O04591|FBK26_ARATH	43.417	357	95	2.04e-76	237
Arabidopsis_thaliana_Chr1_001261_1431746	sp|Q9SN20|FB200_ARATH	42.818	362	99	8.36e-75	233
Arabidopsis_thaliana_Chr1_001261_1431746	sp|Q9LJ74|FB161_ARATH	41.667	360	99	5.45e-73	228
Arabidopsis_thaliana_Chr3_001604_1400938	sp|Q9SSB5|PRS7A_ARATH	77.778	54	34	1.40e-20	87.7
Arabidopsis_thaliana_Chr3_001604_1400938	sp|P0DKK0|PRS7B_ORYSJ	69.811	53	34	1.84e-17	79.2
Arabidopsis_thaliana_Chr3_001604_1400938	sp|P0DKJ9|PRS7A_ORYSJ	69.811	53	34	1.84e-17	79.2
Arabidopsis_thaliana_Chr3_001604_1400938	sp|Q41365|PRS7_SPIOL	66.038	53	34	1.38e-16	77.0
Arabidopsis_thaliana_Chr3_001604_1400938	sp|O64982|PRS7_PRUPE	63.462	52	33	2.79e-16	76.1
Arabidopsis_thaliana_Chr3_004058_1405846	sp|Q9LSF7|Y3518_ARATH	90.576	382	99	0.0	696
Arabidopsis_thaliana_Chr3_004058_1405846	sp|Q9LRX6|Y3485_ARATH	66.085	401	99	1.14e-179	502
Arabidopsis_thaliana_Chr3_004058_1405846	sp|Q9FLV7|Y5405_ARATH	85.609	271	89	2.94e-162	457
Arabidopsis_thaliana_Chr3_004058_1405846	sp|Q9FLV7|Y5405_ARATH	81.579	76	89	7.34e-29	114
Arabidopsis_thaliana_Chr3_004058_1405846	sp|Q9FFM6|Y5578_ARATH	52.889	225	74	1.32e-68	216
Arabidopsis_thaliana_Chr3_004058_1405846	sp|Q9FFM6|Y5578_ARATH	53.968	63	74	6.68e-07	53.1
Arabidopsis_thaliana_Chr3_004058_1405846	sp|Q9C6X0|Y1203_ARATH	40.691	376	96	1.90e-60	196
Arabidopsis_thaliana_Chr2_003823_1397048	sp|Q9LUP5|FBK59_ARATH	46.296	378	87	2.34e-98	295
Arabidopsis_thaliana_Chr2_003823_1397048	sp|Q9LUP4|FBK60_ARATH	61.905	210	80	2.60e-90	274
Arabidopsis_thaliana_Chr2_003823_1397048	sp|Q9LUP4|FBK60_ARATH	57.447	94	80	3.28e-28	113
Arabidopsis_thaliana_Chr2_003823_1397048	sp|Q9LUU5|FB148_ARATH	41.954	348	85	1.47e-64	206
Arabidopsis_thaliana_Chr2_003823_1397048	sp|Q9LUP1|FBK61_ARATH	46.977	215	79	4.47e-52	175
Arabidopsis_thaliana_Chr2_003823_1397048	sp|Q9LUP1|FBK61_ARATH	57.143	91	79	1.68e-26	108
Arabidopsis_thaliana_Chr2_003823_1397048	sp|Q9LUU4|FB149_ARATH	78.125	96	25	3.23e-47	157
Arabidopsis_thaliana_Chr1_005583_1440390	sp|P0C2G2|FB21_ARATH	46.535	202	99	3.89e-43	147
Arabidopsis_thaliana_Chr1_005583_1440390	sp|P0C2D0|FB22_ARATH	43.434	198	99	6.46e-37	130
Arabidopsis_thaliana_Chr1_005583_1440390	sp|Q9MAP1|FB33_ARATH	43.878	196	98	2.97e-35	129
Arabidopsis_thaliana_Chr1_005583_1440390	sp|Q9FIH4|FB280_ARATH	44.059	202	99	4.46e-32	118
Arabidopsis_thaliana_Chr1_005583_1440390	sp|P0C2G3|FB308_ARATH	43.939	198	99	5.99e-31	117
Arabidopsis_thaliana_Chr5_001734_1420280	sp|Q9ZVI1|FB323_ARATH	64.677	201	99	1.47e-87	262
Arabidopsis_thaliana_Chr5_001734_1420280	sp|Q9SZA6|FBK91_ARATH	62.319	207	99	2.81e-79	241
Arabidopsis_thaliana_Chr5_001734_1420280	sp|Q9FFT0|FB277_ARATH	55.392	204	99	3.49e-68	212
Arabidopsis_thaliana_Chr5_001734_1420280	sp|Q9FH73|FB276_ARATH	57.143	203	99	4.00e-67	209
Arabidopsis_thaliana_Chr5_001734_1420280	sp|Q9LP59|FBK20_ARATH	54.327	208	99	5.68e-65	204
Arabidopsis_thaliana_Chr3_001573_1400876	sp|Q0P9V4|PIF1_CAMJE	27.097	465	63	1.97e-18	90.2
Arabidopsis_thaliana_Chr3_001573_1400876	sp|Q59RQ0|PIF1_CANAL	23.563	522	65	2.95e-16	86.0
Arabidopsis_thaliana_Chr3_001573_1400876	sp|Q0R4F1|PIF1_XENLA	25.910	467	65	2.31e-14	79.2
Arabidopsis_thaliana_Chr3_001573_1400876	sp|Q381V6|PIF4_TRYB2	32.022	178	25	1.18e-12	74.5
Arabidopsis_thaliana_Chr3_001573_1400876	sp|Q7ZV90|PIF1_DANRE	30.928	194	27	1.38e-11	70.8
Arabidopsis_thaliana_Chr2_000851_1391104	sp|Q8VYJ7|CLPB4_ARATH	67.769	242	99	8.74e-104	317
Arabidopsis_thaliana_Chr2_000851_1391104	sp|Q0E3C8|CLPB3_ORYSJ	57.851	242	96	2.41e-88	277
Arabidopsis_thaliana_Chr2_000851_1391104	sp|Q9LF37|CLPB3_ARATH	48.333	240	96	9.02e-66	217
Arabidopsis_thaliana_Chr2_000851_1391104	sp|Q75GT3|CLPB2_ORYSJ	46.862	239	96	6.62e-63	209
Arabidopsis_thaliana_Chr2_000851_1391104	sp|P74361|CLPB2_SYNY3	43.458	214	90	4.86e-56	190
Arabidopsis_thaliana_Chr1_002642_1434508	sp|Q9SH40|CRRS8_ARATH	99.281	278	93	0.0	517
Arabidopsis_thaliana_Chr1_002642_1434508	sp|Q9SH41|CRRS7_ARATH	57.540	252	84	1.03e-85	257
Arabidopsis_thaliana_Chr1_002642_1434508	sp|Q9SH43|CRRS5_ARATH	54.118	255	85	1.28e-85	256
Arabidopsis_thaliana_Chr1_002642_1434508	sp|Q5Q0E2|CRRS9_ARATH	48.408	314	92	2.05e-83	252
Arabidopsis_thaliana_Chr1_002642_1434508	sp|Q9CAC7|CRRS4_ARATH	58.772	228	76	4.29e-83	251
Arabidopsis_thaliana_Chr4_000332_1409162	sp|Q9ZS96|Y4478_ARATH	33.858	127	80	3.13e-19	80.1
Arabidopsis_thaliana_Chr1_005535_1440294	sp|Q56WM6|ROGFE_ARATH	73.077	52	69	8.33e-15	70.0
Arabidopsis_thaliana_Chr2_000278_1389958	sp|P0DKH6|RPS6R_ARATH	68.571	35	92	8.08e-06	42.9
Arabidopsis_thaliana_Chr2_000278_1389958	sp|F4KHH8|RPS6C_ARATH	68.571	35	92	8.31e-06	42.7
Arabidopsis_thaliana_Chr5_005317_1427446	sp|Q94HW2|POLR1_ARATH	41.706	422	98	3.48e-117	367
Arabidopsis_thaliana_Chr5_005317_1427446	sp|Q9ZT94|POLR2_ARATH	41.232	422	98	4.62e-113	356
Arabidopsis_thaliana_Chr5_005317_1427446	sp|P10978|POLX_TOBAC	36.058	416	94	6.37e-75	251
Arabidopsis_thaliana_Chr5_005317_1427446	sp|P04146|COPIA_DROME	34.884	430	98	1.65e-70	240
Arabidopsis_thaliana_Chr5_005317_1427446	sp|P92519|M810_ARATH	40.265	226	53	2.61e-59	192
Arabidopsis_thaliana_Chr3_001337_1400404	sp|Q8LCE9|FB163_ARATH	63.208	106	99	8.92e-38	130
Arabidopsis_thaliana_Chr3_001337_1400404	sp|Q9SZ95|FB224_ARATH	53.333	90	79	5.53e-21	86.3
Arabidopsis_thaliana_Chr3_001337_1400404	sp|Q9LUQ9|FBK56_ARATH	48.148	108	97	3.42e-20	84.9
Arabidopsis_thaliana_Chr3_001337_1400404	sp|Q9FHK1|FB263_ARATH	49.524	105	97	1.22e-19	84.0
Arabidopsis_thaliana_Chr3_001337_1400404	sp|P0DI01|FB265_ARATH	49.533	107	97	1.82e-19	83.2
Arabidopsis_thaliana_Chr1_001244_1431712	sp|Q9LVS9|FB340_ARATH	55.085	354	99	2.81e-118	345
Arabidopsis_thaliana_Chr1_001244_1431712	sp|Q9LSV6|FB186_ARATH	50.000	350	99	3.40e-95	284
Arabidopsis_thaliana_Chr1_001244_1431712	sp|O04591|FBK26_ARATH	43.417	357	95	2.04e-76	237
Arabidopsis_thaliana_Chr1_001244_1431712	sp|Q9SN20|FB200_ARATH	42.818	362	99	8.36e-75	233
Arabidopsis_thaliana_Chr1_001244_1431712	sp|Q9LJ74|FB161_ARATH	41.667	360	99	5.45e-73	228
Arabidopsis_thaliana_Chr3_002821_1403372	sp|Q8RXN6|PRP31_ARATH	85.714	476	99	0.0	770
Arabidopsis_thaliana_Chr3_002821_1403372	sp|Q5U5C5|PRP31_XENLA	44.191	439	88	1.79e-107	323
Arabidopsis_thaliana_Chr3_002821_1403372	sp|Q8CCF0|PRP31_MOUSE	44.028	427	86	2.97e-107	322
Arabidopsis_thaliana_Chr3_002821_1403372	sp|Q8WWY3|PRP31_HUMAN	43.794	427	86	2.41e-106	320
Arabidopsis_thaliana_Chr3_002821_1403372	sp|Q6NVP6|PRP31_XENTR	44.028	427	86	1.00e-104	316
Arabidopsis_thaliana_Chr4_003451_1415400	sp|O23317|DRL24_ARATH	93.634	377	99	0.0	704
Arabidopsis_thaliana_Chr4_003451_1415400	sp|O64973|RPS5_ARATH	52.956	406	99	3.87e-128	383
Arabidopsis_thaliana_Chr4_003451_1415400	sp|P60839|DRL2_ARATH	50.873	401	99	1.90e-118	358
Arabidopsis_thaliana_Chr4_003451_1415400	sp|Q8L3R3|RFL1_ARATH	52.099	405	99	1.90e-114	348
Arabidopsis_thaliana_Chr4_003451_1415400	sp|O82484|DRL23_ARATH	50.365	411	99	9.94e-111	338
Arabidopsis_thaliana_Chr1_005418_1440060	sp|Q94HW2|POLR1_ARATH	42.482	419	98	4.07e-117	367
Arabidopsis_thaliana_Chr1_005418_1440060	sp|Q9ZT94|POLR2_ARATH	42.963	405	94	3.55e-113	356
Arabidopsis_thaliana_Chr1_005418_1440060	sp|P10978|POLX_TOBAC	37.269	432	99	1.27e-81	270
Arabidopsis_thaliana_Chr1_005418_1440060	sp|P04146|COPIA_DROME	36.427	431	98	1.99e-78	262
Arabidopsis_thaliana_Chr1_005418_1440060	sp|P92519|M810_ARATH	45.089	224	52	2.44e-68	215
Arabidopsis_thaliana_Chr1_005976_1441176	sp|Q9LME8|U85A7_ARATH	78.333	240	99	1.25e-137	393
Arabidopsis_thaliana_Chr1_005976_1441176	sp|Q9SK82|U85A1_ARATH	76.987	239	99	4.16e-136	390
Arabidopsis_thaliana_Chr1_005976_1441176	sp|Q9ZWJ3|U85A2_ARATH	77.178	241	99	2.71e-135	387
Arabidopsis_thaliana_Chr1_005976_1441176	sp|Q9LMF1|U85A3_ARATH	77.824	239	99	6.36e-133	381
Arabidopsis_thaliana_Chr1_005976_1441176	sp|Q9LMF0|U85A5_ARATH	72.199	241	99	1.56e-119	347
Arabidopsis_thaliana_Chr1_001249_1431722	sp|F4IAW1|LPXC5_ARATH	89.571	326	99	0.0	579
Arabidopsis_thaliana_Chr1_001249_1431722	sp|P0DKB9|LPXC4_ARATH	89.571	326	99	0.0	579
Arabidopsis_thaliana_Chr1_001249_1431722	sp|P0DKB8|LPXC3_ARATH	89.571	326	99	0.0	579
Arabidopsis_thaliana_Chr1_001249_1431722	sp|P0DKB7|LPXC2_ARATH	89.571	326	99	0.0	579
Arabidopsis_thaliana_Chr1_001249_1431722	sp|F4IAT8|LPXC1_ARATH	89.571	326	99	0.0	579
Arabidopsis_thaliana_Chr3_003786_1405302	sp|Q9LH31|TPS30_ARATH	88.032	376	99	0.0	670
Arabidopsis_thaliana_Chr3_003786_1405302	sp|Q9LRR2|TPS17_ARATH	57.812	384	99	9.30e-143	413
Arabidopsis_thaliana_Chr3_003786_1405302	sp|Q9LUE2|TPS18_ARATH	53.646	384	99	4.16e-132	386
Arabidopsis_thaliana_Chr3_003786_1405302	sp|Q9C6W6|TPS29_ARATH	53.766	385	99	2.94e-127	374
Arabidopsis_thaliana_Chr3_003786_1405302	sp|Q9LUE0|TPS19_ARATH	53.298	379	99	2.06e-126	371
Arabidopsis_thaliana_Chr1_005295_1439814	sp|Q6NQN8|VLG_ARATH	26.866	134	59	2.31e-09	57.3
Arabidopsis_thaliana_Chr5_004694_1426200	sp|Q9FJ04|SPH26_ARATH	100.000	189	99	4.24e-139	387
Arabidopsis_thaliana_Chr5_004694_1426200	sp|Q9FF19|SPH9_ARATH	36.641	131	62	1.30e-14	68.5
Arabidopsis_thaliana_Chr5_004694_1426200	sp|B3H4B5|SPH11_ARATH	38.889	108	49	1.42e-11	60.7
Arabidopsis_thaliana_Chr5_004694_1426200	sp|B3H453|SPH8_ARATH	31.624	117	55	2.24e-09	54.8
Arabidopsis_thaliana_Chr5_004694_1426200	sp|Q9LJ82|SPH32_ARATH	35.345	116	56	1.83e-07	49.7
Arabidopsis_thaliana_Chr2_000738_1390878	sp|Q9FHE1|GSTT3_ARATH	47.442	215	70	1.21e-55	186
Arabidopsis_thaliana_Chr2_000738_1390878	sp|Q8L727|GSTT2_ARATH	45.581	215	70	2.55e-51	175
Arabidopsis_thaliana_Chr4_003216_1414930	sp|Q9ZS96|Y4478_ARATH	33.858	127	82	5.33e-21	84.6
Arabidopsis_thaliana_Chr4_003216_1414930	sp|Q9LP10|Y1920_ARATH	33.636	110	68	6.98e-06	45.2
Arabidopsis_thaliana_Chr2_003980_1397362	sp|C0HLV2|NEPRN_NEPVE	40.244	82	69	8.55e-10	56.7
Arabidopsis_thaliana_Chr1_004755_1438734	sp|O64479|PME10_ARATH	41.742	333	95	1.19e-77	247
Arabidopsis_thaliana_Chr1_004755_1438734	sp|O64479|PME10_ARATH	41.748	309	95	4.08e-77	246
Arabidopsis_thaliana_Chr1_004755_1438734	sp|Q4PSN0|PME29_ARATH	41.558	308	91	1.36e-75	242
Arabidopsis_thaliana_Chr1_004755_1438734	sp|Q4PSN0|PME29_ARATH	39.286	308	91	1.75e-70	229
Arabidopsis_thaliana_Chr1_004755_1438734	sp|Q3E9D3|PME55_ARATH	40.694	317	92	1.15e-74	239
Arabidopsis_thaliana_Chr1_004755_1438734	sp|Q3E9D3|PME55_ARATH	40.523	306	92	5.25e-70	227
Arabidopsis_thaliana_Chr1_004755_1438734	sp|Q4PSQ5|PME66_ARATH	38.339	313	92	1.57e-69	226
Arabidopsis_thaliana_Chr1_004755_1438734	sp|Q4PSQ5|PME66_ARATH	37.217	309	92	3.51e-67	220
Arabidopsis_thaliana_Chr1_004755_1438734	sp|Q9LSP1|PME67_ARATH	38.033	305	90	9.62e-68	222
Arabidopsis_thaliana_Chr1_004755_1438734	sp|Q9LSP1|PME67_ARATH	35.410	305	90	3.09e-59	199
Arabidopsis_thaliana_Chr1_002654_1434532	sp|P0C8K8|ARI6_ARATH	100.000	201	99	1.04e-147	419
Arabidopsis_thaliana_Chr1_002654_1434532	sp|Q8L829|ARI5_ARATH	84.946	186	91	4.45e-111	326
Arabidopsis_thaliana_Chr1_002654_1434532	sp|Q84RR0|ARI7_ARATH	68.293	205	99	2.24e-95	286
Arabidopsis_thaliana_Chr1_002654_1434532	sp|Q9SKC2|ARI11_ARATH	51.429	210	99	3.95e-63	202
Arabidopsis_thaliana_Chr1_002654_1434532	sp|Q9SKC4|ARI10_ARATH	50.794	189	92	2.02e-61	197
Arabidopsis_thaliana_Chr5_001702_1420216	sp|P0DKH3|RI2BL_ARATH	88.589	333	99	0.0	601
Arabidopsis_thaliana_Chr5_001702_1420216	sp|Q9LSD0|RIR2C_ARATH	82.282	333	99	0.0	541
Arabidopsis_thaliana_Chr5_001702_1420216	sp|P49730|RIR2_TOBAC	73.574	333	99	6.07e-175	487
Arabidopsis_thaliana_Chr5_001702_1420216	sp|P50651|RIR2A_ARATH	65.244	328	98	3.06e-151	426
Arabidopsis_thaliana_Chr5_001702_1420216	sp|P79733|RIR2_DANRE	62.048	332	99	3.46e-139	397
Arabidopsis_thaliana_Chr2_000237_1389876	sp|Q9LS57|FB159_ARATH	72.093	301	99	5.23e-141	400
Arabidopsis_thaliana_Chr2_000237_1389876	sp|Q9LJ74|FB161_ARATH	42.071	309	98	6.65e-51	169
Arabidopsis_thaliana_Chr2_000237_1389876	sp|Q9ZV78|FB100_ARATH	39.048	315	98	1.69e-49	166
Arabidopsis_thaliana_Chr2_000237_1389876	sp|Q9LXQ1|FBK73_ARATH	38.141	312	97	2.86e-45	155
Arabidopsis_thaliana_Chr2_000237_1389876	sp|Q9LJ68|FB162_ARATH	37.462	331	98	8.50e-45	154
Arabidopsis_thaliana_ChrM_000025_1416798	sp|P60498|NU6M_BRACM	100.000	205	99	1.18e-142	397
Arabidopsis_thaliana_ChrM_000025_1416798	sp|P60497|NU6M_ARATH	95.122	205	99	3.59e-131	368
Arabidopsis_thaliana_ChrM_000025_1416798	sp|Q02500|NU6M_WHEAT	91.089	202	98	1.17e-128	363
Arabidopsis_thaliana_ChrM_000025_1416798	sp|P26850|NU6M_MARPO	75.401	187	91	4.10e-97	281
Arabidopsis_thaliana_ChrM_000025_1416798	sp|Q37626|NU6M_PROWI	52.764	199	93	5.53e-58	181
Arabidopsis_thaliana_Chr2_000831_1391064	sp|Q9SHV1|GLR22_ARATH	75.712	527	96	0.0	837
Arabidopsis_thaliana_Chr2_000831_1391064	sp|Q9SHV1|GLR22_ARATH	58.904	219	96	4.38e-73	250
Arabidopsis_thaliana_Chr2_000831_1391064	sp|Q9SHV1|GLR22_ARATH	90.000	30	96	3.67e-08	60.7
Arabidopsis_thaliana_Chr2_000831_1391064	sp|Q9SHV2|GLR23_ARATH	71.087	543	92	0.0	787
Arabidopsis_thaliana_Chr2_000831_1391064	sp|Q9SHV2|GLR23_ARATH	56.784	199	92	1.71e-69	240
Arabidopsis_thaliana_Chr2_000831_1391064	sp|O04660|GLR21_ARATH	63.128	537	91	0.0	705
Arabidopsis_thaliana_Chr2_000831_1391064	sp|O04660|GLR21_ARATH	56.566	198	91	1.30e-70	243
Arabidopsis_thaliana_Chr2_000831_1391064	sp|O81776|GLR24_ARATH	58.813	539	89	0.0	612
Arabidopsis_thaliana_Chr2_000831_1391064	sp|O81776|GLR24_ARATH	58.378	185	89	1.20e-58	211
Arabidopsis_thaliana_Chr2_000831_1391064	sp|Q9LFN8|GLR26_ARATH	48.732	552	85	0.0	543
Arabidopsis_thaliana_Chr2_000831_1391064	sp|Q9LFN8|GLR26_ARATH	37.500	136	85	2.10e-20	99.5
Arabidopsis_thaliana_Chr1_001716_1432656	sp|Q9XEC1|Y4443_ARATH	52.620	439	99	1.40e-91	277
Arabidopsis_thaliana_Chr2_000415_1390232	sp|Q9SIX3|RBG1_ARATH	97.531	81	74	2.85e-55	170
Arabidopsis_thaliana_Chr2_000415_1390232	sp|Q03878|GRP1_DAUCA	73.750	80	73	5.54e-38	126
Arabidopsis_thaliana_Chr2_000415_1390232	sp|P49311|GRP2_SINAL	73.171	82	75	6.88e-38	126
Arabidopsis_thaliana_Chr2_000415_1390232	sp|P49310|GRP1_SINAL	70.732	82	75	4.13e-37	124
Arabidopsis_thaliana_Chr2_000415_1390232	sp|Q05966|GRP10_BRANA	76.316	76	69	1.17e-36	123
Arabidopsis_thaliana_Chr5_001453_1419718	sp|Q9CAU1|SCP3_ARATH	63.366	101	95	9.02e-33	118
Arabidopsis_thaliana_Chr5_001453_1419718	sp|O81009|SCP12_ARATH	80.392	51	53	1.75e-24	96.4
Arabidopsis_thaliana_Chr5_001453_1419718	sp|Q2V465|SCP11_ARATH	80.392	51	53	1.97e-24	96.1
Arabidopsis_thaliana_Chr5_001453_1419718	sp|O64811|SCP9_ARATH	74.510	51	53	1.70e-22	91.1
Arabidopsis_thaliana_Chr5_001453_1419718	sp|Q8RWJ6|SCP1_ARATH	90.196	51	53	4.20e-22	89.9
Arabidopsis_thaliana_Chr2_000353_1390108	sp|Q09442|SF3B4_CAEEL	64.417	163	52	4.49e-71	222
Arabidopsis_thaliana_Chr2_000353_1390108	sp|O14102|SAP49_SCHPO	55.556	135	44	7.02e-49	164
Arabidopsis_thaliana_Chr2_000353_1390108	sp|Q55GD6|SF3B4_DICDI	54.545	143	46	2.12e-44	153
Arabidopsis_thaliana_Chr2_000353_1390108	sp|Q9LQI9|UBP1B_ARATH	31.658	199	63	6.00e-21	92.5
Arabidopsis_thaliana_Chr2_000353_1390108	sp|Q9SYG4|UBP1A_ARATH	31.285	179	56	7.74e-21	92.2
Arabidopsis_thaliana_Chr2_000199_1389800	sp|Q9SJ32|FDL15_ARATH	100.000	112	99	1.53e-75	229
Arabidopsis_thaliana_Chr2_000199_1389800	sp|Q9LIR2|FDL17_ARATH	89.474	95	84	9.19e-55	175
Arabidopsis_thaliana_Chr2_000199_1389800	sp|Q9FJC0|FBD20_ARATH	60.177	113	98	2.02e-38	134
Arabidopsis_thaliana_Chr2_000199_1389800	sp|Q3E944|FDL33_ARATH	59.596	99	88	5.52e-36	127
Arabidopsis_thaliana_Chr2_000199_1389800	sp|Q9FJC1|FBD31_ARATH	58.824	102	86	9.21e-34	121
Arabidopsis_thaliana_Chr3_003790_1405310	sp|Q9M237|Y3353_ARATH	38.318	107	88	1.92e-17	79.0
Arabidopsis_thaliana_Chr1_001529_1432282	sp|Q9SY20|FB20_ARATH	43.269	104	98	6.34e-17	75.3
Arabidopsis_thaliana_Chr1_001529_1432282	sp|Q9LPJ7|FB31_ARATH	42.857	105	98	1.54e-15	71.9
Arabidopsis_thaliana_ChrM_000004_1416756	sp|Q36450|NDUS2_NICSY	98.052	154	64	1.29e-109	319
Arabidopsis_thaliana_ChrM_000004_1416756	sp|P93306|NDUS2_ARATH	96.104	154	64	1.50e-105	309
Arabidopsis_thaliana_ChrM_000004_1416756	sp|Q9TC96|NDUS2_NEPOL	81.818	154	64	9.98e-89	266
Arabidopsis_thaliana_ChrM_000004_1416756	sp|O21270|NDUS2_RECAM	77.273	154	64	1.54e-87	263
Arabidopsis_thaliana_ChrM_000004_1416756	sp|Q37619|NDUS2_PROWI	78.846	156	64	7.87e-87	261
Arabidopsis_thaliana_Chr3_001655_1401040	sp|P08770|TRA1_MAIZE	28.904	301	80	3.00e-29	119
Arabidopsis_thaliana_Chr3_001655_1401040	sp|P03010|TRAC9_MAIZE	28.617	311	82	2.04e-28	117
Arabidopsis_thaliana_Chr3_001655_1401040	sp|Q75HY5|RSLE3_ORYSJ	22.923	349	91	1.65e-21	97.2
Arabidopsis_thaliana_Chr3_001655_1401040	sp|Q6AVI0|RSLE2_ORYSJ	24.451	319	82	1.71e-21	97.2
Arabidopsis_thaliana_Chr3_001655_1401040	sp|Q0JMB2|RSLE4_ORYSJ	23.143	350	94	4.02e-20	93.0
Arabidopsis_thaliana_Chr5_001234_1419280	sp|P0C2F6|RNHX1_ARATH	65.039	389	98	0.0	537
Arabidopsis_thaliana_ChrM_000016_1416780	sp|Q01300|NU1M_PETHY	97.273	110	97	4.81e-69	210
Arabidopsis_thaliana_ChrM_000016_1416780	sp|Q01148|NU1M_WHEAT	96.364	110	97	5.09e-68	207
Arabidopsis_thaliana_ChrM_000016_1416780	sp|P92558|NU1M_ARATH	96.330	109	96	4.01e-67	205
Arabidopsis_thaliana_ChrM_000016_1416780	sp|P31839|NU1M_OENBE	95.455	110	97	5.61e-67	204
Arabidopsis_thaliana_ChrM_000016_1416780	sp|P26845|NU1M_MARPO	78.182	110	97	3.67e-54	172
Arabidopsis_thaliana_Chr1_005338_1439900	sp|Q9XEC1|Y4443_ARATH	74.000	100	96	8.17e-48	156
Arabidopsis_thaliana_Chr5_005166_1427144	sp|Q9FNJ4|FDL32_ARATH	50.794	63	86	1.08e-10	57.9
Arabidopsis_thaliana_Chr5_001361_1419534	sp|Q9SD82|RFA1B_ARATH	24.537	216	84	2.47e-07	53.4
Arabidopsis_thaliana_Chr4_004032_1416562	sp|O00370|LORF2_HUMAN	24.252	301	40	2.24e-17	89.6
Arabidopsis_thaliana_Chr4_004032_1416562	sp|P0C2F6|RNHX1_ARATH	30.247	162	23	4.35e-17	87.4
Arabidopsis_thaliana_Chr4_004032_1416562	sp|P08548|LIN1_NYCCO	23.839	323	44	1.53e-16	86.8
Arabidopsis_thaliana_Chr4_004032_1416562	sp|P11369|LORF2_MOUSE	24.252	301	40	2.53e-15	83.2
Arabidopsis_thaliana_Chr4_004032_1416562	sp|P16423|POLR_DROME	28.758	153	23	2.95e-09	63.8
Arabidopsis_thaliana_Chr1_004936_1439096	sp|Q9LKA5|MORF8_ARATH	69.524	105	86	4.49e-32	116
Arabidopsis_thaliana_Chr1_004936_1439096	sp|Q84JZ6|MORF3_ARATH	82.353	34	28	8.48e-18	77.0
Arabidopsis_thaliana_Chr1_004830_1438884	sp|Q6NQN8|VLG_ARATH	27.815	151	74	9.36e-11	60.7
Arabidopsis_thaliana_Chr1_004830_1438884	sp|Q6NQN8|VLG_ARATH	30.827	133	74	4.57e-06	48.0
Arabidopsis_thaliana_Chr2_003299_1396000	sp|Q9SF40|RL4A_ARATH	87.302	63	73	2.28e-31	113
Arabidopsis_thaliana_Chr2_003299_1396000	sp|P49691|RL4B_ARATH	82.540	63	73	2.53e-28	105
Arabidopsis_thaliana_Chr2_003299_1396000	sp|Q9XF97|RL4_PRUAR	79.747	79	92	3.98e-28	105
Arabidopsis_thaliana_Chr2_003299_1396000	sp|Q9D8E6|RL4_MOUSE	57.377	61	71	7.18e-16	72.8
Arabidopsis_thaliana_Chr2_003299_1396000	sp|P50878|RL4_RAT	57.377	61	71	7.82e-16	72.5
Arabidopsis_thaliana_Chr5_001384_1419580	sp|Q9XEC1|Y4443_ARATH	30.769	130	44	1.81e-12	68.0
Arabidopsis_thaliana_Chr5_001854_1420520	sp|Q9SJN6|CML31_ARATH	82.927	82	89	1.53e-42	137
Arabidopsis_thaliana_Chr5_001854_1420520	sp|Q9LF55|CML32_ARATH	66.667	84	91	3.11e-32	111
Arabidopsis_thaliana_Chr5_001854_1420520	sp|Q9SRP4|CML33_ARATH	41.758	91	99	4.48e-19	77.3
Arabidopsis_thaliana_Chr5_001854_1420520	sp|Q9SRP5|CML34_ARATH	49.206	63	68	3.03e-14	64.9
Arabidopsis_thaliana_Chr5_001854_1420520	sp|P25070|CML24_ARATH	47.273	55	60	2.76e-08	50.0
Arabidopsis_thaliana_Chr4_000855_1410208	sp|Q8H100|AGD8_ARATH	66.667	192	96	1.61e-80	243
Arabidopsis_thaliana_Chr4_000855_1410208	sp|Q9FIQ0|AGD9_ARATH	57.754	187	94	8.27e-61	192
Arabidopsis_thaliana_Chr4_000855_1410208	sp|O82171|AGD10_ARATH	50.649	154	75	7.02e-41	140
Arabidopsis_thaliana_Chr4_000855_1410208	sp|O23469|GDL63_ARATH	65.000	60	35	6.08e-16	73.3
Arabidopsis_thaliana_Chr4_000855_1410208	sp|Q17R07|ARFG3_BOVIN	60.000	55	33	5.35e-11	61.8
Arabidopsis_thaliana_Chr5_001478_1419768	sp|P0DN93|SPH29_ARATH	100.000	135	99	4.15e-98	280
Arabidopsis_thaliana_Chr5_001478_1419768	sp|O23020|SPH5_ARATH	36.641	131	96	1.57e-25	95.0
Arabidopsis_thaliana_Chr5_001478_1419768	sp|F4JLQ5|SPH2_ARATH	38.843	121	85	4.09e-21	84.3
Arabidopsis_thaliana_Chr5_001478_1419768	sp|F4JZG1|SPH4_ARATH	39.640	111	78	4.86e-20	81.5
Arabidopsis_thaliana_Chr5_001478_1419768	sp|Q9FMQ4|SPH3_ARATH	34.586	133	95	4.99e-19	78.7
Arabidopsis_thaliana_Chr3_002822_1403374	sp|Q94HW2|POLR1_ARATH	28.533	375	79	4.71e-31	127
Arabidopsis_thaliana_Chr3_002822_1403374	sp|Q9ZT94|POLR2_ARATH	26.862	376	80	8.35e-27	115
Arabidopsis_thaliana_Chr3_001609_1400948	sp|Q9ZS96|Y4478_ARATH	36.111	108	80	9.28e-19	78.1
Arabidopsis_thaliana_Chr1_000491_1430206	sp|Q9SGX9|ESFL1_ARATH	88.000	25	30	4.28e-08	47.7
Arabidopsis_thaliana_Chr1_000491_1430206	sp|A8MQA5|ESF13_ARATH	65.517	29	35	5.05e-07	45.2
Arabidopsis_thaliana_Chr1_005341_1439906	sp|P92962|PROT2_ARATH	96.774	62	93	1.75e-35	124
Arabidopsis_thaliana_Chr1_005341_1439906	sp|P92961|PROT1_ARATH	91.935	62	93	1.06e-33	119
Arabidopsis_thaliana_Chr1_005341_1439906	sp|Q9SJP9|PROT3_ARATH	88.710	62	93	4.50e-32	115
Arabidopsis_thaliana_Chr1_005341_1439906	sp|Q69LA1|PROT2_ORYSJ	79.032	62	93	9.58e-29	106
Arabidopsis_thaliana_Chr1_005341_1439906	sp|Q60DN5|PROT1_ORYSJ	75.806	62	93	6.97e-28	104
Arabidopsis_thaliana_Chr2_003869_1397140	sp|P93286|CCMFC_ARATH	92.208	154	88	4.66e-103	302
Arabidopsis_thaliana_Chr2_003869_1397140	sp|P38451|YMF02_MARPO	66.667	69	70	9.33e-24	95.3
Arabidopsis_thaliana_Chr2_003869_1397140	sp|P38451|YMF02_MARPO	64.912	57	70	4.46e-14	69.7
Arabidopsis_thaliana_Chr3_000474_1398678	sp|B3H453|SPH8_ARATH	41.406	128	93	8.34e-24	90.8
Arabidopsis_thaliana_Chr3_000474_1398678	sp|B3H4B5|SPH11_ARATH	39.850	133	94	1.01e-23	90.8
Arabidopsis_thaliana_Chr3_000474_1398678	sp|Q9LW22|SPH21_ARATH	36.364	132	95	6.02e-21	83.5
Arabidopsis_thaliana_Chr3_000474_1398678	sp|Q9FF19|SPH9_ARATH	40.000	110	80	2.78e-19	79.0
Arabidopsis_thaliana_Chr3_000474_1398678	sp|B3H5E1|SPH7_ARATH	36.029	136	97	3.30e-18	76.4
Arabidopsis_thaliana_Chr4_002391_1413280	sp|Q84WT5|XYN5L_ARATH	43.243	111	86	2.71e-23	95.3
Arabidopsis_thaliana_Chr4_002391_1413280	sp|A0A1P8B8F8|XYN5_ARATH	46.939	98	76	4.09e-22	92.2
Arabidopsis_thaliana_Chr4_002391_1413280	sp|Q680B7|XYN4_ARATH	38.182	110	85	2.37e-19	84.3
Arabidopsis_thaliana_Chr4_002391_1413280	sp|O80596|XYN2_ARATH	34.524	84	65	1.55e-09	56.7
Arabidopsis_thaliana_Chr4_002391_1413280	sp|A0A1P8AWH8|XYN1_ARATH	37.681	69	54	1.15e-08	54.2
Arabidopsis_thaliana_Chr1_002480_1434184	sp|Q9ZP55|DRP4C_ARATH	83.680	337	99	0.0	592
Arabidopsis_thaliana_Chr1_002480_1434184	sp|Q9ZP55|DRP4C_ARATH	80.829	193	99	9.52e-102	314
Arabidopsis_thaliana_Chr1_002480_1434184	sp|Q9ZP56|DRP4A_ARATH	82.941	170	32	9.59e-95	287
Arabidopsis_thaliana_Chr1_002480_1434184	sp|Q3UD61|MX1_MOUSE	46.154	143	26	1.14e-31	125
Arabidopsis_thaliana_Chr1_002480_1434184	sp|Q9WVP9|MX2_MOUSE	46.207	145	27	1.91e-31	128
Arabidopsis_thaliana_Chr1_002480_1434184	sp|P18589|MX2_RAT	46.207	145	27	8.44e-31	126
Arabidopsis_thaliana_ChrM_000031_1416810	sp|P93281|M120_ARATH	98.837	86	99	3.86e-61	184
Arabidopsis_thaliana_Chr2_000314_1390030	sp|Q9XEC1|Y4443_ARATH	80.392	306	70	1.34e-158	449
Arabidopsis_thaliana_Chr1_001544_1432312	sp|Q9SA01|FB25_ARATH	100.000	112	77	4.65e-80	235
Arabidopsis_thaliana_Chr1_001544_1432312	sp|Q9FIH4|FB280_ARATH	55.738	122	84	1.53e-36	129
Arabidopsis_thaliana_Chr1_001544_1432312	sp|P0C2G3|FB308_ARATH	57.364	129	87	7.07e-35	126
Arabidopsis_thaliana_Chr1_001544_1432312	sp|Q9SA03|FB27_ARATH	50.000	134	91	1.37e-33	119
Arabidopsis_thaliana_Chr1_001544_1432312	sp|Q3ECH0|FB75_ARATH	50.388	129	86	9.99e-33	120
Arabidopsis_thaliana_Chr1_001190_1431604	sp|Q94AJ5|PGLR5_ARATH	54.412	68	79	1.68e-19	82.6
Arabidopsis_thaliana_Chr1_001190_1431604	sp|Q02096|PGLR_PERAE	55.882	68	79	3.28e-19	82.0
Arabidopsis_thaliana_Chr1_001190_1431604	sp|O23147|ADPG1_ARATH	53.731	67	78	6.75e-19	80.9
Arabidopsis_thaliana_Chr1_001190_1431604	sp|Q8RY29|ADPG2_ARATH	56.522	69	80	1.84e-18	79.8
Arabidopsis_thaliana_Chr1_001190_1431604	sp|P48978|PGLR_MALDO	54.286	70	81	6.11e-17	75.9
Arabidopsis_thaliana_Chr2_000090_1389582	sp|O81283|TC159_ARATH	95.238	42	68	6.68e-15	69.7
Arabidopsis_thaliana_Chr2_000090_1389582	sp|A9SY65|TC108_PHYPA	44.643	56	90	3.20e-07	47.7
Arabidopsis_thaliana_Chr2_000090_1389582	sp|A9SY64|TC125_PHYPA	44.643	56	90	3.20e-07	47.7
Arabidopsis_thaliana_Chr2_000090_1389582	sp|A9SV60|TC126_PHYPA	41.071	56	90	1.11e-06	46.3
Arabidopsis_thaliana_Chr2_000090_1389582	sp|A9SV59|TC101_PHYPA	41.071	56	90	1.28e-06	46.0
Arabidopsis_thaliana_Chr3_003348_1404426	sp|Q08697|PR1A_SOLLC	39.706	68	73	5.11e-07	46.9
Arabidopsis_thaliana_Chr3_003348_1404426	sp|P11670|PRB1_TOBAC	33.708	89	86	1.35e-06	45.8
Arabidopsis_thaliana_Chr1_004535_1438294	sp|C0LGD8|Y1755_ARATH	55.385	130	69	2.22e-45	159
Arabidopsis_thaliana_Chr1_004535_1438294	sp|Q9LIG2|RLK6_ARATH	53.333	135	72	2.31e-43	154
Arabidopsis_thaliana_Chr1_004535_1438294	sp|C0LGP2|MEE39_ARATH	55.039	129	69	3.38e-43	154
Arabidopsis_thaliana_Chr1_004535_1438294	sp|C0LGG3|Y5182_ARATH	53.285	137	72	1.64e-41	149
Arabidopsis_thaliana_Chr1_004535_1438294	sp|Q9SI06|Y5573_ARATH	52.672	131	70	3.02e-41	148
Arabidopsis_thaliana_Chr1_000816_1430856	sp|Q9SS94|CD48C_ARATH	79.924	792	97	0.0	1220
Arabidopsis_thaliana_Chr1_000816_1430856	sp|O14325|YB7A_SCHPO	45.819	598	73	5.26e-170	499
Arabidopsis_thaliana_Chr1_000816_1430856	sp|O14325|YB7A_SCHPO	37.069	232	73	5.28e-43	165
Arabidopsis_thaliana_Chr1_000816_1430856	sp|O14325|YB7A_SCHPO	28.674	279	73	1.47e-28	123
Arabidopsis_thaliana_Chr1_000816_1430856	sp|Q07844|RIX7_YEAST	43.631	628	73	9.55e-159	472
Arabidopsis_thaliana_Chr1_000816_1430856	sp|O15381|NVL_HUMAN	43.355	602	73	6.54e-157	468
Arabidopsis_thaliana_Chr1_000816_1430856	sp|O15381|NVL_HUMAN	35.115	262	73	9.87e-40	156
Arabidopsis_thaliana_Chr1_000816_1430856	sp|O15381|NVL_HUMAN	28.975	283	73	2.89e-28	123
Arabidopsis_thaliana_Chr1_000816_1430856	sp|Q9DBY8|NVL_MOUSE	43.239	599	73	2.94e-155	463
Arabidopsis_thaliana_Chr1_000816_1430856	sp|Q9DBY8|NVL_MOUSE	35.622	233	73	3.88e-38	152
Arabidopsis_thaliana_Chr1_000816_1430856	sp|Q9DBY8|NVL_MOUSE	32.796	186	73	2.39e-28	123
Arabidopsis_thaliana_Chr3_004091_1405912	sp|Q9LK03|PERK2_ARATH	100.000	717	99	0.0	1406
Arabidopsis_thaliana_Chr3_004091_1405912	sp|Q9LV48|PERK1_ARATH	69.301	544	73	0.0	714
Arabidopsis_thaliana_Chr3_004091_1405912	sp|Q1PEM5|PERK3_ARATH	83.180	327	58	0.0	591
Arabidopsis_thaliana_Chr3_004091_1405912	sp|Q1PEM5|PERK3_ARATH	57.778	90	58	7.92e-15	80.1
Arabidopsis_thaliana_Chr3_004091_1405912	sp|Q9ZNQ8|PERK4_ARATH	54.183	502	68	0.0	539
Arabidopsis_thaliana_Chr3_004091_1405912	sp|Q9C821|PEK15_ARATH	65.429	350	49	1.90e-175	505
Arabidopsis_thaliana_Chr1_005336_1439896	sp|Q9XEC1|Y4443_ARATH	60.714	56	24	1.27e-14	72.8
Arabidopsis_thaliana_Chr3_001951_1401632	sp|Q9CA02|FB198_ARATH	69.718	284	98	2.04e-136	389
Arabidopsis_thaliana_Chr3_001951_1401632	sp|Q9SCK7|FB199_ARATH	68.881	286	98	1.31e-131	377
Arabidopsis_thaliana_Chr3_001951_1401632	sp|Q9SLH9|FB59_ARATH	56.055	289	98	1.10e-92	277
Arabidopsis_thaliana_Chr3_001951_1401632	sp|Q9LID1|FBK54_ARATH	51.361	294	98	2.20e-76	236
Arabidopsis_thaliana_Chr3_001951_1401632	sp|Q1PFG1|FB74_ARATH	49.831	295	98	1.16e-70	220
Arabidopsis_thaliana_Chr1_002545_1434314	sp|Q6NQN8|VLG_ARATH	31.176	170	39	1.85e-10	62.6
Arabidopsis_thaliana_Chr4_000199_1408896	sp|Q9S9V8|FBL9_ARATH	77.966	59	69	3.25e-28	102
Arabidopsis_thaliana_Chr4_000199_1408896	sp|Q9M0U9|SKI19_ARATH	70.588	68	79	1.57e-27	102
Arabidopsis_thaliana_Chr4_000199_1408896	sp|Q9M0U7|FB221_ARATH	58.571	70	80	5.48e-24	93.0
Arabidopsis_thaliana_Chr4_000199_1408896	sp|Q9M0U8|FBL21_ARATH	60.606	66	77	8.32e-24	92.5
Arabidopsis_thaliana_Chr4_000199_1408896	sp|Q9S9V9|FBL23_ARATH	63.014	73	81	2.27e-23	93.3
Arabidopsis_thaliana_Chr3_000741_1399212	sp|F4JCB2|CPL5_ARATH	54.737	285	97	2.15e-96	292
Arabidopsis_thaliana_Chr3_000741_1399212	sp|F4JCB2|CPL5_ARATH	48.772	285	97	6.19e-81	252
Arabidopsis_thaliana_Chr3_000741_1399212	sp|Q00IB6|CPL4_ARATH	35.069	288	96	3.68e-48	164
Arabidopsis_thaliana_Chr3_000741_1399212	sp|Q8LL04|CPL3_ARATH	29.130	230	74	3.24e-23	100
Arabidopsis_thaliana_Chr3_000741_1399212	sp|Q8SV03|FCP1_ENCCU	29.249	253	84	2.78e-20	90.2
Arabidopsis_thaliana_Chr3_000741_1399212	sp|Q9P376|FCP1_SCHPO	24.107	224	69	5.58e-14	73.9
Arabidopsis_thaliana_Chr3_004613_1406956	sp|F4HV65|DRMH4_ARATH	43.200	125	99	1.61e-17	72.8
Arabidopsis_thaliana_Chr3_004613_1406956	sp|Q8LD26|DRMH3_ARATH	70.370	27	31	5.25e-07	46.0
Arabidopsis_thaliana_Chr3_004613_1406956	sp|P93017|DRMH1_ARATH	41.176	51	48	5.32e-06	42.9
Arabidopsis_thaliana_Chr4_000187_1408872	sp|Q9ZQZ9|TI204_ARATH	50.980	51	68	1.15e-11	59.8
Arabidopsis_thaliana_Chr1_001560_1432344	sp|Q9FDZ9|RL212_ARATH	74.074	81	83	1.37e-36	122
Arabidopsis_thaliana_Chr1_001560_1432344	sp|Q43291|RL211_ARATH	72.840	81	83	1.51e-35	120
Arabidopsis_thaliana_Chr5_004558_1425928	sp|Q1PEP5|NUCL2_ARATH	51.786	56	67	3.23e-08	51.4
Arabidopsis_thaliana_Chr3_001590_1400910	sp|Q8VYJ7|CLPB4_ARATH	77.273	66	91	2.90e-27	107
Arabidopsis_thaliana_Chr3_001590_1400910	sp|Q8VYJ7|CLPB4_ARATH	52.830	53	91	2.57e-08	53.4
Arabidopsis_thaliana_Chr3_001590_1400910	sp|O87444|CLPB_LEPBY	69.697	66	52	5.69e-26	103
Arabidopsis_thaliana_Chr3_001590_1400910	sp|Q7NFE9|CLPB_GLOVI	69.697	66	52	7.77e-26	103
Arabidopsis_thaliana_Chr3_001590_1400910	sp|Q9CKC0|CLPB_PASMU	69.697	66	52	8.14e-26	103
Arabidopsis_thaliana_Chr3_001590_1400910	sp|Q75GT3|CLPB2_ORYSJ	68.182	66	52	1.47e-25	102
Arabidopsis_thaliana_Chr1_001587_1432398	sp|C5I9W9|WTS_ARATH	44.361	133	80	1.26e-27	101
Arabidopsis_thaliana_Chr1_005213_1439650	sp|O00370|LORF2_HUMAN	27.074	458	57	1.29e-50	191
Arabidopsis_thaliana_Chr1_005213_1439650	sp|P08548|LIN1_NYCCO	27.292	469	58	1.56e-48	185
Arabidopsis_thaliana_Chr1_005213_1439650	sp|P11369|LORF2_MOUSE	26.439	469	57	1.66e-43	170
Arabidopsis_thaliana_Chr1_005213_1439650	sp|P14381|YTX2_XENLA	28.814	413	51	1.51e-36	149
Arabidopsis_thaliana_Chr1_005213_1439650	sp|P0C2F6|RNHX1_ARATH	23.823	361	44	7.80e-25	111
Arabidopsis_thaliana_Chr2_000976_1391354	sp|Q6NKT5|RGAP5_ARATH	57.851	121	90	1.92e-24	95.8
Arabidopsis_thaliana_Chr2_000976_1391354	sp|Q9FMR1|RGAP1_ARATH	42.000	100	78	3.95e-18	80.4
Arabidopsis_thaliana_Chr2_000976_1391354	sp|Q9CAX8|RGAP4_ARATH	45.918	98	79	6.46e-18	79.5
Arabidopsis_thaliana_Chr2_000976_1391354	sp|F4JI46|RGAP2_ARATH	73.333	45	36	1.26e-16	76.1
Arabidopsis_thaliana_Chr2_000976_1391354	sp|Q8GYY5|RGAP3_ARATH	64.583	48	39	1.74e-14	70.2
Arabidopsis_thaliana_Chr5_002428_1421668	sp|Q8LAH7|OPR1_ARATH	66.667	147	94	7.37e-58	183
Arabidopsis_thaliana_Chr5_002428_1421668	sp|Q8GYB8|OPR2_ARATH	63.946	147	94	2.52e-54	174
Arabidopsis_thaliana_Chr5_002428_1421668	sp|B9FSC8|OPR11_ORYSJ	58.108	148	95	1.61e-48	159
Arabidopsis_thaliana_Chr5_002428_1421668	sp|Q9XG54|OPR1_SOLLC	59.184	147	94	2.34e-48	158
Arabidopsis_thaliana_Chr5_002428_1421668	sp|Q69TH8|OPR4_ORYSJ	58.451	142	94	6.57e-48	157
Arabidopsis_thaliana_Chr5_002429_1421670	sp|Q8GYB8|OPR2_ARATH	56.452	62	84	8.16e-15	68.5
Arabidopsis_thaliana_Chr5_002429_1421670	sp|Q8GYA3|OPRL1_ARATH	52.857	70	97	1.30e-14	67.7
Arabidopsis_thaliana_Chr5_002429_1421670	sp|Q8LAH7|OPR1_ARATH	56.452	62	84	7.57e-14	66.0
Arabidopsis_thaliana_Chr5_002429_1421670	sp|B9FSC8|OPR11_ORYSJ	45.714	70	97	1.86e-12	62.1
Arabidopsis_thaliana_Chr5_002429_1421670	sp|Q69TI0|OPR5_ORYSJ	46.479	71	97	1.67e-11	59.5
Arabidopsis_thaliana_Chr3_000673_1399076	sp|Q9LRW3|SCL29_ARATH	81.000	100	96	1.26e-39	137
Arabidopsis_thaliana_Chr3_000673_1399076	sp|A1DQP9|NSP1_LOTJA	58.000	100	96	1.03e-27	106
Arabidopsis_thaliana_Chr3_000673_1399076	sp|Q4VYC8|NSP1_MEDTR	59.000	100	96	1.85e-27	105
Arabidopsis_thaliana_Chr3_000673_1399076	sp|Q84MQ9|NSP1_ORYSJ	40.777	103	96	1.67e-12	64.3
Arabidopsis_thaliana_Chr3_000673_1399076	sp|Q9SN22|SCL32_ARATH	31.034	87	84	3.15e-07	49.1
Arabidopsis_thaliana_Chr1_005140_1439504	sp|Q9LXF8|AVT1J_ARATH	47.566	267	95	5.35e-84	258
Arabidopsis_thaliana_Chr1_005140_1439504	sp|Q9LXF8|AVT1J_ARATH	49.367	79	95	3.27e-22	97.0
Arabidopsis_thaliana_Chr1_005140_1439504	sp|F4J1Q9|AVT1I_ARATH	41.946	298	96	2.14e-77	240
Arabidopsis_thaliana_Chr1_005140_1439504	sp|F4J1Q9|AVT1I_ARATH	44.304	79	96	2.57e-16	80.6
Arabidopsis_thaliana_Chr1_005140_1439504	sp|F4IUW3|AVT1C_ARATH	36.829	391	95	9.25e-66	214
Arabidopsis_thaliana_Chr1_005140_1439504	sp|Q8GYS4|AVT1D_ARATH	39.245	265	91	5.22e-62	204
Arabidopsis_thaliana_Chr1_005140_1439504	sp|Q8GYS4|AVT1D_ARATH	43.077	65	91	4.40e-12	69.1
Arabidopsis_thaliana_Chr1_005140_1439504	sp|O80668|AVT1A_ARATH	37.586	290	94	1.95e-61	202
Arabidopsis_thaliana_Chr1_005140_1439504	sp|O80668|AVT1A_ARATH	35.616	73	94	5.84e-09	59.8
Arabidopsis_thaliana_Chr3_001139_1400008	sp|Q9LRL9|CRR20_ARATH	100.000	119	99	3.61e-84	247
Arabidopsis_thaliana_Chr3_001139_1400008	sp|Q9LRM2|CRR17_ARATH	59.130	115	95	2.49e-42	140
Arabidopsis_thaliana_Chr3_001139_1400008	sp|Q9LRK8|CRR29_ARATH	57.547	106	88	4.61e-39	131
Arabidopsis_thaliana_Chr3_001139_1400008	sp|Q9SVH9|CRR40_ARATH	57.265	117	98	4.77e-39	132
Arabidopsis_thaliana_Chr3_001139_1400008	sp|P0CJ61|CRR54_ARATH	56.604	106	88	3.09e-38	129
Arabidopsis_thaliana_Chr3_000982_1399694	sp|Q9FXA2|PABP8_ARATH	55.102	98	95	2.40e-22	92.2
Arabidopsis_thaliana_Chr3_000982_1399694	sp|O22173|PABP4_ARATH	53.125	96	94	5.67e-21	88.2
Arabidopsis_thaliana_Chr3_000982_1399694	sp|P42731|PABP2_ARATH	49.485	97	95	1.24e-19	84.6
Arabidopsis_thaliana_Chr3_000982_1399694	sp|P42731|PABP2_ARATH	33.696	92	95	1.75e-06	47.2
Arabidopsis_thaliana_Chr3_000982_1399694	sp|A2A5N3|PAP1L_MOUSE	47.959	98	95	6.18e-16	73.9
Arabidopsis_thaliana_Chr3_000982_1399694	sp|A2A5N3|PAP1L_MOUSE	32.632	95	95	5.78e-08	51.4
Arabidopsis_thaliana_Chr3_000982_1399694	sp|Q6FKG4|PABP_CANGA	41.053	95	92	1.23e-14	70.2
Arabidopsis_thaliana_Chr1_000500_1430224	sp|P0CB27|FB3_ARATH	96.100	359	99	0.0	712
Arabidopsis_thaliana_Chr1_000500_1430224	sp|Q9LID1|FBK54_ARATH	53.266	398	99	1.73e-120	350
Arabidopsis_thaliana_Chr1_000500_1430224	sp|P0DI06|FBK14_ARATH	48.775	408	99	9.19e-110	324
Arabidopsis_thaliana_Chr1_000500_1430224	sp|P0DI05|FBK13_ARATH	48.775	408	99	9.19e-110	324
Arabidopsis_thaliana_Chr1_000500_1430224	sp|P0DI04|FBK12_ARATH	48.775	408	99	9.19e-110	324
Arabidopsis_thaliana_Chr2_000149_1389700	sp|P0CAY8|DF292_ARATH	100.000	71	99	1.67e-46	145
Arabidopsis_thaliana_Chr2_000149_1389700	sp|Q2V4A3|DF293_ARATH	90.141	71	99	8.93e-43	136
Arabidopsis_thaliana_Chr2_000149_1389700	sp|Q2V4A4|DF294_ARATH	56.338	71	99	2.84e-22	83.7
Arabidopsis_thaliana_Chr1_004718_1438660	sp|Q9C6G0|DEXH4_ARATH	81.538	65	90	6.72e-27	104
Arabidopsis_thaliana_Chr1_004718_1438660	sp|F4I9Q5|DEXH7_ARATH	83.077	65	90	5.11e-22	90.5
Arabidopsis_thaliana_Chr1_004718_1438660	sp|A3KMI0|DHX29_XENLA	44.776	67	93	2.02e-09	54.5
Arabidopsis_thaliana_Chr1_004718_1438660	sp|Q7Z478|DHX29_HUMAN	41.791	67	93	5.91e-09	53.1
Arabidopsis_thaliana_Chr1_004718_1438660	sp|Q6PGC1|DHX29_MOUSE	40.299	67	93	7.52e-09	52.8
Arabidopsis_thaliana_Chr3_004021_1405772	sp|Q9LTM4|C71BJ_ARATH	70.320	438	99	0.0	606
Arabidopsis_thaliana_Chr3_004021_1405772	sp|Q9LTM3|C71BK_ARATH	70.548	438	99	0.0	605
Arabidopsis_thaliana_Chr3_004021_1405772	sp|Q9LTM0|C71BN_ARATH	57.110	436	99	2.19e-176	498
Arabidopsis_thaliana_Chr3_004021_1405772	sp|O65788|C71B2_ARATH	57.339	436	99	2.44e-168	477
Arabidopsis_thaliana_Chr3_004021_1405772	sp|Q9LTL2|C71BP_ARATH	55.936	438	99	1.55e-167	475
Arabidopsis_thaliana_Chr2_003426_1396254	sp|Q9M2H9|MCC26_ARATH	29.771	131	60	8.09e-08	53.4
Arabidopsis_thaliana_Chr2_003426_1396254	sp|Q9M2J5|MCC16_ARATH	28.358	134	61	2.18e-06	49.4
Arabidopsis_thaliana_Chr2_003426_1396254	sp|Q9C870|MCC01_ARATH	26.829	123	56	3.30e-06	48.6
Arabidopsis_thaliana_Chr2_003426_1396254	sp|Q9FPT1|UBP12_ARATH	26.984	126	58	6.67e-06	48.6
Arabidopsis_thaliana_Chr2_003346_1396094	sp|Q9LXR4|FBL56_ARATH	64.452	301	99	3.80e-118	344
Arabidopsis_thaliana_Chr2_003346_1396094	sp|Q9LXR6|FB207_ARATH	48.077	260	91	7.83e-70	220
Arabidopsis_thaliana_Chr2_003346_1396094	sp|Q9FF23|FB268_ARATH	45.985	274	90	9.11e-69	217
Arabidopsis_thaliana_Chr2_003346_1396094	sp|Q8GXW6|FBL59_ARATH	44.803	279	90	1.72e-64	207
Arabidopsis_thaliana_Chr2_003346_1396094	sp|Q3E8L5|FBL85_ARATH	47.325	243	84	1.45e-61	197
Arabidopsis_thaliana_Chr1_006117_1441458	sp|Q9SS94|CD48C_ARATH	48.658	298	89	5.96e-83	262
Arabidopsis_thaliana_Chr1_006117_1441458	sp|Q9SS94|CD48C_ARATH	31.325	166	89	2.00e-14	75.6
Arabidopsis_thaliana_Chr1_006117_1441458	sp|O14325|YB7A_SCHPO	38.037	326	91	6.78e-59	198
Arabidopsis_thaliana_Chr1_006117_1441458	sp|O14325|YB7A_SCHPO	29.204	226	91	7.34e-18	85.4
Arabidopsis_thaliana_Chr1_006117_1441458	sp|Q58556|Y1156_METJA	39.726	292	91	9.74e-58	197
Arabidopsis_thaliana_Chr1_006117_1441458	sp|Q58556|Y1156_METJA	33.918	171	91	1.53e-20	93.3
Arabidopsis_thaliana_Chr1_006117_1441458	sp|Q58556|Y1156_METJA	41.176	85	91	1.47e-08	58.1
Arabidopsis_thaliana_Chr1_006117_1441458	sp|O15381|NVL_HUMAN	39.077	325	91	3.54e-56	192
Arabidopsis_thaliana_Chr1_006117_1441458	sp|O15381|NVL_HUMAN	30.000	190	91	1.09e-15	79.2
Arabidopsis_thaliana_Chr1_006117_1441458	sp|Q9DBY8|NVL_MOUSE	37.963	324	91	3.83e-55	189
Arabidopsis_thaliana_Chr1_006117_1441458	sp|Q9DBY8|NVL_MOUSE	27.511	229	91	2.81e-17	84.0
Arabidopsis_thaliana_Chr2_002928_1395258	sp|Q9SIQ3|GDL43_ARATH	97.521	121	96	5.13e-81	242
Arabidopsis_thaliana_Chr2_002928_1395258	sp|Q9SIQ2|GDL44_ARATH	100.000	121	96	4.61e-74	224
Arabidopsis_thaliana_Chr2_002928_1395258	sp|Q9C648|GDL23_ARATH	78.512	121	96	4.69e-66	203
Arabidopsis_thaliana_Chr2_002928_1395258	sp|Q9SJA9|GDL39_ARATH	78.512	121	96	1.46e-64	199
Arabidopsis_thaliana_Chr2_002928_1395258	sp|O22927|GDL42_ARATH	74.380	121	96	7.43e-60	187
Arabidopsis_thaliana_Chr1_002385_1433994	sp|Q9ZVT7|RRP4_ARATH	82.812	64	86	1.98e-32	114
Arabidopsis_thaliana_Chr3_003938_1405606	sp|Q9M337|RS211_ARATH	94.030	67	97	7.13e-41	130
Arabidopsis_thaliana_Chr3_003938_1405606	sp|Q3E902|RS212_ARATH	93.939	66	96	2.60e-40	129
Arabidopsis_thaliana_Chr3_003938_1405606	sp|Q41852|RS21_MAIZE	80.303	66	96	5.37e-33	110
Arabidopsis_thaliana_Chr3_003938_1405606	sp|P35687|RS21_ORYSJ	74.627	67	97	2.32e-32	109
Arabidopsis_thaliana_Chr3_003938_1405606	sp|Q9SMI2|RS21_CYAPA	60.000	60	86	8.74e-22	82.3
Arabidopsis_thaliana_Chr3_003498_1404726	sp|P93295|M310_ARATH	48.344	151	26	6.81e-42	147
Arabidopsis_thaliana_Chr3_003498_1404726	sp|P0C2F6|RNHX1_ARATH	24.709	344	58	1.67e-30	125
Arabidopsis_thaliana_Chr3_003498_1404726	sp|P92555|M1250_ARATH	59.420	69	12	3.46e-19	85.7
Arabidopsis_thaliana_Chr3_003498_1404726	sp|P08548|LIN1_NYCCO	24.127	315	53	1.01e-16	86.6
Arabidopsis_thaliana_Chr3_003498_1404726	sp|P11369|LORF2_MOUSE	23.975	317	54	1.18e-16	86.6
Arabidopsis_thaliana_Chr3_004050_1405830	sp|F4J339|RPP1_ARATH	73.714	175	89	2.10e-84	268
Arabidopsis_thaliana_Chr3_004050_1405830	sp|F4JWM0|DSC2_ARATH	65.068	146	74	7.69e-64	213
Arabidopsis_thaliana_Chr3_004050_1405830	sp|Q9FI14|TAO1_ARATH	60.135	148	76	2.45e-61	206
Arabidopsis_thaliana_Chr3_004050_1405830	sp|F4KHH8|RPS6C_ARATH	60.000	145	74	1.43e-58	198
Arabidopsis_thaliana_Chr3_004050_1405830	sp|P0DKH6|RPS6R_ARATH	60.000	145	74	1.54e-58	198
Arabidopsis_thaliana_Chr4_003827_1416152	sp|Q9S9V9|FBL23_ARATH	100.000	119	92	1.88e-82	248
Arabidopsis_thaliana_Chr4_003827_1416152	sp|Q9S9V9|FBL23_ARATH	73.239	71	92	4.75e-29	109
Arabidopsis_thaliana_Chr4_003827_1416152	sp|Q9M0U7|FB221_ARATH	65.517	87	67	6.49e-34	120
Arabidopsis_thaliana_Chr4_003827_1416152	sp|Q9M0U9|SKI19_ARATH	55.556	108	84	7.81e-32	114
Arabidopsis_thaliana_Chr4_003827_1416152	sp|Q9M0U8|FBL21_ARATH	62.963	81	63	1.14e-29	109
Arabidopsis_thaliana_Chr4_003827_1416152	sp|Q9M0U6|FBL22_ARATH	52.336	107	78	1.36e-26	101
Arabidopsis_thaliana_Chr3_001787_1401304	sp|P10978|POLX_TOBAC	33.003	303	98	5.03e-36	138
Arabidopsis_thaliana_Chr3_001787_1401304	sp|P04146|COPIA_DROME	31.270	307	98	5.58e-36	138
Arabidopsis_thaliana_Chr3_001787_1401304	sp|P0CV72|RL161_PLAVT	41.844	141	45	7.33e-32	116
Arabidopsis_thaliana_Chr3_001787_1401304	sp|Q94HW2|POLR1_ARATH	28.383	303	99	4.20e-29	118
Arabidopsis_thaliana_Chr3_001787_1401304	sp|Q9ZT94|POLR2_ARATH	28.814	295	96	5.54e-29	118
Arabidopsis_thaliana_Chr1_006133_1441490	sp|Q6NQN8|VLG_ARATH	27.083	144	30	3.28e-07	53.6
Arabidopsis_thaliana_Chr1_005564_1440352	sp|P10978|POLX_TOBAC	32.164	1340	91	0.0	590
Arabidopsis_thaliana_Chr1_005564_1440352	sp|Q94HW2|POLR1_ARATH	47.653	554	91	1.94e-167	525
Arabidopsis_thaliana_Chr1_005564_1440352	sp|Q94HW2|POLR1_ARATH	34.960	758	91	1.28e-132	432
Arabidopsis_thaliana_Chr1_005564_1440352	sp|Q9ZT94|POLR2_ARATH	47.027	555	91	3.41e-163	513
Arabidopsis_thaliana_Chr1_005564_1440352	sp|Q9ZT94|POLR2_ARATH	34.584	746	91	6.11e-126	414
Arabidopsis_thaliana_Chr1_005564_1440352	sp|P04146|COPIA_DROME	40.755	503	67	6.57e-112	375
Arabidopsis_thaliana_Chr1_005564_1440352	sp|P04146|COPIA_DROME	28.074	488	67	2.39e-46	185
Arabidopsis_thaliana_Chr1_005564_1440352	sp|P92519|M810_ARATH	62.996	227	16	1.18e-91	294
Arabidopsis_thaliana_Chr2_002713_1394828	sp|Q9S7T8|SPZX_ARATH	50.000	264	74	2.63e-82	252
Arabidopsis_thaliana_Chr2_002713_1394828	sp|Q9SH52|SPZ1_ARATH	49.194	248	74	5.71e-71	222
Arabidopsis_thaliana_Chr2_002713_1394828	sp|Q9M1T7|SPZ4_ARATH	44.981	269	74	1.02e-69	219
Arabidopsis_thaliana_Chr2_002713_1394828	sp|Q9SIR9|SPZ10_ARATH	46.038	265	74	2.61e-69	218
Arabidopsis_thaliana_Chr2_002713_1394828	sp|O04582|SPZ5_ARATH	46.122	245	74	4.50e-68	216
Arabidopsis_thaliana_Chr1_005363_1439950	sp|Q9XEC1|Y4443_ARATH	58.909	275	72	1.11e-104	310
Arabidopsis_thaliana_Chr3_001028_1399786	sp|Q9LJY7|C75AK_ARATH	69.718	142	84	5.53e-54	176
Arabidopsis_thaliana_Chr3_001028_1399786	sp|Q9FI39|THAD_ARATH	59.091	132	80	5.42e-39	137
Arabidopsis_thaliana_Chr3_001028_1399786	sp|Q9LJY5|C05AK_ARATH	59.091	132	80	1.96e-37	133
Arabidopsis_thaliana_Chr3_001028_1399786	sp|Q0WQ07|C7051_ARATH	48.276	145	86	2.07e-31	117
Arabidopsis_thaliana_Chr3_001028_1399786	sp|Q9FH67|C705C_ARATH	45.865	133	81	3.30e-19	84.3
Arabidopsis_thaliana_Chr1_000140_1429504	sp|P0DKG4|MCC07_ARATH	45.802	131	87	1.23e-31	119
Arabidopsis_thaliana_Chr1_000140_1429504	sp|P0DKG4|MCC07_ARATH	51.111	90	87	2.70e-21	92.2
Arabidopsis_thaliana_Chr1_000140_1429504	sp|P0DKG5|MCC08_ARATH	33.838	198	89	3.48e-25	100
Arabidopsis_thaliana_Chr1_000140_1429504	sp|P0DKG5|MCC08_ARATH	46.914	81	89	1.45e-14	72.5
Arabidopsis_thaliana_Chr1_000140_1429504	sp|F4IN32|MCC06_ARATH	41.353	133	88	7.37e-23	94.7
Arabidopsis_thaliana_Chr1_000140_1429504	sp|F4IN32|MCC06_ARATH	48.315	89	88	2.23e-19	85.4
Arabidopsis_thaliana_Chr1_000140_1429504	sp|Q9M2J1|MCC19_ARATH	36.957	138	83	4.69e-22	92.5
Arabidopsis_thaliana_Chr1_000140_1429504	sp|Q9M2J1|MCC19_ARATH	42.105	76	83	4.23e-10	60.4
Arabidopsis_thaliana_Chr1_000140_1429504	sp|Q9M2H6|MCC28_ARATH	34.014	147	78	3.14e-21	90.2
Arabidopsis_thaliana_Chr1_000140_1429504	sp|Q9M2H6|MCC28_ARATH	39.623	53	78	1.30e-07	53.4
Arabidopsis_thaliana_Chr3_001151_1400032	sp|Q9LRK9|CRR28_ARATH	94.553	257	99	9.20e-180	495
Arabidopsis_thaliana_Chr3_001151_1400032	sp|Q9LRK8|CRR29_ARATH	70.817	257	99	4.02e-133	376
Arabidopsis_thaliana_Chr3_001151_1400032	sp|Q9SVI0|CRR41_ARATH	69.261	257	99	2.60e-129	366
Arabidopsis_thaliana_Chr3_001151_1400032	sp|P0CJ61|CRR54_ARATH	69.261	257	99	3.21e-129	366
Arabidopsis_thaliana_Chr3_001151_1400032	sp|P0CJ60|CRR53_ARATH	69.261	257	99	3.21e-129	366
Arabidopsis_thaliana_Chr2_000719_1390840	sp|Q9SJZ5|RAA4E_ARATH	100.000	116	99	4.98e-83	242
Arabidopsis_thaliana_Chr2_000719_1390840	sp|Q9SMQ6|RAA4B_ARATH	86.316	95	81	3.48e-58	179
Arabidopsis_thaliana_Chr2_000719_1390840	sp|Q9FJN8|RAA4A_ARATH	76.289	97	83	4.67e-52	164
Arabidopsis_thaliana_Chr2_000719_1390840	sp|Q40522|RB11D_TOBAC	76.842	95	81	1.03e-51	163
Arabidopsis_thaliana_Chr2_000719_1390840	sp|Q40191|RB11A_LOTJA	78.947	95	81	1.43e-50	160
Arabidopsis_thaliana_Chr1_001865_1432954	sp|Q9C8Y8|FDL7_ARATH	77.273	88	73	3.52e-40	138
Arabidopsis_thaliana_Chr1_001865_1432954	sp|Q9C8Y7|FDL8_ARATH	65.909	88	73	9.88e-33	119
Arabidopsis_thaliana_Chr1_001865_1432954	sp|Q9C8Y5|FBD6_ARATH	64.835	91	75	4.38e-32	117
Arabidopsis_thaliana_Chr1_001865_1432954	sp|Q9C8Y6|FBD5_ARATH	60.000	95	82	3.59e-30	112
Arabidopsis_thaliana_Chr1_001865_1432954	sp|Q9FWZ1|FBL13_ARATH	58.242	91	78	3.37e-26	101
Arabidopsis_thaliana_Chr4_001088_1410674	sp|Q9M0Y8|NSF_ARATH	60.714	56	95	2.54e-13	66.6
Arabidopsis_thaliana_Chr4_001088_1410674	sp|Q9M0Y8|NSF_ARATH	52.273	44	95	1.01e-09	56.4
Arabidopsis_thaliana_Chr3_004653_1407036	sp|Q9LHN6|FB141_ARATH	100.000	337	99	0.0	698
Arabidopsis_thaliana_Chr3_004653_1407036	sp|Q9LHN6|FB141_ARATH	100.000	204	99	1.42e-149	430
Arabidopsis_thaliana_Chr3_004653_1407036	sp|Q9LID1|FBK54_ARATH	55.249	362	98	3.53e-121	358
Arabidopsis_thaliana_Chr3_004653_1407036	sp|Q9LID1|FBK54_ARATH	58.252	206	98	2.23e-66	217
Arabidopsis_thaliana_Chr3_004653_1407036	sp|Q9FVQ9|FB29_ARATH	41.667	588	98	4.99e-118	355
Arabidopsis_thaliana_Chr3_004653_1407036	sp|P0CB27|FB3_ARATH	52.464	345	95	3.17e-99	300
Arabidopsis_thaliana_Chr3_004653_1407036	sp|P0CB27|FB3_ARATH	50.495	202	95	2.91e-45	160
Arabidopsis_thaliana_Chr3_004653_1407036	sp|Q9M0M7|FB234_ARATH	50.404	371	96	2.39e-98	299
Arabidopsis_thaliana_Chr3_004653_1407036	sp|Q9M0M7|FB234_ARATH	49.010	202	96	1.63e-43	156
Arabidopsis_thaliana_Chr2_000365_1390132	sp|Q9T074|PCKA1_ARATH	63.107	103	96	1.06e-28	111
Arabidopsis_thaliana_Chr2_000365_1390132	sp|Q9T074|PCKA1_ARATH	82.609	46	96	4.93e-21	89.9
Arabidopsis_thaliana_Chr2_000365_1390132	sp|P42066|PCKA_CUCSA	63.333	90	96	1.36e-26	105
Arabidopsis_thaliana_Chr2_000365_1390132	sp|P42066|PCKA_CUCSA	73.913	46	96	2.76e-19	84.9
Arabidopsis_thaliana_Chr2_000365_1390132	sp|B5X574|PCKA2_ARATH	55.660	106	98	2.65e-25	101
Arabidopsis_thaliana_Chr2_000365_1390132	sp|B5X574|PCKA2_ARATH	71.739	46	98	3.52e-19	84.6
Arabidopsis_thaliana_Chr2_000365_1390132	sp|Q9SLZ0|PCKA_MAIZE	59.551	89	95	2.04e-24	99.5
Arabidopsis_thaliana_Chr2_000365_1390132	sp|Q9SLZ0|PCKA_MAIZE	67.391	46	95	3.44e-17	79.0
Arabidopsis_thaliana_Chr2_000365_1390132	sp|Q9XFA2|PCKA2_UROPA	54.023	87	94	5.34e-20	86.8
Arabidopsis_thaliana_Chr2_000365_1390132	sp|Q9XFA2|PCKA2_UROPA	69.565	46	94	6.63e-18	80.9
Arabidopsis_thaliana_Chr4_003138_1414774	sp|O81862|CHIC_ARATH	46.575	73	89	1.96e-08	51.9
Arabidopsis_thaliana_Chr5_001951_1420714	sp|E1B328|WR52N_ARATH	95.000	40	95	2.41e-16	73.0
Arabidopsis_thaliana_Chr5_001951_1420714	sp|C4B7M6|WR52R_ARATH	100.000	35	83	6.54e-15	68.8
Arabidopsis_thaliana_Chr5_001951_1420714	sp|C4B7M5|WR52W_ARATH	100.000	34	81	4.10e-14	66.6
Arabidopsis_thaliana_Chr1_005684_1440592	sp|Q94F40|GDL9_ARATH	53.846	104	87	8.11e-32	117
Arabidopsis_thaliana_Chr1_005684_1440592	sp|Q94F40|GDL9_ARATH	59.184	49	87	1.13e-15	74.5
Arabidopsis_thaliana_Chr1_005684_1440592	sp|Q9FXJ2|GDL7_ARATH	53.398	103	87	1.45e-31	116
Arabidopsis_thaliana_Chr1_005684_1440592	sp|Q9FXJ2|GDL7_ARATH	54.167	48	87	3.08e-12	65.2
Arabidopsis_thaliana_Chr1_005684_1440592	sp|Q9FXJ1|GDL6_ARATH	56.311	103	87	2.06e-31	116
Arabidopsis_thaliana_Chr1_005684_1440592	sp|Q9FXJ1|GDL6_ARATH	47.917	48	87	3.26e-09	56.7
Arabidopsis_thaliana_Chr1_005684_1440592	sp|Q8RXT9|GDL8_ARATH	52.885	104	87	2.43e-31	116
Arabidopsis_thaliana_Chr1_005684_1440592	sp|Q8RXT9|GDL8_ARATH	54.167	48	87	6.48e-12	64.3
Arabidopsis_thaliana_Chr1_005684_1440592	sp|Q9C857|GDL16_ARATH	53.846	104	87	1.34e-30	114
Arabidopsis_thaliana_Chr1_005684_1440592	sp|Q9C857|GDL16_ARATH	50.000	48	87	7.01e-11	61.2
Arabidopsis_thaliana_Chr1_001253_1431730	sp|Q9LVS9|FB340_ARATH	54.237	354	99	2.16e-113	332
Arabidopsis_thaliana_Chr1_001253_1431730	sp|Q9LSV6|FB186_ARATH	49.143	350	99	1.35e-91	275
Arabidopsis_thaliana_Chr1_001253_1431730	sp|Q9SN20|FB200_ARATH	42.265	362	98	2.45e-71	223
Arabidopsis_thaliana_Chr1_001253_1431730	sp|O04591|FBK26_ARATH	42.577	357	95	3.32e-71	223
Arabidopsis_thaliana_Chr1_001253_1431730	sp|Q9ZV78|FB100_ARATH	42.179	358	98	1.67e-69	219
Arabidopsis_thaliana_Chr1_001787_1432798	sp|Q6AVI0|RSLE2_ORYSJ	30.178	676	92	1.27e-98	311
Arabidopsis_thaliana_Chr1_001787_1432798	sp|B9FJG3|RSLE1_ORYSJ	29.955	671	91	4.68e-94	299
Arabidopsis_thaliana_Chr1_001787_1432798	sp|Q75HY5|RSLE3_ORYSJ	29.612	645	88	3.00e-88	285
Arabidopsis_thaliana_Chr1_001787_1432798	sp|P08770|TRA1_MAIZE	32.195	615	86	3.10e-87	283
Arabidopsis_thaliana_Chr1_001787_1432798	sp|Q9M2N5|DSLE_ARATH	27.761	670	93	9.63e-86	277
Arabidopsis_thaliana_Chr5_005157_1427126	sp|Q9SY20|FB20_ARATH	31.081	222	95	6.15e-21	89.6
Arabidopsis_thaliana_Chr5_005157_1427126	sp|Q9C627|FB36_ARATH	33.503	197	92	2.76e-15	73.9
Arabidopsis_thaliana_Chr5_005157_1427126	sp|Q9FGS3|FB287_ARATH	31.818	198	90	3.67e-14	70.8
Arabidopsis_thaliana_Chr5_005157_1427126	sp|Q9FIT3|FB297_ARATH	37.113	97	47	2.30e-11	62.6
Arabidopsis_thaliana_Chr5_005157_1427126	sp|Q3ECH0|FB75_ARATH	26.554	177	79	2.52e-10	60.7
Arabidopsis_thaliana_Chr5_004955_1426722	sp|O00370|LORF2_HUMAN	24.713	522	66	9.26e-47	179
Arabidopsis_thaliana_Chr5_004955_1426722	sp|P14381|YTX2_XENLA	25.265	756	95	2.58e-46	178
Arabidopsis_thaliana_Chr5_004955_1426722	sp|P08548|LIN1_NYCCO	23.224	732	92	3.49e-43	169
Arabidopsis_thaliana_Chr5_004955_1426722	sp|P11369|LORF2_MOUSE	26.150	413	52	4.74e-37	150
Arabidopsis_thaliana_Chr5_004955_1426722	sp|P16423|POLR_DROME	26.698	427	53	2.16e-21	102
Arabidopsis_thaliana_Chr4_001068_1410634	sp|P0C2F6|RNHX1_ARATH	32.867	143	68	6.12e-12	65.7
Arabidopsis_thaliana_Chr5_005391_1427594	sp|P93295|M310_ARATH	45.395	152	21	7.26e-42	149
Arabidopsis_thaliana_Chr5_005391_1427594	sp|P0C2F6|RNHX1_ARATH	25.323	620	80	1.51e-37	147
Arabidopsis_thaliana_Chr5_005391_1427594	sp|P08548|LIN1_NYCCO	24.370	238	32	4.09e-08	60.4
Arabidopsis_thaliana_Chr5_005391_1427594	sp|P92555|M1250_ARATH	51.064	47	6	1.69e-07	53.1
Arabidopsis_thaliana_Chr5_005391_1427594	sp|O00370|LORF2_HUMAN	23.729	236	32	8.97e-07	56.2
Arabidopsis_thaliana_Chr5_001462_1419736	sp|Q9XEC1|Y4443_ARATH	66.667	306	99	8.15e-125	363
Arabidopsis_thaliana_Chr5_001462_1419736	sp|Q9XEC1|Y4443_ARATH	59.365	315	99	1.13e-78	244
Arabidopsis_thaliana_Chr2_003986_1397374	sp|Q8W246|ZIP7_ARATH	71.324	136	99	1.66e-60	189
Arabidopsis_thaliana_Chr2_003986_1397374	sp|Q75HB1|IRT1_ORYSJ	52.593	135	99	3.76e-39	134
Arabidopsis_thaliana_Chr2_003986_1397374	sp|Q38856|IRT1_ARATH	51.471	136	99	1.37e-38	132
Arabidopsis_thaliana_Chr2_003986_1397374	sp|Q6L8G1|IRT2_ORYSJ	51.852	135	99	1.46e-38	133
Arabidopsis_thaliana_Chr2_003986_1397374	sp|Q8W245|ZIP10_ARATH	50.735	136	99	1.72e-35	125
Arabidopsis_thaliana_Chr1_004638_1438500	sp|P51823|ARF2_ORYSJ	92.958	71	99	3.26e-45	145
Arabidopsis_thaliana_Chr1_004638_1438500	sp|P51823|ARF2_ORYSJ	95.918	49	99	1.07e-25	96.1
Arabidopsis_thaliana_Chr1_004638_1438500	sp|Q06396|ARF1_ORYSJ	91.549	71	99	1.68e-44	144
Arabidopsis_thaliana_Chr1_004638_1438500	sp|Q06396|ARF1_ORYSJ	95.918	49	99	1.10e-25	96.1
Arabidopsis_thaliana_Chr1_004638_1438500	sp|P36397|ARF1_ARATH	91.549	71	99	2.02e-44	143
Arabidopsis_thaliana_Chr1_004638_1438500	sp|P36397|ARF1_ARATH	97.959	49	99	3.74e-26	97.2
Arabidopsis_thaliana_Chr1_004638_1438500	sp|P0DH91|ARF2B_ARATH	91.549	71	99	3.12e-44	143
Arabidopsis_thaliana_Chr1_004638_1438500	sp|P0DH91|ARF2B_ARATH	100.000	49	99	1.02e-26	98.6
Arabidopsis_thaliana_Chr1_004638_1438500	sp|Q9LQC8|ARF2A_ARATH	91.549	71	99	3.12e-44	143
Arabidopsis_thaliana_Chr1_004638_1438500	sp|Q9LQC8|ARF2A_ARATH	100.000	49	99	1.02e-26	98.6
Arabidopsis_thaliana_Chr2_000785_1390972	sp|Q9M237|Y3353_ARATH	34.218	377	51	1.40e-46	172
Arabidopsis_thaliana_Chr3_000842_1399414	sp|P27483|GRP1_ARATH	100.000	349	99	2.20e-137	392
Arabidopsis_thaliana_Chr1_004657_1438538	sp|O80741|FB351_ARATH	100.000	292	90	0.0	599
Arabidopsis_thaliana_Chr1_004657_1438538	sp|Q9LV26|FBL45_ARATH	55.028	358	98	3.00e-114	335
Arabidopsis_thaliana_Chr1_004657_1438538	sp|Q84W80|FBL42_ARATH	51.325	302	89	6.43e-78	243
Arabidopsis_thaliana_Chr1_004657_1438538	sp|Q9LYZ2|FBL80_ARATH	47.195	303	88	9.44e-70	221
Arabidopsis_thaliana_Chr1_004657_1438538	sp|Q9FX89|FB50_ARATH	52.453	265	70	5.38e-69	217
Arabidopsis_thaliana_Chr4_003947_1416392	sp|Q944Z9|AOP2L_ARATH	95.149	268	99	3.36e-174	486
Arabidopsis_thaliana_Chr4_003947_1416392	sp|Q945B5|AOP2V_ARATH	95.149	268	99	4.17e-174	486
Arabidopsis_thaliana_Chr4_003947_1416392	sp|Q9ZTA2|AOP2C_ARATH	99.571	233	90	9.79e-162	453
Arabidopsis_thaliana_Chr4_003947_1416392	sp|Q9ZTA1|AOP3C_ARATH	57.358	265	99	1.07e-85	259
Arabidopsis_thaliana_Chr4_003947_1416392	sp|Q945B4|AOP3L_ARATH	56.981	265	99	3.68e-85	258
Arabidopsis_thaliana_Chr5_004843_1426498	sp|Q9S793|FRS8_ARATH	19.780	182	25	2.13e-06	54.5
Arabidopsis_thaliana_Chr5_000065_1416942	sp|Q42551|SCE1_ARATH	70.175	57	43	1.14e-19	79.2
Arabidopsis_thaliana_Chr5_000065_1416942	sp|Q6Y1Z4|UBC9_PAGMA	52.632	57	43	8.52e-11	56.4
Arabidopsis_thaliana_Chr5_000065_1416942	sp|P40984|UBC9_SCHPO	54.545	55	41	2.48e-10	55.3
Arabidopsis_thaliana_Chr5_000065_1416942	sp|Q9W6H5|UBC9A_DANRE	50.877	57	43	3.60e-10	54.8
Arabidopsis_thaliana_Chr5_000065_1416942	sp|Q28CQ4|UBC9_XENTR	50.877	57	43	3.75e-10	54.8
Arabidopsis_thaliana_Chr2_001543_1392488	sp|Q94HW2|POLR1_ARATH	55.789	190	87	5.02e-74	243
Arabidopsis_thaliana_Chr2_001543_1392488	sp|Q9ZT94|POLR2_ARATH	49.738	191	88	4.20e-59	201
Arabidopsis_thaliana_Chr3_001726_1401182	sp|F4J4A1|MCC14_ARATH	73.196	194	97	2.86e-94	277
Arabidopsis_thaliana_Chr3_001726_1401182	sp|F4J4A0|MCC13_ARATH	74.211	190	97	1.17e-84	252
Arabidopsis_thaliana_Chr3_001726_1401182	sp|Q9M2H5|MCC29_ARATH	50.265	189	93	3.52e-57	182
Arabidopsis_thaliana_Chr3_001726_1401182	sp|Q9M2J5|MCC16_ARATH	52.406	187	90	1.95e-52	170
Arabidopsis_thaliana_Chr3_001726_1401182	sp|Q9M2I2|MCC23_ARATH	49.239	197	93	3.42e-52	169
Arabidopsis_thaliana_Chr1_001758_1432740	sp|Q65XV7|RFA1C_ORYSJ	25.342	438	71	1.24e-20	98.4
Arabidopsis_thaliana_Chr1_001758_1432740	sp|Q9SD82|RFA1B_ARATH	24.742	388	64	7.86e-20	95.0
Arabidopsis_thaliana_Chr1_001758_1432740	sp|Q10Q08|RFA1B_ORYSJ	24.439	401	66	3.32e-18	90.2
Arabidopsis_thaliana_Chr1_001758_1432740	sp|Q9FME0|RFA1D_ARATH	24.031	387	64	1.24e-16	85.4
Arabidopsis_thaliana_Chr1_001758_1432740	sp|Q9SKI4|RFA1A_ARATH	23.590	390	64	4.79e-14	77.5
Arabidopsis_thaliana_Chr5_004719_1426250	sp|Q15428|SF3A2_HUMAN	60.000	85	72	8.72e-31	114
Arabidopsis_thaliana_Chr5_004719_1426250	sp|A5PJN8|SF3A2_BOVIN	60.000	85	72	1.31e-30	113
Arabidopsis_thaliana_Chr5_004719_1426250	sp|Q6AXT8|SF3A2_RAT	58.824	85	72	1.56e-30	113
Arabidopsis_thaliana_Chr5_004719_1426250	sp|Q54B65|SF3A2_DICDI	59.524	84	68	9.25e-30	107
Arabidopsis_thaliana_Chr5_004719_1426250	sp|Q62203|SF3A2_MOUSE	55.952	84	72	7.23e-25	98.6
Arabidopsis_thaliana_Chr5_004087_1424986	sp|Q96321|IMPA1_ARATH	70.455	88	82	4.63e-35	125
Arabidopsis_thaliana_Chr5_004087_1424986	sp|O22478|IMA_SOLLC	61.224	98	90	8.59e-32	117
Arabidopsis_thaliana_Chr5_004087_1424986	sp|O80480|IMPA4_ARATH	60.227	88	82	5.66e-29	109
Arabidopsis_thaliana_Chr5_004087_1424986	sp|F4JL11|IMPA2_ARATH	67.021	94	88	9.56e-29	109
Arabidopsis_thaliana_Chr5_004087_1424986	sp|Q9SLX0|IMA1B_ORYSJ	63.736	91	86	8.28e-28	106
Arabidopsis_thaliana_Chr3_000157_1398044	sp|F4J339|RPP1_ARATH	52.839	1092	99	0.0	1044
Arabidopsis_thaliana_Chr3_000157_1398044	sp|Q9FI14|TAO1_ARATH	48.367	1102	97	0.0	910
Arabidopsis_thaliana_Chr3_000157_1398044	sp|F4JWM0|DSC2_ARATH	43.164	1163	99	0.0	778
Arabidopsis_thaliana_Chr3_000157_1398044	sp|F4KHH8|RPS6C_ARATH	40.637	1004	89	0.0	636
Arabidopsis_thaliana_Chr3_000157_1398044	sp|P0DKH6|RPS6R_ARATH	40.637	1004	89	0.0	634
Arabidopsis_thaliana_Chr2_003056_1395514	sp|Q9ZW04|TRNH4_ARATH	97.973	148	99	1.88e-104	300
Arabidopsis_thaliana_Chr2_003056_1395514	sp|Q9ZW13|TRNH6_ARATH	80.137	146	98	2.08e-86	253
Arabidopsis_thaliana_Chr2_003056_1395514	sp|Q9ZW18|SAG13_ARATH	82.313	147	99	2.21e-86	254
Arabidopsis_thaliana_Chr2_003056_1395514	sp|Q9ZW19|TRNHC_ARATH	79.592	147	99	1.19e-85	252
Arabidopsis_thaliana_Chr2_003056_1395514	sp|Q9ZW03|TRNH3_ARATH	79.452	146	98	1.95e-83	246
Arabidopsis_thaliana_Chr2_003336_1396074	sp|P42733|RS113_ARATH	64.815	162	99	1.39e-63	192
Arabidopsis_thaliana_Chr2_003336_1396074	sp|P16181|RS111_ARATH	65.031	163	99	4.34e-63	191
Arabidopsis_thaliana_Chr2_003336_1396074	sp|O65569|RS112_ARATH	63.580	162	99	2.20e-62	189
Arabidopsis_thaliana_Chr2_003336_1396074	sp|P17093|RS11_SOYBN	62.346	162	99	3.83e-60	183
Arabidopsis_thaliana_Chr2_003336_1396074	sp|Q9M5M1|RS11_EUPES	62.346	162	99	1.47e-59	182
Arabidopsis_thaliana_Chr3_001097_1399924	sp|P10978|POLX_TOBAC	24.839	310	53	5.88e-08	59.0
Arabidopsis_thaliana_Chr5_003096_1423004	sp|P0DN97|PCEP8_ARATH	100.000	87	99	4.57e-50	155
Arabidopsis_thaliana_Chr5_003096_1423004	sp|P0DN96|PCEP7_ARATH	53.125	32	36	1.32e-07	46.6
Arabidopsis_thaliana_Chr5_003096_1423004	sp|Q8L8Y3|PCEP1_ARATH	37.975	79	86	1.03e-06	44.6
Arabidopsis_thaliana_Chr1_001657_1432538	sp|Q9ZS96|Y4478_ARATH	98.125	160	99	6.80e-98	280
Arabidopsis_thaliana_Chr1_001657_1432538	sp|Q9LP10|Y1920_ARATH	33.621	116	69	1.98e-06	46.9
Arabidopsis_thaliana_Chr4_002536_1413570	sp|O49570|SWAP1_ARATH	94.253	87	99	9.67e-38	135
Arabidopsis_thaliana_Chr4_002536_1413570	sp|O49570|SWAP1_ARATH	79.167	48	99	1.84e-16	76.4
Arabidopsis_thaliana_Chr5_004568_1425948	sp|P49227|RL52_ARATH	93.023	86	97	2.01e-49	158
Arabidopsis_thaliana_Chr5_004568_1425948	sp|Q8LBI1|RL51_ARATH	88.372	86	97	7.55e-47	151
Arabidopsis_thaliana_Chr5_004568_1425948	sp|P93779|RL5_SOLME	63.218	87	98	3.07e-32	110
Arabidopsis_thaliana_Chr5_004568_1425948	sp|Q6UNT2|RL5_CUCSA	63.529	85	96	1.34e-31	112
Arabidopsis_thaliana_Chr5_004568_1425948	sp|Q8L4L4|RL52_ORYSJ	55.814	86	97	1.96e-28	104
Arabidopsis_thaliana_Chr5_000858_1418528	sp|Q94K05|TCPQ_ARATH	78.182	55	61	1.19e-22	92.2
Arabidopsis_thaliana_Chr5_000858_1418528	sp|Q552J0|TCPQ_DICDI	58.140	43	48	7.56e-11	59.3
Arabidopsis_thaliana_Chr5_000858_1418528	sp|Q3ZCI9|TCPQ_BOVIN	55.814	43	48	1.17e-10	58.7
Arabidopsis_thaliana_Chr5_000858_1418528	sp|Q5RAP1|TCPQ_PONAB	53.191	47	52	1.24e-10	58.4
Arabidopsis_thaliana_Chr5_000858_1418528	sp|P50990|TCPQ_HUMAN	53.191	47	52	1.24e-10	58.4
Arabidopsis_thaliana_Chr2_003985_1397372	sp|Q8W246|ZIP7_ARATH	80.405	148	85	2.06e-78	237
Arabidopsis_thaliana_Chr2_003985_1397372	sp|Q75HB1|IRT1_ORYSJ	54.717	106	62	1.28e-37	132
Arabidopsis_thaliana_Chr2_003985_1397372	sp|Q38856|IRT1_ARATH	51.095	137	80	2.76e-37	130
Arabidopsis_thaliana_Chr2_003985_1397372	sp|Q6L8G1|IRT2_ORYSJ	51.351	111	65	2.93e-37	131
Arabidopsis_thaliana_Chr2_003985_1397372	sp|Q8S3W4|ZIP8_ARATH	51.128	133	77	2.49e-35	125
Arabidopsis_thaliana_ChrM_000003_1416754	sp|P93305|M500_ARATH	100.000	23	18	8.89e-10	54.5
Arabidopsis_thaliana_Chr2_000305_1390012	sp|Q9LP10|Y1920_ARATH	39.726	146	87	4.60e-20	82.0
Arabidopsis_thaliana_Chr2_000305_1390012	sp|Q9ZS96|Y4478_ARATH	28.421	95	58	3.30e-08	51.4
Arabidopsis_thaliana_Chr1_005640_1440504	sp|Q9ASQ6|Y1972_ARATH	67.550	453	98	0.0	581
Arabidopsis_thaliana_Chr1_005640_1440504	sp|C0LGE0|Y1765_ARATH	42.766	470	98	2.04e-101	319
Arabidopsis_thaliana_Chr1_005640_1440504	sp|C0LGG8|Y5343_ARATH	42.704	466	99	1.76e-99	314
Arabidopsis_thaliana_Chr1_005640_1440504	sp|Q9FXF2|RKF1_ARATH	40.789	456	98	3.36e-97	308
Arabidopsis_thaliana_Chr1_005640_1440504	sp|C0LGG9|Y5344_ARATH	41.720	465	99	9.29e-96	304
Arabidopsis_thaliana_Chr3_002538_1402806	sp|Q9SRL3|TBL32_ARATH	72.689	238	95	1.79e-114	333
Arabidopsis_thaliana_Chr3_002538_1402806	sp|Q93ZA5|TBL46_ARATH	100.000	139	62	7.63e-103	295
Arabidopsis_thaliana_Chr3_002538_1402806	sp|F4IH21|TBL33_ARATH	52.941	238	95	1.28e-77	238
Arabidopsis_thaliana_Chr3_002538_1402806	sp|Q84TW8|XOATA_ORYSJ	47.479	238	95	4.65e-68	213
Arabidopsis_thaliana_Chr3_002538_1402806	sp|Q5W6Y3|XOAT9_ORYSJ	42.276	246	95	2.00e-52	173
Arabidopsis_thaliana_Chr4_003135_1414768	sp|Q94HW2|POLR1_ARATH	39.590	293	91	3.90e-69	233
Arabidopsis_thaliana_Chr4_003135_1414768	sp|Q9ZT94|POLR2_ARATH	38.567	293	91	2.93e-65	222
Arabidopsis_thaliana_Chr4_003135_1414768	sp|P92519|M810_ARATH	39.726	219	68	1.18e-53	174
Arabidopsis_thaliana_Chr4_003135_1414768	sp|P10978|POLX_TOBAC	33.779	299	90	9.33e-46	167
Arabidopsis_thaliana_Chr4_003135_1414768	sp|P04146|COPIA_DROME	32.119	302	92	5.93e-42	156
Arabidopsis_thaliana_Chr1_005210_1439644	sp|Q56XW8|FBL30_ARATH	50.617	324	99	3.32e-80	248
Arabidopsis_thaliana_Chr1_005210_1439644	sp|P0C2F8|FB71_ARATH	43.252	326	97	7.33e-64	205
Arabidopsis_thaliana_Chr1_005210_1439644	sp|Q9LM64|FB16_ARATH	40.426	329	97	1.76e-54	181
Arabidopsis_thaliana_Chr1_005210_1439644	sp|Q9SZ44|FB309_ARATH	48.663	187	85	8.58e-46	158
Arabidopsis_thaliana_Chr1_005210_1439644	sp|Q9SZ44|FB309_ARATH	41.053	95	85	4.27e-07	53.4
Arabidopsis_thaliana_Chr1_005210_1439644	sp|Q84RK6|FBL36_ARATH	47.283	184	52	4.54e-40	143
Arabidopsis_thaliana_Chr5_005167_1427146	sp|Q9FNJ4|FDL32_ARATH	50.802	187	90	6.50e-52	171
Arabidopsis_thaliana_Chr5_005167_1427146	sp|Q9FNJ5|FDL31_ARATH	46.939	196	95	3.66e-47	159
Arabidopsis_thaliana_Chr5_005167_1427146	sp|Q9FWZ1|FBL13_ARATH	38.624	189	89	1.62e-30	116
Arabidopsis_thaliana_Chr5_005167_1427146	sp|Q4PSI6|FBD13_ARATH	39.286	196	92	2.01e-29	113
Arabidopsis_thaliana_Chr5_005167_1427146	sp|Q9ZV93|FDL10_ARATH	39.521	167	81	6.84e-29	111
Arabidopsis_thaliana_Chr3_001141_1400012	sp|Q9LRL8|CRR21_ARATH	97.380	229	89	1.64e-168	466
Arabidopsis_thaliana_Chr3_001141_1400012	sp|Q9LRL7|CRR22_ARATH	66.239	234	84	3.04e-109	316
Arabidopsis_thaliana_Chr3_001141_1400012	sp|Q9LRL4|CRR24_ARATH	60.889	225	86	6.70e-102	296
Arabidopsis_thaliana_Chr3_001141_1400012	sp|Q9LRL2|CRR25_ARATH	60.000	225	86	3.31e-95	279
Arabidopsis_thaliana_Chr3_001141_1400012	sp|Q9LRL6|CRR23_ARATH	57.551	245	93	8.65e-93	273
Arabidopsis_thaliana_Chr1_005721_1440666	sp|Q9C7F1|PPR61_ARATH	100.000	67	95	1.89e-39	139
Arabidopsis_thaliana_Chr1_005721_1440666	sp|Q9C7F1|PPR61_ARATH	36.424	151	95	8.63e-17	77.5
Arabidopsis_thaliana_Chr1_005721_1440666	sp|Q9SKU6|PP166_ARATH	31.333	150	95	4.10e-12	64.0
Arabidopsis_thaliana_Chr1_005721_1440666	sp|Q9C545|PPR72_ARATH	44.776	67	50	1.07e-09	56.2
Arabidopsis_thaliana_Chr4_004003_1416504	sp|Q9FHE1|GSTT3_ARATH	47.442	215	66	2.31e-55	186
Arabidopsis_thaliana_Chr4_004003_1416504	sp|Q8L727|GSTT2_ARATH	45.581	215	66	5.43e-51	174
Arabidopsis_thaliana_Chr4_003889_1416276	sp|Q9M237|Y3353_ARATH	31.165	369	49	5.54e-40	154
Arabidopsis_thaliana_Chr3_000853_1399436	sp|Q9C7Z1|G2OX4_ARATH	70.946	296	56	5.39e-150	431
Arabidopsis_thaliana_Chr3_000853_1399436	sp|Q9C7Z1|G2OX4_ARATH	80.488	41	56	6.39e-12	69.1
Arabidopsis_thaliana_Chr3_000853_1399436	sp|Q9XHM5|G2OX2_PEA	51.839	299	48	5.88e-96	293
Arabidopsis_thaliana_Chr3_000853_1399436	sp|Q9FZ21|G2OX6_ARATH	50.168	297	48	1.03e-90	279
Arabidopsis_thaliana_Chr3_000853_1399436	sp|Q9SQ80|G2OX1_PEA	49.481	289	47	3.76e-88	273
Arabidopsis_thaliana_Chr3_000853_1399436	sp|Q9XFR9|G2OX2_ARATH	47.619	294	48	3.25e-85	266
Arabidopsis_thaliana_Chr3_003847_1405424	sp|Q9LSA5|FBK62_ARATH	47.222	360	97	1.09e-95	287
Arabidopsis_thaliana_Chr3_003847_1405424	sp|Q9FVS1|FBK23_ARATH	33.242	364	97	2.73e-50	169
Arabidopsis_thaliana_Chr3_003847_1405424	sp|Q9LXZ3|FB204_ARATH	38.384	297	81	1.12e-47	163
Arabidopsis_thaliana_Chr3_003847_1405424	sp|Q9XIA2|FB49_ARATH	36.271	295	78	1.49e-40	147
Arabidopsis_thaliana_Chr3_003847_1405424	sp|Q1G391|FB217_ARATH	30.671	313	84	4.59e-27	109
Arabidopsis_thaliana_Chr4_000355_1409208	sp|Q9M237|Y3353_ARATH	31.772	491	69	1.43e-48	177
Arabidopsis_thaliana_Chr1_001187_1431598	sp|Q9LW32|PP258_ARATH	33.700	273	97	4.11e-50	172
Arabidopsis_thaliana_Chr1_001187_1431598	sp|Q9LW32|PP258_ARATH	25.128	195	97	1.16e-12	69.7
Arabidopsis_thaliana_Chr1_001187_1431598	sp|Q9LW32|PP258_ARATH	31.325	166	97	1.28e-10	63.8
Arabidopsis_thaliana_Chr1_001187_1431598	sp|Q9ZUW3|PP172_ARATH	32.734	278	99	5.21e-50	175
Arabidopsis_thaliana_Chr1_001187_1431598	sp|Q9ZUW3|PP172_ARATH	25.616	203	99	5.81e-18	85.1
Arabidopsis_thaliana_Chr1_001187_1431598	sp|Q9ZUW3|PP172_ARATH	29.851	201	99	6.83e-16	79.2
Arabidopsis_thaliana_Chr1_001187_1431598	sp|Q9ZUW3|PP172_ARATH	24.752	202	99	3.51e-09	59.5
Arabidopsis_thaliana_Chr1_001187_1431598	sp|Q9SIT7|PP151_ARATH	33.942	274	97	1.19e-49	172
Arabidopsis_thaliana_Chr1_001187_1431598	sp|Q9SIT7|PP151_ARATH	29.710	138	97	7.97e-13	70.2
Arabidopsis_thaliana_Chr1_001187_1431598	sp|Q9SIT7|PP151_ARATH	25.806	186	97	8.79e-10	61.2
Arabidopsis_thaliana_Chr1_001187_1431598	sp|Q0WN60|PPR48_ARATH	35.424	271	97	5.52e-49	173
Arabidopsis_thaliana_Chr1_001187_1431598	sp|Q0WN60|PPR48_ARATH	27.972	143	97	3.92e-06	50.5
Arabidopsis_thaliana_Chr1_001187_1431598	sp|Q0WN60|PPR48_ARATH	27.049	122	97	7.39e-06	49.7
Arabidopsis_thaliana_Chr1_001187_1431598	sp|Q9S7F4|PP206_ARATH	35.714	266	95	3.18e-47	167
Arabidopsis_thaliana_Chr2_000159_1389720	sp|Q9LP11|AATP1_ARATH	67.719	285	95	1.87e-128	370
Arabidopsis_thaliana_Chr2_000159_1389720	sp|Q147F9|AATPC_ARATH	46.816	267	90	1.56e-77	239
Arabidopsis_thaliana_Chr2_000159_1389720	sp|Q8VZG2|HSR4_ARATH	45.878	279	94	5.15e-73	230
Arabidopsis_thaliana_Chr2_000159_1389720	sp|Q8GW96|AATP3_ARATH	45.865	266	89	4.89e-71	224
Arabidopsis_thaliana_Chr2_000159_1389720	sp|Q9FN75|AATPI_ARATH	44.326	282	94	1.03e-67	215
Arabidopsis_thaliana_Chr2_000280_1389962	sp|Q3E9F5|PUB48_ARATH	78.378	37	61	2.28e-08	51.1
Arabidopsis_thaliana_Chr1_002031_1433286	sp|F4I116|SYLC_ARATH	89.141	396	98	0.0	737
Arabidopsis_thaliana_Chr1_002031_1433286	sp|Q54N83|SYLC_DICDI	52.699	389	96	6.00e-143	426
Arabidopsis_thaliana_Chr1_002031_1433286	sp|Q8BMJ2|SYLC_MOUSE	53.985	389	96	7.28e-133	402
Arabidopsis_thaliana_Chr1_002031_1433286	sp|Q9P2J5|SYLC_HUMAN	52.551	392	97	1.51e-132	401
Arabidopsis_thaliana_Chr1_002031_1433286	sp|Q09996|SYLC_CAEEL	52.010	398	98	5.39e-130	395
Arabidopsis_thaliana_Chr5_001381_1419574	sp|Q6XBF8|CDR1_ARATH	68.750	336	93	7.64e-153	433
Arabidopsis_thaliana_Chr5_001381_1419574	sp|Q3EBM5|ASPR1_ARATH	43.017	358	96	8.89e-77	239
Arabidopsis_thaliana_Chr5_001381_1419574	sp|Q766C2|NEP2_NEPGR	38.800	250	74	5.13e-48	164
Arabidopsis_thaliana_Chr5_001381_1419574	sp|Q766C3|NEP1_NEPGR	39.044	251	74	1.72e-47	163
Arabidopsis_thaliana_Chr5_001381_1419574	sp|Q9LNJ3|APF2_ARATH	37.551	245	72	4.80e-42	150
Arabidopsis_thaliana_Chr4_000835_1410168	sp|O49403|HFA4A_ARATH	38.750	80	88	4.84e-06	45.5
Arabidopsis_thaliana_Chr5_004099_1425010	sp|Q8IXT5|RB12B_HUMAN	21.512	516	97	1.54e-12	73.6
Arabidopsis_thaliana_Chr5_004099_1425010	sp|Q8IXT5|RB12B_HUMAN	21.101	436	97	8.76e-08	58.7
Arabidopsis_thaliana_Chr5_004099_1425010	sp|Q8IXT5|RB12B_HUMAN	20.606	495	97	1.25e-06	55.0
Arabidopsis_thaliana_Chr5_004099_1425010	sp|A1X158|FP1V1_PERVI	25.234	428	89	1.13e-09	64.0
Arabidopsis_thaliana_Chr5_004099_1425010	sp|A1X158|FP1V1_PERVI	24.642	349	89	5.80e-07	55.6
Arabidopsis_thaliana_Chr5_004099_1425010	sp|A1X159|FP1V2_PERVI	25.153	326	78	6.85e-08	57.9
Arabidopsis_thaliana_Chr5_004099_1425010	sp|A1X159|FP1V2_PERVI	25.460	326	78	1.09e-07	57.3
Arabidopsis_thaliana_Chr5_004870_1426552	sp|O82368|Y2988_ARATH	35.743	249	99	2.61e-37	132
Arabidopsis_thaliana_Chr5_001404_1419620	sp|Q9XEC1|Y4443_ARATH	47.753	178	73	2.59e-41	143
Arabidopsis_thaliana_Chr3_000672_1399074	sp|Q9LRW3|SCL29_ARATH	79.310	29	39	5.95e-07	47.4
Arabidopsis_thaliana_ChrM_000001_1416750	sp|P42792|CYB_ARATH	97.964	393	99	0.0	779
Arabidopsis_thaliana_ChrM_000001_1416750	sp|P29757|CYB_SOLTU	96.692	393	99	0.0	771
Arabidopsis_thaliana_ChrM_000001_1416750	sp|P09843|CYB_OENBE	95.918	392	99	0.0	745
Arabidopsis_thaliana_ChrM_000001_1416750	sp|P05718|CYB_VICFA	95.408	392	99	0.0	741
Arabidopsis_thaliana_ChrM_000001_1416750	sp|Q9ZZT8|CYB_PEA	95.153	392	99	0.0	738
Arabidopsis_thaliana_Chr2_000326_1390054	sp|Q6NQN8|VLG_ARATH	31.013	158	43	6.70e-09	59.3
Arabidopsis_thaliana_Chr2_000326_1390054	sp|Q6NQN8|VLG_ARATH	28.378	148	43	6.49e-06	50.5
Arabidopsis_thaliana_Chr3_001988_1401706	sp|Q9SKU6|PP166_ARATH	33.529	170	92	1.55e-14	71.6
Arabidopsis_thaliana_Chr1_005312_1439848	sp|Q9SX38|DRL4_ARATH	82.635	334	99	8.46e-173	496
Arabidopsis_thaliana_Chr1_005312_1439848	sp|Q9FJK8|RP8L4_ARATH	41.420	338	99	5.87e-70	230
Arabidopsis_thaliana_Chr1_005312_1439848	sp|Q9FJB5|RP8L3_ARATH	40.841	333	99	3.40e-69	228
Arabidopsis_thaliana_Chr1_005312_1439848	sp|P59584|RP8HA_ARATH	39.820	334	99	1.19e-67	224
Arabidopsis_thaliana_Chr1_005312_1439848	sp|Q8W4J9|RPP8_ARATH	40.120	334	99	5.14e-67	222
Arabidopsis_thaliana_Chr1_005012_1439248	sp|O64598|FB82_ARATH	50.000	50	69	8.05e-08	49.7
Arabidopsis_thaliana_Chr1_005012_1439248	sp|Q9LTF6|FB291_ARATH	53.488	43	60	2.63e-07	48.3
Arabidopsis_thaliana_Chr1_005012_1439248	sp|Q9FMC1|FB269_ARATH	40.741	54	75	2.73e-07	47.7
Arabidopsis_thaliana_Chr1_005012_1439248	sp|Q3ECE2|FB85_ARATH	57.778	45	63	5.93e-07	47.4
Arabidopsis_thaliana_Chr1_005012_1439248	sp|P0C2G2|FB21_ARATH	44.681	47	65	1.67e-06	46.0
Arabidopsis_thaliana_Chr1_006021_1441266	sp|Q9LUP9|FB152_ARATH	38.903	383	99	7.09e-61	197
Arabidopsis_thaliana_Chr1_006021_1441266	sp|O04591|FBK26_ARATH	35.550	391	99	1.85e-57	188
Arabidopsis_thaliana_Chr1_006021_1441266	sp|Q9LVS9|FB340_ARATH	34.383	381	99	3.65e-53	178
Arabidopsis_thaliana_Chr1_006021_1441266	sp|Q9LUP7|FB154_ARATH	35.294	374	99	9.36e-52	173
Arabidopsis_thaliana_Chr1_006021_1441266	sp|Q9SI34|FBX9_ARATH	32.527	372	99	1.61e-50	170
Arabidopsis_thaliana_Chr1_005100_1439424	sp|Q9SX41|Y1022_ARATH	98.485	66	99	6.63e-43	138
Arabidopsis_thaliana_Chr1_005100_1439424	sp|Q1G3Z6|Y1317_ARATH	100.000	55	82	2.99e-35	117
Arabidopsis_thaliana_Chr1_005100_1439424	sp|Q3E7N5|Y5406_ARATH	75.000	68	99	9.27e-31	105
Arabidopsis_thaliana_Chr1_005100_1439424	sp|Q9SJ07|Y2192_ARATH	50.847	59	87	7.09e-13	62.6
Arabidopsis_thaliana_Chr4_000225_1408948	sp|Q9XEC1|Y4443_ARATH	50.000	248	86	4.43e-68	213
Arabidopsis_thaliana_Chr3_004199_1406128	sp|Q94C26|PCC1_ARATH	59.155	71	90	4.51e-18	73.0
Arabidopsis_thaliana_Chr3_004199_1406128	sp|Q8W472|CSTM8_ARATH	67.308	52	67	2.30e-14	63.5
Arabidopsis_thaliana_Chr3_004199_1406128	sp|Q9LHJ3|CSTM9_ARATH	68.627	51	66	5.21e-14	62.4
Arabidopsis_thaliana_Chr1_006336_1441896	sp|Q9M2N5|DSLE_ARATH	43.568	482	72	3.04e-144	432
Arabidopsis_thaliana_Chr1_006336_1441896	sp|Q9M2N5|DSLE_ARATH	50.962	104	72	3.34e-27	119
Arabidopsis_thaliana_Chr1_006336_1441896	sp|B9FJG3|RSLE1_ORYSJ	39.464	522	78	1.37e-127	390
Arabidopsis_thaliana_Chr1_006336_1441896	sp|B9FJG3|RSLE1_ORYSJ	45.217	115	78	3.42e-24	110
Arabidopsis_thaliana_Chr1_006336_1441896	sp|Q6AVI0|RSLE2_ORYSJ	39.464	522	78	2.56e-127	389
Arabidopsis_thaliana_Chr1_006336_1441896	sp|Q6AVI0|RSLE2_ORYSJ	44.348	115	78	2.22e-24	111
Arabidopsis_thaliana_Chr1_006336_1441896	sp|Q75HY5|RSLE3_ORYSJ	39.506	486	73	1.82e-118	367
Arabidopsis_thaliana_Chr1_006336_1441896	sp|Q75HY5|RSLE3_ORYSJ	48.182	110	73	3.13e-24	110
Arabidopsis_thaliana_Chr1_006336_1441896	sp|Q0JMB2|RSLE4_ORYSJ	36.000	500	75	6.65e-97	309
Arabidopsis_thaliana_Chr1_006336_1441896	sp|Q0JMB2|RSLE4_ORYSJ	49.091	110	75	2.20e-17	89.4
Arabidopsis_thaliana_Chr2_000262_1389926	sp|P93298|ATP61_ARATH	99.078	217	99	1.12e-146	413
Arabidopsis_thaliana_Chr2_000262_1389926	sp|P05499|ATP6_TOBAC	60.092	218	99	4.72e-75	230
Arabidopsis_thaliana_Chr2_000262_1389926	sp|Q31720|ATP6_BRANA	92.222	90	41	4.42e-42	142
Arabidopsis_thaliana_Chr2_000262_1389926	sp|P92547|ATP62_ARATH	98.810	84	39	5.22e-41	141
Arabidopsis_thaliana_Chr2_000262_1389926	sp|P05500|ATP6_OENBE	81.818	88	40	5.60e-37	130
Arabidopsis_thaliana_Chr1_006116_1441456	sp|Q9SS94|CD48C_ARATH	49.231	65	60	1.20e-09	56.2
Arabidopsis_thaliana_Chr1_005215_1439654	sp|Q9FZG4|HXKL1_ARATH	76.923	65	96	7.43e-27	102
Arabidopsis_thaliana_Chr1_005215_1439654	sp|Q6Q8A5|HXK2_TOBAC	67.742	62	91	2.07e-16	73.9
Arabidopsis_thaliana_Chr1_005215_1439654	sp|Q9SEK2|HXK1_TOBAC	57.377	61	90	9.86e-15	69.1
Arabidopsis_thaliana_Chr1_005215_1439654	sp|O64390|HXK1_SOLTU	50.820	61	90	2.32e-13	65.5
Arabidopsis_thaliana_Chr1_005215_1439654	sp|Q9SEK3|HXK1_SPIOL	50.820	61	90	4.24e-13	64.6
Arabidopsis_thaliana_Chr2_003790_1396982	sp|Q8LFN9|AGD13_ARATH	80.165	121	71	4.73e-63	195
Arabidopsis_thaliana_Chr2_003790_1396982	sp|Q9FVJ3|AGD12_ARATH	70.079	127	74	1.71e-53	171
Arabidopsis_thaliana_Chr2_003790_1396982	sp|Q8L7A4|AGD11_ARATH	37.719	114	66	8.15e-19	82.0
Arabidopsis_thaliana_Chr2_003790_1396982	sp|O23710|PSB7A_ARATH	97.143	35	24	1.20e-17	77.5
Arabidopsis_thaliana_Chr2_003790_1396982	sp|Q7DLS1|PSB7B_ARATH	97.143	35	24	1.29e-17	77.5
Arabidopsis_thaliana_Chr5_001572_1419956	sp|Q9LP10|Y1920_ARATH	35.443	158	97	1.62e-13	64.9
Arabidopsis_thaliana_Chr2_003705_1396812	sp|B3H4B5|SPH11_ARATH	40.800	125	99	1.03e-21	85.1
Arabidopsis_thaliana_Chr2_003705_1396812	sp|B3H6H8|SPH10_ARATH	37.600	125	99	2.50e-21	84.0
Arabidopsis_thaliana_Chr2_003705_1396812	sp|Q9FF19|SPH9_ARATH	41.322	121	98	2.60e-20	81.2
Arabidopsis_thaliana_Chr2_003705_1396812	sp|B3H453|SPH8_ARATH	40.000	120	98	3.24e-18	75.9
Arabidopsis_thaliana_Chr3_003796_1405322	sp|Q9LP10|Y1920_ARATH	46.835	79	43	9.51e-15	68.5
Arabidopsis_thaliana_Chr3_003796_1405322	sp|Q9ZS96|Y4478_ARATH	35.185	54	31	7.48e-07	48.0
Arabidopsis_thaliana_Chr3_004675_1407080	sp|Q7ZV90|PIF1_DANRE	26.844	488	48	2.75e-21	101
Arabidopsis_thaliana_Chr3_004675_1407080	sp|Q9H611|PIF1_HUMAN	24.944	445	44	1.74e-17	89.9
Arabidopsis_thaliana_Chr3_004675_1407080	sp|Q80SX8|PIF1_MOUSE	24.464	466	46	9.24e-16	84.6
Arabidopsis_thaliana_Chr3_004675_1407080	sp|Q0R4F1|PIF1_XENLA	25.439	456	45	1.98e-15	83.5
Arabidopsis_thaliana_Chr3_004675_1407080	sp|Q1HG60|PIF1_RAT	30.144	209	21	5.72e-11	69.7
Arabidopsis_thaliana_Chr3_003694_1405118	sp|O00370|LORF2_HUMAN	29.771	262	44	1.51e-28	122
Arabidopsis_thaliana_Chr3_003694_1405118	sp|P0C2F6|RNHX1_ARATH	27.397	365	60	3.49e-26	113
Arabidopsis_thaliana_Chr3_003694_1405118	sp|P08548|LIN1_NYCCO	30.859	256	43	5.83e-24	108
Arabidopsis_thaliana_Chr3_003694_1405118	sp|P11369|LORF2_MOUSE	27.843	255	43	3.07e-20	97.5
Arabidopsis_thaliana_Chr3_003694_1405118	sp|P14381|YTX2_XENLA	24.615	260	43	3.41e-07	56.7
Arabidopsis_thaliana_Chr2_000200_1389802	sp|Q9SJ32|FDL15_ARATH	100.000	200	89	3.43e-143	406
Arabidopsis_thaliana_Chr2_000200_1389802	sp|Q9LIR2|FDL17_ARATH	75.439	228	94	3.44e-114	331
Arabidopsis_thaliana_Chr2_000200_1389802	sp|Q9FJC1|FBD31_ARATH	49.327	223	97	1.40e-52	173
Arabidopsis_thaliana_Chr2_000200_1389802	sp|Q9FJC0|FBD20_ARATH	44.206	233	97	6.37e-48	162
Arabidopsis_thaliana_Chr2_000200_1389802	sp|Q9FNJ4|FDL32_ARATH	41.667	204	88	3.90e-37	133
Arabidopsis_thaliana_Chr1_000628_1430480	sp|O65788|C71B2_ARATH	65.606	503	99	0.0	652
Arabidopsis_thaliana_Chr1_000628_1430480	sp|Q9LTM4|C71BJ_ARATH	53.280	503	99	0.0	512
Arabidopsis_thaliana_Chr1_000628_1430480	sp|Q9LTM3|C71BK_ARATH	53.280	503	99	2.82e-179	507
Arabidopsis_thaliana_Chr1_000628_1430480	sp|Q9LTM7|C71BG_ARATH	49.901	503	99	1.46e-169	482
Arabidopsis_thaliana_Chr1_000628_1430480	sp|Q9LTM6|C71BH_ARATH	50.895	503	99	5.95e-166	473
Arabidopsis_thaliana_Chr3_001584_1400898	sp|Q5M759|VP221_ARATH	95.946	148	76	5.63e-104	300
Arabidopsis_thaliana_Chr3_001584_1400898	sp|Q9LIJ4|VP222_ARATH	90.476	84	43	5.21e-50	159
Arabidopsis_thaliana_Chr3_001584_1400898	sp|Q5RJU0|SNF8_XENTR	47.222	144	74	2.81e-40	137
Arabidopsis_thaliana_Chr3_001584_1400898	sp|Q96H20|SNF8_HUMAN	43.750	144	74	7.18e-35	123
Arabidopsis_thaliana_Chr3_001584_1400898	sp|Q5RK19|SNF8_RAT	43.750	144	74	7.83e-35	123
Arabidopsis_thaliana_Chr1_005088_1439400	sp|Q1JPL7|PME18_ARATH	64.211	190	77	7.07e-85	260
Arabidopsis_thaliana_Chr1_005088_1439400	sp|Q4PT34|PME56_ARATH	68.452	168	67	4.38e-81	244
Arabidopsis_thaliana_Chr1_005088_1439400	sp|Q3EAY9|PME30_ARATH	62.827	191	77	3.04e-79	244
Arabidopsis_thaliana_Chr1_005088_1439400	sp|Q84JX1|PME19_ARATH	62.827	191	77	6.89e-78	241
Arabidopsis_thaliana_Chr1_005088_1439400	sp|P83947|PME1_FICPW	58.209	201	81	4.33e-77	240
Arabidopsis_thaliana_Chr1_003747_1436718	sp|Q8W4A7|GUX3_ARATH	80.702	570	97	0.0	977
Arabidopsis_thaliana_Chr1_003747_1436718	sp|Q9LSB1|GUX1_ARATH	62.021	574	97	0.0	729
Arabidopsis_thaliana_Chr1_003747_1436718	sp|Q8GWW4|GUX2_ARATH	46.598	485	80	2.17e-160	465
Arabidopsis_thaliana_Chr1_003747_1436718	sp|F4HZC3|GUX5_ARATH	38.801	567	93	7.35e-140	412
Arabidopsis_thaliana_Chr1_003747_1436718	sp|Q9FZ37|GUX4_ARATH	43.145	496	81	9.84e-140	411
Arabidopsis_thaliana_Chr4_000504_1409506	sp|Q9LDQ3|CRK34_ARATH	79.208	202	96	3.52e-114	337
Arabidopsis_thaliana_Chr4_000504_1409506	sp|Q8GYA4|CRK10_ARATH	68.812	202	96	1.29e-97	294
Arabidopsis_thaliana_Chr4_000504_1409506	sp|Q8L7G3|CRK7_ARATH	70.256	195	93	7.77e-96	289
Arabidopsis_thaliana_Chr4_000504_1409506	sp|O65479|CRK20_ARATH	67.857	196	93	1.88e-95	289
Arabidopsis_thaliana_Chr4_000504_1409506	sp|Q8W4G6|CRK15_ARATH	65.196	204	97	2.40e-94	285
Arabidopsis_thaliana_Chr1_002610_1434444	sp|Q9CAN9|ERF26_ARATH	100.000	248	99	7.47e-140	393
Arabidopsis_thaliana_Chr1_002610_1434444	sp|Q38Q39|ERF27_ARATH	60.622	193	71	2.07e-52	168
Arabidopsis_thaliana_Chr1_002610_1434444	sp|Q9FJ90|ERF25_ARATH	54.971	171	65	4.69e-49	160
Arabidopsis_thaliana_Chr1_002610_1434444	sp|Q8S9Z5|DRE1F_ORYSJ	45.161	155	59	1.64e-36	128
Arabidopsis_thaliana_Chr1_002610_1434444	sp|A2WZI4|DRE1F_ORYSI	45.161	155	59	1.64e-36	128
Arabidopsis_thaliana_Chr2_002567_1394536	sp|Q9LD43|ACCA_ARATH	76.708	322	71	3.89e-174	500
Arabidopsis_thaliana_Chr2_002567_1394536	sp|Q41008|ACCA_PEA	65.614	285	62	1.15e-128	386
Arabidopsis_thaliana_Chr2_002567_1394536	sp|Q8DJB6|ACCA_THEVB	45.683	278	61	2.96e-78	243
Arabidopsis_thaliana_Chr2_002567_1394536	sp|Q85G50|ACCA_CYAM1	46.038	265	58	3.55e-75	235
Arabidopsis_thaliana_Chr2_002567_1394536	sp|Q72HS8|ACCA_THET2	44.643	280	62	2.15e-73	230
Arabidopsis_thaliana_Chr2_003762_1396926	sp|O04244|Y4200_ARATH	27.329	161	23	1.06e-12	71.4
Arabidopsis_thaliana_Chr1_001942_1433108	sp|P0C2F6|RNHX1_ARATH	48.077	104	99	4.45e-17	76.7
Arabidopsis_thaliana_Chr1_003280_1435784	sp|P80553|H3_NARPS	99.083	109	98	2.18e-77	226
Arabidopsis_thaliana_Chr1_003280_1435784	sp|Q71H73|H33_VITVI	99.083	109	98	2.18e-77	226
Arabidopsis_thaliana_Chr1_003280_1435784	sp|Q76N23|H33_TOBAC	99.083	109	98	2.18e-77	226
Arabidopsis_thaliana_Chr1_003280_1435784	sp|Q711T2|H33_PINPS	99.083	109	98	2.18e-77	226
Arabidopsis_thaliana_Chr1_003280_1435784	sp|Q0JCT1|H33_ORYSJ	99.083	109	98	2.18e-77	226
Arabidopsis_thaliana_Chr4_003602_1415702	sp|P0C2F6|RNHX1_ARATH	54.040	396	99	4.12e-155	446
Arabidopsis_thaliana_Chr5_004322_1425456	sp|Q8S3W4|ZIP8_ARATH	100.000	246	75	0.0	504
Arabidopsis_thaliana_Chr5_004322_1425456	sp|Q38856|IRT1_ARATH	71.369	241	73	2.58e-122	353
Arabidopsis_thaliana_Chr5_004322_1425456	sp|O81850|IRT2_ARATH	64.567	254	75	1.78e-109	320
Arabidopsis_thaliana_Chr5_004322_1425456	sp|Q8W245|ZIP10_ARATH	56.126	253	72	1.15e-90	273
Arabidopsis_thaliana_Chr5_004322_1425456	sp|Q6L8G1|IRT2_ORYSJ	47.584	269	75	3.53e-71	223
Arabidopsis_thaliana_Chr2_003594_1396590	sp|O64481|SBT25_ARATH	70.690	58	38	9.35e-17	78.1
Arabidopsis_thaliana_Chr2_003594_1396590	sp|Q9SZV5|SBT26_ARATH	63.793	58	38	2.70e-12	65.5
Arabidopsis_thaliana_Chr2_003594_1396590	sp|Q9SUN6|SBT22_ARATH	59.574	47	31	4.27e-08	53.4
Arabidopsis_thaliana_Chr2_003594_1396590	sp|Q9FI12|SBT23_ARATH	53.191	47	31	9.28e-07	49.4
Arabidopsis_thaliana_Chr2_003594_1396590	sp|F4HYR6|SBT24_ARATH	45.833	48	32	2.26e-06	48.3
Arabidopsis_thaliana_Chr1_002983_1435190	sp|Q6AVI0|RSLE2_ORYSJ	34.709	654	95	6.78e-126	382
Arabidopsis_thaliana_Chr1_002983_1435190	sp|B9FJG3|RSLE1_ORYSJ	34.451	656	95	5.52e-124	377
Arabidopsis_thaliana_Chr1_002983_1435190	sp|Q75HY5|RSLE3_ORYSJ	33.133	667	97	4.46e-115	355
Arabidopsis_thaliana_Chr1_002983_1435190	sp|Q9M2N5|DSLE_ARATH	31.634	667	97	2.38e-112	346
Arabidopsis_thaliana_Chr1_002983_1435190	sp|Q0JMB2|RSLE4_ORYSJ	31.890	693	99	2.07e-99	313
Arabidopsis_thaliana_Chr1_000790_1430804	sp|Q9S9M1|WAKLE_ARATH	80.247	81	96	1.21e-21	89.6
Arabidopsis_thaliana_Chr1_000790_1430804	sp|Q9S9M3|WAKLC_ARATH	70.732	82	95	1.35e-20	86.8
Arabidopsis_thaliana_Chr1_000790_1430804	sp|Q9S9M5|WAKLA_ARATH	75.904	83	98	6.68e-19	82.0
Arabidopsis_thaliana_Chr1_000790_1430804	sp|Q8RY17|WAKLI_ARATH	67.901	81	96	1.35e-17	78.1
Arabidopsis_thaliana_Chr1_000790_1430804	sp|Q9S9M2|WAKLD_ARATH	69.231	65	77	7.14e-17	76.1
Arabidopsis_thaliana_Chr4_003555_1415608	sp|Q0V7S0|FB39_ARATH	59.615	52	35	1.14e-09	57.6
Arabidopsis_thaliana_Chr5_001385_1419582	sp|Q9LQL5|FB30_ARATH	47.855	303	99	6.48e-78	237
Arabidopsis_thaliana_Chr5_001385_1419582	sp|Q9FGS3|FB287_ARATH	45.113	266	91	1.90e-55	181
Arabidopsis_thaliana_Chr5_001385_1419582	sp|Q9FIT3|FB297_ARATH	41.554	296	99	2.59e-50	166
Arabidopsis_thaliana_Chr5_001385_1419582	sp|Q9SSQ2|FB55_ARATH	38.078	281	91	2.56e-44	153
Arabidopsis_thaliana_Chr5_001385_1419582	sp|Q9FZF8|FB44_ARATH	30.769	273	90	4.31e-30	116
Arabidopsis_thaliana_Chr2_000718_1390838	sp|Q9SJZ5|RAA4E_ARATH	98.113	53	98	1.29e-32	111
Arabidopsis_thaliana_Chr2_000718_1390838	sp|Q9SMQ6|RAA4B_ARATH	83.721	43	80	8.56e-18	74.5
Arabidopsis_thaliana_Chr2_000718_1390838	sp|Q40522|RB11D_TOBAC	71.739	46	85	1.28e-16	71.4
Arabidopsis_thaliana_Chr2_000718_1390838	sp|Q40520|RB11C_TOBAC	69.565	46	85	2.73e-16	70.5
Arabidopsis_thaliana_Chr2_000718_1390838	sp|Q9FJN8|RAA4A_ARATH	72.727	44	81	3.25e-16	70.2
Arabidopsis_thaliana_Chr3_001537_1400804	sp|Q9M2N5|DSLE_ARATH	34.752	141	62	1.69e-18	85.4
Arabidopsis_thaliana_Chr3_001537_1400804	sp|P08770|TRA1_MAIZE	36.893	103	44	1.55e-15	76.7
Arabidopsis_thaliana_Chr3_001537_1400804	sp|P03010|TRAC9_MAIZE	36.893	103	44	2.54e-15	76.1
Arabidopsis_thaliana_Chr3_001537_1400804	sp|Q75HY5|RSLE3_ORYSJ	31.098	164	68	2.80e-15	76.1
Arabidopsis_thaliana_Chr3_001537_1400804	sp|Q6AVI0|RSLE2_ORYSJ	35.938	128	53	3.86e-14	72.8
Arabidopsis_thaliana_Chr1_001926_1433076	sp|Q9LNF6|FB48_ARATH	100.000	122	95	2.47e-87	258
Arabidopsis_thaliana_Chr1_001926_1433076	sp|Q9SXA0|FB42_ARATH	62.500	128	99	5.43e-50	163
Arabidopsis_thaliana_Chr1_001926_1433076	sp|Q9C6J3|FB52_ARATH	41.406	128	97	8.69e-24	95.0
Arabidopsis_thaliana_Chr1_001926_1433076	sp|Q9FZF8|FB44_ARATH	34.351	131	99	1.69e-18	80.9
Arabidopsis_thaliana_Chr1_001926_1433076	sp|Q9FZF3|FB43_ARATH	33.846	130	99	1.41e-17	78.4
Arabidopsis_thaliana_Chr1_000906_1431036	sp|Q9LMS5|GDL3_ARATH	98.592	71	78	1.22e-35	122
Arabidopsis_thaliana_Chr1_000906_1431036	sp|Q8W4H8|GDL19_ARATH	70.213	47	52	4.57e-12	62.4
Arabidopsis_thaliana_Chr1_000906_1431036	sp|Q1H583|GDL18_ARATH	65.957	47	52	5.14e-12	62.1
Arabidopsis_thaliana_Chr1_000906_1431036	sp|Q9C5N8|GDL20_ARATH	53.333	45	49	2.34e-07	49.1
Arabidopsis_thaliana_Chr1_000906_1431036	sp|Q9LJG3|ESM1_ARATH	69.697	33	36	4.95e-06	45.5
Arabidopsis_thaliana_Chr1_001795_1432814	sp|Q9FHE1|GSTT3_ARATH	39.823	226	65	3.94e-47	165
Arabidopsis_thaliana_Chr1_001795_1432814	sp|Q8L727|GSTT2_ARATH	38.356	219	62	4.72e-40	146
Arabidopsis_thaliana_Chr4_003156_1414810	sp|O04488|FBLK1_ARATH	69.261	257	90	4.75e-115	334
Arabidopsis_thaliana_Chr4_003156_1414810	sp|O80777|FB126_ARATH	50.181	277	89	3.92e-80	245
Arabidopsis_thaliana_Chr4_003156_1414810	sp|Q9LX89|FB255_ARATH	53.077	260	90	1.38e-79	245
Arabidopsis_thaliana_Chr4_003156_1414810	sp|Q7X7A9|FB4_ARATH	52.273	220	77	5.71e-66	206
Arabidopsis_thaliana_Chr4_003156_1414810	sp|Q9LPW4|FB7_ARATH	40.865	208	71	5.61e-36	132
Arabidopsis_thaliana_Chr1_006320_1441864	sp|Q9XEC1|Y4443_ARATH	31.034	174	40	3.55e-20	91.3
Arabidopsis_thaliana_Chr2_000267_1389936	sp|P93312|YMF16_ARATH	89.222	167	97	9.17e-96	279
Arabidopsis_thaliana_Chr2_000267_1389936	sp|P38459|YMF16_MARPO	57.241	145	84	2.82e-44	146
Arabidopsis_thaliana_Chr2_000267_1389936	sp|O21266|YMF16_RECAM	28.182	110	62	1.22e-08	54.2
Arabidopsis_thaliana_Chr2_000154_1389710	sp|Q9FIF9|RAA2D_ARATH	93.478	46	98	1.23e-23	89.1
Arabidopsis_thaliana_Chr2_000154_1389710	sp|Q96283|RAA2C_ARATH	89.130	46	98	4.13e-22	85.1
Arabidopsis_thaliana_Chr2_000154_1389710	sp|Q9LNW1|RAA2B_ARATH	82.609	46	98	1.23e-20	81.2
Arabidopsis_thaliana_Chr2_000154_1389710	sp|Q39434|RB2BV_BETVU	78.261	46	98	1.90e-19	78.1
Arabidopsis_thaliana_Chr2_000154_1389710	sp|Q40193|RB11C_LOTJA	76.087	46	98	8.11e-19	76.7
Arabidopsis_thaliana_Chr4_003828_1416154	sp|Q9S9V9|FBL23_ARATH	100.000	277	99	0.0	578
Arabidopsis_thaliana_Chr4_003828_1416154	sp|Q9S9V9|FBL23_ARATH	69.412	85	99	8.30e-30	116
Arabidopsis_thaliana_Chr4_003828_1416154	sp|Q9M0U9|SKI19_ARATH	66.000	250	90	9.85e-114	329
Arabidopsis_thaliana_Chr4_003828_1416154	sp|Q9M0U7|FB221_ARATH	55.769	260	90	8.45e-94	278
Arabidopsis_thaliana_Chr4_003828_1416154	sp|Q9M0U8|FBL21_ARATH	54.545	264	90	1.65e-89	267
Arabidopsis_thaliana_Chr4_003828_1416154	sp|Q9S9V8|FBL9_ARATH	56.723	238	84	1.84e-87	260
Arabidopsis_thaliana_Chr3_003813_1405356	sp|O82234|IF32_ARATH	100.000	32	18	2.21e-13	67.7
Arabidopsis_thaliana_Chr3_003813_1405356	sp|F4I532|PRFB2_ARATH	90.625	32	18	6.19e-12	64.6
Arabidopsis_thaliana_Chr3_003813_1405356	sp|Q94B52|IF34_ARATH	84.375	32	18	1.81e-09	56.7
Arabidopsis_thaliana_Chr3_003813_1405356	sp|Q5YR52|RF2_NOCFA	57.895	38	22	6.93e-08	53.1
Arabidopsis_thaliana_ChrM_000015_1416778	sp|P92559|M1280_ARATH	100.000	291	99	0.0	598
Arabidopsis_thaliana_ChrM_000015_1416778	sp|P93285|COX2_ARATH	91.262	103	35	3.35e-62	196
Arabidopsis_thaliana_ChrM_000015_1416778	sp|P98012|COX2_BETVU	84.466	103	35	1.28e-58	187
Arabidopsis_thaliana_ChrM_000015_1416778	sp|P08744|COX2_PEA	87.000	100	34	5.69e-57	183
Arabidopsis_thaliana_ChrM_000015_1416778	sp|P05491|COX2_SOYBN	86.000	100	34	2.34e-56	181
Arabidopsis_thaliana_Chr2_000279_1389960	sp|Q3E9F5|PUB48_ARATH	80.000	285	91	3.88e-161	454
Arabidopsis_thaliana_Chr2_000279_1389960	sp|Q3E9F7|PUB46_ARATH	55.477	283	90	3.67e-83	255
Arabidopsis_thaliana_Chr2_000279_1389960	sp|Q3E9F6|PUB47_ARATH	50.000	290	93	2.38e-70	221
Arabidopsis_thaliana_Chr2_000279_1389960	sp|Q9SRT0|PUB9_ARATH	35.959	292	91	1.89e-30	118
Arabidopsis_thaliana_Chr2_000279_1389960	sp|Q9C9A6|PUB10_ARATH	27.972	286	88	6.26e-12	67.7
Arabidopsis_thaliana_Chr1_005013_1439250	sp|F4KH86|TAD3_ARATH	70.149	67	72	1.05e-24	96.4
Arabidopsis_thaliana_Chr2_003292_1395986	sp|Q9LP10|Y1920_ARATH	41.096	146	87	1.27e-22	88.5
Arabidopsis_thaliana_Chr2_003292_1395986	sp|Q9ZS96|Y4478_ARATH	29.474	95	58	3.63e-11	59.3
Arabidopsis_thaliana_Chr4_001338_1411174	sp|Q8H1S0|MIOX4_ARATH	57.065	184	80	3.88e-62	195
Arabidopsis_thaliana_Chr4_001338_1411174	sp|Q9FJU4|MIOX5_ARATH	55.556	180	78	5.50e-56	179
Arabidopsis_thaliana_Chr4_001338_1411174	sp|O82200|MIOX2_ARATH	49.727	183	77	9.39e-49	161
Arabidopsis_thaliana_Chr4_001338_1411174	sp|Q8L799|MIOX1_ARATH	47.753	178	77	7.75e-46	153
Arabidopsis_thaliana_Chr4_001338_1411174	sp|Q5Z8T3|MIOX_ORYSJ	44.382	178	77	2.85e-43	146
Arabidopsis_thaliana_Chr5_001808_1420428	sp|Q9C9W9|ADO3_ARATH	93.671	79	87	1.12e-45	154
Arabidopsis_thaliana_Chr5_001808_1420428	sp|Q2R2W1|ADO3_ORYSJ	85.897	78	86	1.93e-41	143
Arabidopsis_thaliana_Chr5_001808_1420428	sp|Q5Z8K3|ADO1_ORYSJ	72.603	73	80	2.46e-33	121
Arabidopsis_thaliana_Chr5_001808_1420428	sp|Q94BT6|ADO1_ARATH	70.270	74	81	2.46e-33	121
Arabidopsis_thaliana_Chr5_001808_1420428	sp|Q67UX0|ADO2_ORYSJ	73.239	71	78	4.49e-32	118
Arabidopsis_thaliana_Chr5_005518_1427848	sp|B3H6H8|SPH10_ARATH	47.101	138	98	1.24e-34	118
Arabidopsis_thaliana_Chr5_005518_1427848	sp|Q9FF19|SPH9_ARATH	47.059	136	97	1.02e-31	110
Arabidopsis_thaliana_Chr5_005518_1427848	sp|B3H453|SPH8_ARATH	47.015	134	97	1.53e-30	107
Arabidopsis_thaliana_Chr5_005518_1427848	sp|B3H4B5|SPH11_ARATH	45.926	135	93	4.43e-29	104
Arabidopsis_thaliana_Chr5_005518_1427848	sp|Q9LW22|SPH21_ARATH	32.308	130	93	2.81e-09	53.4
Arabidopsis_thaliana_Chr5_002392_1421596	sp|Q6DBN6|FDL6_ARATH	51.064	141	86	2.84e-34	124
Arabidopsis_thaliana_Chr5_002392_1421596	sp|Q9FNJ4|FDL32_ARATH	36.667	150	89	4.90e-14	70.0
Arabidopsis_thaliana_Chr5_002392_1421596	sp|Q9FNJ5|FDL31_ARATH	36.429	140	83	5.73e-13	67.1
Arabidopsis_thaliana_Chr5_002392_1421596	sp|Q9FLA3|FBD42_ARATH	39.167	120	72	4.21e-11	61.5
Arabidopsis_thaliana_Chr5_002392_1421596	sp|Q9FGQ3|FDL37_ARATH	37.226	137	84	9.56e-11	60.9
Arabidopsis_thaliana_Chr1_002596_1434416	sp|Q9SXD1|PPR91_ARATH	88.679	106	98	1.17e-59	192
Arabidopsis_thaliana_Chr1_002596_1434416	sp|Q9LQ15|PPR95_ARATH	77.000	100	93	3.82e-48	160
Arabidopsis_thaliana_Chr1_002596_1434416	sp|Q9CAN0|PPR99_ARATH	68.269	104	94	1.84e-37	133
Arabidopsis_thaliana_Chr1_002596_1434416	sp|Q9CAN6|PPR97_ARATH	57.843	102	94	7.11e-33	120
Arabidopsis_thaliana_Chr1_002596_1434416	sp|Q9LQ14|PPR96_ARATH	76.923	78	72	1.20e-31	118
Arabidopsis_thaliana_Chr1_004848_1438920	sp|Q96321|IMPA1_ARATH	68.750	496	99	0.0	660
Arabidopsis_thaliana_Chr1_004848_1438920	sp|Q9SLX0|IMA1B_ORYSJ	62.550	502	99	0.0	605
Arabidopsis_thaliana_Chr1_004848_1438920	sp|O22478|IMA_SOLLC	62.978	497	99	0.0	605
Arabidopsis_thaliana_Chr1_004848_1438920	sp|F4JL11|IMPA2_ARATH	64.870	501	99	0.0	603
Arabidopsis_thaliana_Chr1_004848_1438920	sp|Q71VM4|IMA1A_ORYSJ	62.903	496	99	0.0	594
Arabidopsis_thaliana_Chr5_001791_1420394	sp|P22738|RL32_ARATH	76.923	78	96	4.21e-40	136
Arabidopsis_thaliana_Chr5_001791_1420394	sp|P35684|RL3_ORYSJ	77.333	75	93	5.75e-38	130
Arabidopsis_thaliana_Chr5_001791_1420394	sp|P17094|RL31_ARATH	74.359	78	96	6.76e-37	127
Arabidopsis_thaliana_Chr5_001791_1420394	sp|O96774|RL3_TETTH	69.333	75	93	5.77e-34	120
Arabidopsis_thaliana_Chr5_001791_1420394	sp|P34113|RL3_DICDI	64.865	74	91	3.40e-29	107
Arabidopsis_thaliana_Chr3_003753_1405236	sp|Q9SD82|RFA1B_ARATH	24.359	156	94	8.67e-08	52.5
Arabidopsis_thaliana_Chr1_001866_1432956	sp|P10978|POLX_TOBAC	24.390	410	71	8.15e-18	89.9
Arabidopsis_thaliana_Chr1_001866_1432956	sp|P04146|COPIA_DROME	21.343	417	72	4.00e-06	53.4
Arabidopsis_thaliana_Chr1_002482_1434188	sp|Q9ZP56|DRP4A_ARATH	48.851	174	94	3.00e-42	141
Arabidopsis_thaliana_Chr1_002482_1434188	sp|Q9ZP55|DRP4C_ARATH	50.000	174	94	1.02e-41	146
Arabidopsis_thaliana_Chr1_002482_1434188	sp|P20591|MX1_HUMAN	33.333	177	90	3.89e-12	64.6
Arabidopsis_thaliana_Chr1_002482_1434188	sp|Q5U752|MX_SOLSE	33.333	174	88	6.98e-12	64.0
Arabidopsis_thaliana_Chr1_002482_1434188	sp|A7VK00|MX2_PIG	40.860	93	57	3.72e-11	61.8
Arabidopsis_thaliana_Chr4_001528_1411554	sp|Q8LFV1|Y4295_ARATH	74.699	83	99	2.30e-38	130
Arabidopsis_thaliana_Chr4_001528_1411554	sp|Q8S8D8|Y2265_ARATH	50.000	54	65	2.23e-08	50.3
Arabidopsis_thaliana_Chr4_001528_1411554	sp|Q5BPP4|Y3477_ARATH	42.029	69	82	2.28e-08	51.4
Arabidopsis_thaliana_Chr4_001528_1411554	sp|Q9SV54|Y4289_ARATH	43.548	62	69	4.35e-07	47.7
Arabidopsis_thaliana_Chr2_003489_1396380	sp|Q9SZN1|VATB2_ARATH	96.516	488	99	0.0	965
Arabidopsis_thaliana_Chr2_003489_1396380	sp|Q8W4E2|VATB3_ARATH	94.433	485	99	0.0	944
Arabidopsis_thaliana_Chr2_003489_1396380	sp|Q43432|VATB1_GOSHI	94.262	488	99	0.0	944
Arabidopsis_thaliana_Chr2_003489_1396380	sp|P11574|VATB1_ARATH	94.617	483	99	0.0	943
Arabidopsis_thaliana_Chr2_003489_1396380	sp|Q40079|VATB2_HORVU	95.417	480	98	0.0	941
Arabidopsis_thaliana_Chr2_003660_1396722	sp|P0C2F6|RNHX1_ARATH	32.973	370	51	1.64e-49	180
Arabidopsis_thaliana_Chr2_003660_1396722	sp|P93295|M310_ARATH	47.368	152	22	2.29e-41	148
Arabidopsis_thaliana_Chr2_003660_1396722	sp|P11369|LORF2_MOUSE	25.076	327	46	2.46e-17	89.6
Arabidopsis_thaliana_Chr2_003660_1396722	sp|O00370|LORF2_HUMAN	24.837	306	43	1.02e-15	84.6
Arabidopsis_thaliana_Chr2_003660_1396722	sp|P08548|LIN1_NYCCO	23.256	301	42	1.70e-14	80.6
Arabidopsis_thaliana_Chr2_000145_1389692	sp|Q9M237|Y3353_ARATH	33.708	178	54	7.29e-20	91.6
Arabidopsis_thaliana_Chr3_004912_1407554	sp|Q94A52|RH2_ARATH	81.235	405	99	0.0	652
Arabidopsis_thaliana_Chr3_004912_1407554	sp|Q10I26|IF43B_ORYSJ	74.811	397	97	0.0	618
Arabidopsis_thaliana_Chr3_004912_1407554	sp|Q5VNM3|IF43A_ORYSJ	74.559	397	97	0.0	617
Arabidopsis_thaliana_Chr3_004912_1407554	sp|P41380|IF4A3_NICPL	76.302	384	95	0.0	608
Arabidopsis_thaliana_Chr3_004912_1407554	sp|Q9VHS8|IF4A3_DROME	71.169	385	95	0.0	575
Arabidopsis_thaliana_Chr1_006213_1441650	sp|Q8LAH7|OPR1_ARATH	80.000	80	93	7.02e-42	140
Arabidopsis_thaliana_Chr1_006213_1441650	sp|Q8GYB8|OPR2_ARATH	78.750	80	93	9.05e-41	137
Arabidopsis_thaliana_Chr1_006213_1441650	sp|Q9XG54|OPR1_SOLLC	78.481	79	92	1.42e-40	137
Arabidopsis_thaliana_Chr1_006213_1441650	sp|Q69TH4|OPR2_ORYSJ	78.750	80	93	1.32e-39	134
Arabidopsis_thaliana_Chr1_006213_1441650	sp|Q84QK0|OPR1_ORYSJ	78.750	80	93	1.62e-39	134
Arabidopsis_thaliana_Chr2_003873_1397148	sp|P29388|NU5M_ARATH	95.515	379	99	0.0	731
Arabidopsis_thaliana_Chr2_003873_1397148	sp|Q37680|NU5M_WHEAT	93.931	379	99	0.0	721
Arabidopsis_thaliana_Chr2_003873_1397148	sp|P10330|NU5M_OENBE	94.987	379	99	0.0	711
Arabidopsis_thaliana_Chr2_003873_1397148	sp|P26849|NU5M_MARPO	86.126	382	99	0.0	664
Arabidopsis_thaliana_Chr2_003873_1397148	sp|P50366|NU5M_PHYIN	60.789	380	99	4.36e-170	486
Arabidopsis_thaliana_Chr5_001481_1419774	sp|Q9SD82|RFA1B_ARATH	23.810	399	66	1.38e-14	79.0
Arabidopsis_thaliana_Chr5_001481_1419774	sp|Q65XV7|RFA1C_ORYSJ	21.144	402	66	3.12e-14	78.4
Arabidopsis_thaliana_Chr5_001481_1419774	sp|Q10Q08|RFA1B_ORYSJ	22.637	402	67	8.67e-14	76.7
Arabidopsis_thaliana_Chr5_001481_1419774	sp|Q6NY74|RFA1_DANRE	23.223	422	74	4.53e-11	68.3
Arabidopsis_thaliana_Chr5_001481_1419774	sp|Q01588|RFA1_XENLA	22.664	428	74	3.12e-10	65.7
Arabidopsis_thaliana_Chr5_004867_1426546	sp|O81270|PXG1_ARATH	64.444	45	98	4.08e-13	62.1
Arabidopsis_thaliana_Chr5_004867_1426546	sp|Q9FLN9|PXG2_ARATH	72.093	43	93	7.57e-13	61.5
Arabidopsis_thaliana_Chr5_004867_1426546	sp|Q9SQ57|PXG_SESIN	68.421	38	83	1.19e-11	58.4
Arabidopsis_thaliana_Chr5_004867_1426546	sp|O22788|PXG3_ARATH	64.444	45	98	5.23e-11	56.4
Arabidopsis_thaliana_Chr5_004867_1426546	sp|Q7FAX1|PXG_ORYSJ	70.270	37	80	9.18e-09	50.8
Arabidopsis_thaliana_Chr3_000811_1399352	sp|Q9SAV1|JAL6_ARATH	45.342	483	99	6.95e-109	329
Arabidopsis_thaliana_Chr3_000811_1399352	sp|Q9SAV1|JAL6_ARATH	44.156	308	99	4.96e-62	208
Arabidopsis_thaliana_Chr3_000811_1399352	sp|Q9SAV1|JAL6_ARATH	40.553	217	99	6.47e-33	130
Arabidopsis_thaliana_Chr3_000811_1399352	sp|Q9SAV1|JAL6_ARATH	33.333	306	99	6.42e-31	124
Arabidopsis_thaliana_Chr3_000811_1399352	sp|Q9SAV1|JAL6_ARATH	37.107	159	99	5.53e-18	87.7
Arabidopsis_thaliana_Chr3_000811_1399352	sp|Q9SAV1|JAL6_ARATH	34.932	146	99	1.02e-09	63.2
Arabidopsis_thaliana_Chr3_000811_1399352	sp|O80950|JAL22_ARATH	42.128	470	99	2.81e-106	318
Arabidopsis_thaliana_Chr3_000811_1399352	sp|Q9M5W9|JAL6L_ARATH	43.825	502	99	2.53e-105	320
Arabidopsis_thaliana_Chr3_000811_1399352	sp|Q9M5W9|JAL6L_ARATH	45.130	308	99	1.44e-68	225
Arabidopsis_thaliana_Chr3_000811_1399352	sp|Q9M5W9|JAL6L_ARATH	41.475	217	99	2.67e-35	136
Arabidopsis_thaliana_Chr3_000811_1399352	sp|Q9M5W9|JAL6L_ARATH	34.459	148	99	3.66e-10	64.3
Arabidopsis_thaliana_Chr3_000811_1399352	sp|O80948|JAL23_ARATH	43.191	470	99	3.53e-102	307
Arabidopsis_thaliana_Chr3_000811_1399352	sp|O04309|JAL35_ARATH	37.447	470	99	1.41e-83	259
Arabidopsis_thaliana_Chr2_003804_1397010	sp|Q9LX46|FBL68_ARATH	61.631	331	94	1.09e-128	372
Arabidopsis_thaliana_Chr2_003804_1397010	sp|Q9LX47|FDL46_ARATH	57.622	328	93	1.96e-118	347
Arabidopsis_thaliana_Chr2_003804_1397010	sp|Q8GW80|FBL65_ARATH	52.616	344	96	1.53e-106	316
Arabidopsis_thaliana_Chr2_003804_1397010	sp|Q9M3B7|FBL54_ARATH	54.688	320	91	8.54e-102	308
Arabidopsis_thaliana_Chr2_003804_1397010	sp|Q9LX51|FBL64_ARATH	49.171	362	99	1.39e-98	297
Arabidopsis_thaliana_Chr5_001503_1419818	sp|Q9SK32|MAIL1_ARATH	94.737	76	60	2.84e-44	150
Arabidopsis_thaliana_Chr5_001503_1419818	sp|Q9LMT7|MAIN_ARATH	39.474	76	60	1.37e-12	65.2
Arabidopsis_thaliana_Chr3_003734_1405198	sp|Q9XEC1|Y4443_ARATH	24.540	163	43	9.63e-08	55.6
Arabidopsis_thaliana_Chr3_001681_1401092	sp|P93295|M310_ARATH	45.098	153	20	1.97e-40	146
Arabidopsis_thaliana_Chr3_001681_1401092	sp|P0C2F6|RNHX1_ARATH	30.541	370	48	1.45e-37	147
Arabidopsis_thaliana_Chr3_001681_1401092	sp|P92555|M1250_ARATH	49.550	111	15	9.19e-23	96.4
Arabidopsis_thaliana_Chr3_001681_1401092	sp|P11369|LORF2_MOUSE	25.483	259	34	1.86e-11	71.1
Arabidopsis_thaliana_Chr3_001681_1401092	sp|O00370|LORF2_HUMAN	26.016	246	32	6.52e-11	69.4
Arabidopsis_thaliana_Chr1_002124_1433472	sp|O00370|LORF2_HUMAN	25.163	306	48	4.65e-29	124
Arabidopsis_thaliana_Chr1_002124_1433472	sp|P08548|LIN1_NYCCO	26.910	301	47	1.97e-25	113
Arabidopsis_thaliana_Chr1_002124_1433472	sp|P0C2F6|RNHX1_ARATH	22.251	391	60	1.13e-21	101
Arabidopsis_thaliana_Chr1_002124_1433472	sp|P11369|LORF2_MOUSE	23.411	299	47	1.50e-20	98.9
Arabidopsis_thaliana_Chr1_002124_1433472	sp|P14381|YTX2_XENLA	23.701	308	48	1.26e-09	64.9
Arabidopsis_thaliana_Chr4_003454_1415406	sp|Q9C633|AGL97_ARATH	71.014	69	96	1.48e-19	80.4
Arabidopsis_thaliana_Chr2_000270_1389942	sp|Q04050|NU4M_BRACM	99.225	129	94	9.49e-86	257
Arabidopsis_thaliana_Chr2_000270_1389942	sp|P93313|NU4M_ARATH	95.349	129	94	1.36e-81	247
Arabidopsis_thaliana_Chr2_000270_1389942	sp|P27572|NU4M_WHEAT	93.023	129	94	5.72e-79	240
Arabidopsis_thaliana_Chr2_000270_1389942	sp|P26848|NU4M_MARPO	85.271	129	94	2.66e-72	223
Arabidopsis_thaliana_Chr2_000270_1389942	sp|Q37617|NU4M_PROWI	61.240	129	94	1.83e-50	167
Arabidopsis_thaliana_Chr1_001868_1432960	sp|Q9C8Y8|FDL7_ARATH	90.000	90	95	4.33e-49	161
Arabidopsis_thaliana_Chr1_001868_1432960	sp|Q9C8Y5|FBD6_ARATH	65.556	90	95	2.98e-29	109
Arabidopsis_thaliana_Chr1_001868_1432960	sp|Q9C8Y6|FBD5_ARATH	62.353	85	86	6.42e-22	89.6
Arabidopsis_thaliana_Chr1_001868_1432960	sp|Q9C8Y7|FDL8_ARATH	60.674	89	91	9.10e-20	83.7
Arabidopsis_thaliana_Chr1_001868_1432960	sp|Q9ZV93|FDL10_ARATH	56.818	88	91	9.23e-20	83.7
Arabidopsis_thaliana_ChrM_000002_1416752	sp|P93298|ATP61_ARATH	99.740	385	99	0.0	751
Arabidopsis_thaliana_ChrM_000002_1416752	sp|P05499|ATP6_TOBAC	72.280	386	99	0.0	525
Arabidopsis_thaliana_ChrM_000002_1416752	sp|P92547|ATP62_ARATH	99.603	252	65	7.50e-179	499
Arabidopsis_thaliana_ChrM_000002_1416752	sp|Q31720|ATP6_BRANA	96.899	258	67	2.99e-169	472
Arabidopsis_thaliana_ChrM_000002_1416752	sp|P05500|ATP6_OENBE	91.016	256	66	1.23e-159	448
Arabidopsis_thaliana_Chr1_005014_1439252	sp|Q9FVV8|FB87_ARATH	80.637	408	99	0.0	664
Arabidopsis_thaliana_Chr1_005014_1439252	sp|Q9C800|FB34_ARATH	30.585	376	90	1.19e-30	121
Arabidopsis_thaliana_Chr1_005014_1439252	sp|Q9ZPS1|FB94_ARATH	30.000	320	77	2.08e-24	102
Arabidopsis_thaliana_Chr1_005014_1439252	sp|Q9SAF4|FBK3_ARATH	28.652	356	83	1.59e-14	76.4
Arabidopsis_thaliana_Chr1_005014_1439252	sp|Q9LPW2|FBK2_ARATH	26.225	347	83	2.18e-13	73.0
Arabidopsis_thaliana_Chr5_000186_1417184	sp|B3H453|SPH8_ARATH	29.851	134	98	1.96e-14	66.6
Arabidopsis_thaliana_Chr5_000186_1417184	sp|Q9LW22|SPH21_ARATH	31.111	135	99	1.13e-12	62.1
Arabidopsis_thaliana_Chr5_000186_1417184	sp|B3H4B5|SPH11_ARATH	30.882	136	98	7.56e-12	60.1
Arabidopsis_thaliana_Chr5_000186_1417184	sp|Q9FF19|SPH9_ARATH	31.429	140	98	1.59e-11	59.0
Arabidopsis_thaliana_Chr5_000186_1417184	sp|Q9FIV3|SPH25_ARATH	26.190	126	94	1.69e-09	53.9
Arabidopsis_thaliana_Chr5_001393_1419598	sp|Q84LH3|WEX_ARATH	78.431	51	78	2.18e-18	77.3
Arabidopsis_thaliana_Chr1_004860_1438944	sp|Q84UU4|HUMS_ARATH	68.790	157	83	2.67e-73	228
Arabidopsis_thaliana_Chr1_004860_1438944	sp|G5CV45|TPS32_SOLLC	52.500	160	84	4.04e-55	181
Arabidopsis_thaliana_Chr1_004860_1438944	sp|G5CV46|TPS31_SOLLC	52.500	160	84	5.80e-55	181
Arabidopsis_thaliana_Chr1_004860_1438944	sp|Q9XJ32|VTSS1_SOLTU	54.487	156	82	6.13e-55	181
Arabidopsis_thaliana_Chr1_004860_1438944	sp|B9RI00|TPS6_RICCO	50.292	171	85	3.30e-52	174
Arabidopsis_thaliana_Chr1_006195_1441614	sp|P08770|TRA1_MAIZE	33.333	153	49	1.23e-22	99.5
Arabidopsis_thaliana_Chr1_006195_1441614	sp|P03010|TRAC9_MAIZE	33.333	153	49	2.00e-22	98.9
Arabidopsis_thaliana_Chr1_006195_1441614	sp|Q6AVI0|RSLE2_ORYSJ	25.275	273	77	2.65e-18	86.8
Arabidopsis_thaliana_Chr1_006195_1441614	sp|B9FJG3|RSLE1_ORYSJ	24.746	295	84	3.84e-18	86.3
Arabidopsis_thaliana_Chr1_006195_1441614	sp|Q9M2N5|DSLE_ARATH	27.222	180	58	7.91e-18	85.4
Arabidopsis_thaliana_Chr4_000755_1410008	sp|Q6NQN8|VLG_ARATH	28.082	146	27	8.62e-06	49.7
Arabidopsis_thaliana_Chr3_003715_1405160	sp|F4JTJ9|ASY2_ARATH	38.235	102	18	1.28e-14	80.1
Arabidopsis_thaliana_Chr2_004014_1397430	sp|Q6R8G4|PHO16_ARATH	100.000	64	98	4.57e-39	137
Arabidopsis_thaliana_Chr2_004014_1397430	sp|Q6R8G7|PHO13_ARATH	79.688	64	98	3.71e-30	113
Arabidopsis_thaliana_Chr2_004014_1397430	sp|Q6R8G5|PHO15_ARATH	82.540	63	97	4.15e-30	112
Arabidopsis_thaliana_Chr2_004014_1397430	sp|Q6R8G6|PHO14_ARATH	76.190	63	97	2.51e-28	107
Arabidopsis_thaliana_Chr2_004014_1397430	sp|Q6R8G8|PHO12_ARATH	73.016	63	97	2.93e-28	107
Arabidopsis_thaliana_Chr4_004041_1416580	sp|Q84VX0|RFS1_ARATH	73.944	284	99	8.80e-129	378
Arabidopsis_thaliana_Chr4_004041_1416580	sp|Q94A08|RFS2_ARATH	41.901	284	99	1.34e-62	207
Arabidopsis_thaliana_Chr4_004041_1416580	sp|Q8RX87|RFS6_ARATH	41.667	276	99	2.34e-51	176
Arabidopsis_thaliana_Chr4_004041_1416580	sp|Q9FND9|RFS5_ARATH	30.798	263	95	3.10e-33	128
Arabidopsis_thaliana_Chr4_004041_1416580	sp|Q8VWN6|RFS_PEA	33.692	279	99	7.57e-30	118
Arabidopsis_thaliana_Chr5_001562_1419936	sp|O23257|FBL72_ARATH	85.246	61	71	6.08e-29	107
Arabidopsis_thaliana_Chr5_001562_1419936	sp|Q9SSR7|FBL31_ARATH	80.328	61	71	4.07e-28	105
Arabidopsis_thaliana_Chr5_001562_1419936	sp|Q9LXS0|FB206_ARATH	78.689	61	71	2.26e-26	100
Arabidopsis_thaliana_Chr5_001562_1419936	sp|Q3E8L4|FBL86_ARATH	72.131	61	71	8.90e-24	94.4
Arabidopsis_thaliana_Chr5_001562_1419936	sp|Q3E8L5|FBL85_ARATH	72.131	61	71	3.29e-23	92.2
Arabidopsis_thaliana_Chr3_001147_1400024	sp|Q9LRL2|CRR25_ARATH	100.000	110	99	5.42e-76	226
Arabidopsis_thaliana_Chr3_001147_1400024	sp|Q9SIP6|CRR10_ARATH	69.725	109	98	7.43e-53	167
Arabidopsis_thaliana_Chr3_001147_1400024	sp|Q9LRL4|CRR24_ARATH	67.273	110	99	3.23e-51	162
Arabidopsis_thaliana_Chr3_001147_1400024	sp|Q9LRL6|CRR23_ARATH	69.444	108	97	6.32e-51	162
Arabidopsis_thaliana_Chr3_001147_1400024	sp|Q9LRL8|CRR21_ARATH	68.519	108	97	1.93e-49	158
Arabidopsis_thaliana_Chr4_003724_1415946	sp|Q9SZ95|FB224_ARATH	79.795	391	99	0.0	601
Arabidopsis_thaliana_Chr4_003724_1415946	sp|Q9LUQ9|FBK56_ARATH	46.192	407	96	1.62e-102	305
Arabidopsis_thaliana_Chr4_003724_1415946	sp|Q84X17|FB112_ARATH	43.627	408	97	8.19e-96	287
Arabidopsis_thaliana_Chr4_003724_1415946	sp|Q9FIH1|FB281_ARATH	44.059	404	97	5.91e-95	285
Arabidopsis_thaliana_Chr4_003724_1415946	sp|Q9LJZ8|FB167_ARATH	44.471	416	99	9.38e-93	280
Arabidopsis_thaliana_Chr2_002255_1393912	sp|Q94L32|NMT2_ARATH	91.628	430	99	0.0	799
Arabidopsis_thaliana_Chr2_002255_1393912	sp|Q9LTR9|NMT1_ARATH	68.293	410	94	0.0	545
Arabidopsis_thaliana_Chr2_002255_1393912	sp|O70310|NMT1_MOUSE	38.028	426	98	6.30e-93	284
Arabidopsis_thaliana_Chr2_002255_1393912	sp|Q8K1Q0|NMT1_RAT	38.028	426	98	8.10e-93	284
Arabidopsis_thaliana_Chr2_002255_1393912	sp|P30419|NMT1_HUMAN	38.028	426	98	5.97e-92	281
Arabidopsis_thaliana_Chr4_003341_1415180	sp|F4JMH9|HSP57_ARATH	71.429	56	68	2.13e-23	94.1
Arabidopsis_thaliana_Chr4_003341_1415180	sp|F4JMH9|HSP57_ARATH	64.286	42	68	8.81e-10	56.2
Arabidopsis_thaliana_ChrM_000013_1416774	sp|P60621|COX1_RAPSA	100.000	527	99	0.0	1056
Arabidopsis_thaliana_ChrM_000013_1416774	sp|P60620|COX1_ARATH	100.000	527	99	0.0	1056
Arabidopsis_thaliana_ChrM_000013_1416774	sp|P24794|COX1_BETVU	99.046	524	99	0.0	1043
Arabidopsis_thaliana_ChrM_000013_1416774	sp|P14578|COX1_ORYSJ	97.710	524	99	0.0	1021
Arabidopsis_thaliana_ChrM_000013_1416774	sp|P05502|COX1_SORBI	96.584	527	99	0.0	1018
Arabidopsis_thaliana_Chr4_003890_1416278	sp|Q9LP10|Y1920_ARATH	50.658	152	97	3.28e-41	136
Arabidopsis_thaliana_Chr5_000688_1418188	sp|F4JTJ9|ASY2_ARATH	94.737	57	30	1.82e-32	124
Arabidopsis_thaliana_Chr3_000914_1399558	sp|Q9LVW7|CARA_ARATH	80.597	268	99	5.20e-154	437
Arabidopsis_thaliana_Chr3_000914_1399558	sp|Q9LVW7|CARA_ARATH	67.416	89	99	1.61e-30	119
Arabidopsis_thaliana_Chr3_000914_1399558	sp|Q6YV23|CARA_ORYSJ	67.568	259	91	5.46e-129	373
Arabidopsis_thaliana_Chr3_000914_1399558	sp|Q6YV23|CARA_ORYSJ	55.714	70	91	9.07e-14	73.3
Arabidopsis_thaliana_Chr3_000914_1399558	sp|Q3A450|CARA_SYNC1	40.755	265	73	2.65e-71	224
Arabidopsis_thaliana_Chr3_000914_1399558	sp|Q8YXQ7|CARA_NOSS1	44.610	269	73	7.92e-71	223
Arabidopsis_thaliana_Chr3_000914_1399558	sp|P74587|CARA_SYNY3	44.528	265	72	7.28e-70	220
Arabidopsis_thaliana_Chr1_006118_1441460	sp|Q9SS94|CD48C_ARATH	62.500	136	85	1.04e-50	172
Arabidopsis_thaliana_Chr1_006118_1441460	sp|Q9SS94|CD48C_ARATH	40.146	137	85	4.98e-19	84.9
Arabidopsis_thaliana_Chr1_006118_1441460	sp|D0LWB8|FTSH_HALO1	48.734	158	98	1.28e-36	133
Arabidopsis_thaliana_Chr1_006118_1441460	sp|P94304|FTSH_ALKPO	46.203	158	98	9.14e-36	131
Arabidopsis_thaliana_Chr1_006118_1441460	sp|Q4L3G8|FTSH_STAHJ	45.570	158	98	2.68e-35	130
Arabidopsis_thaliana_Chr1_006118_1441460	sp|A0L4S0|FTSH_MAGMM	45.283	159	99	4.79e-35	129
Arabidopsis_thaliana_Chr2_000414_1390230	sp|Q8L727|GSTT2_ARATH	34.507	142	71	9.14e-21	92.2
Arabidopsis_thaliana_Chr2_000414_1390230	sp|Q8L727|GSTT2_ARATH	34.545	110	71	2.67e-06	50.5
Arabidopsis_thaliana_Chr2_000414_1390230	sp|Q9FHE1|GSTT3_ARATH	33.566	143	50	4.09e-19	87.7
Arabidopsis_thaliana_Chr2_000414_1390230	sp|Q9FQ24|TON1B_ARATH	84.211	38	15	1.31e-14	72.2
Arabidopsis_thaliana_Chr2_000414_1390230	sp|Q9FQ25|TON1A_ARATH	78.947	38	15	1.94e-12	66.3
Arabidopsis_thaliana_Chr3_005038_1407806	sp|Q8LFH5|SWET8_ARATH	45.783	166	92	1.36e-44	147
Arabidopsis_thaliana_Chr3_005038_1407806	sp|Q8LBF7|SWET7_ARATH	37.989	179	99	8.92e-37	127
Arabidopsis_thaliana_Chr3_005038_1407806	sp|Q8LR09|SWT6A_ORYSJ	37.222	180	99	3.54e-31	113
Arabidopsis_thaliana_Chr3_005038_1407806	sp|A2WSD8|SWT6A_ORYSI	37.222	180	99	3.65e-31	113
Arabidopsis_thaliana_Chr3_005038_1407806	sp|A2YZ24|SWT7B_ORYSI	34.463	177	98	9.47e-31	112
Arabidopsis_thaliana_Chr2_000327_1390056	sp|Q6NQN8|VLG_ARATH	28.777	139	36	1.79e-09	59.5
Arabidopsis_thaliana_Chr3_003579_1404888	sp|A5PHT0|Y1448_ARATH	48.760	121	79	1.61e-32	120
Arabidopsis_thaliana_Chr3_003579_1404888	sp|Q9ZQR3|Y2451_ARATH	39.716	141	88	9.67e-20	86.6
Arabidopsis_thaliana_Chr3_003579_1404888	sp|C0LGD6|Y1570_ARATH	37.333	150	95	1.63e-18	83.2
Arabidopsis_thaliana_Chr3_003579_1404888	sp|Q9ZQQ7|Y2144_ARATH	36.806	144	89	3.45e-17	79.2
Arabidopsis_thaliana_Chr3_003579_1404888	sp|Q9LIG2|RLK6_ARATH	38.235	136	85	1.23e-15	75.0
Arabidopsis_thaliana_Chr2_001280_1391962	sp|O22793|MORF2_ARATH	100.000	219	99	1.13e-165	457
Arabidopsis_thaliana_Chr2_001280_1391962	sp|Q9C7Y2|MORF5_ARATH	80.447	179	81	7.32e-110	315
Arabidopsis_thaliana_Chr2_001280_1391962	sp|O82169|MORF6_ARATH	76.166	193	87	4.72e-106	305
Arabidopsis_thaliana_Chr2_001280_1391962	sp|Q9LPZ1|MORF9_ARATH	60.000	105	48	1.06e-43	146
Arabidopsis_thaliana_Chr2_001280_1391962	sp|Q38732|DAG_ANTMA	60.000	105	48	3.52e-43	144
Arabidopsis_thaliana_Chr1_004804_1438832	sp|Q5ACM4|PNO1_CANAL	52.500	40	85	2.34e-10	55.3
Arabidopsis_thaliana_Chr1_004804_1438832	sp|Q4WNG7|PNO1_ASPFU	45.000	40	85	7.66e-08	48.3
Arabidopsis_thaliana_Chr1_004804_1438832	sp|P0CO47|PNO1_CRYD3	41.026	39	83	1.30e-07	47.7
Arabidopsis_thaliana_Chr1_004804_1438832	sp|P0CO46|PNO1_CRYD1	41.026	39	83	1.30e-07	47.7
Arabidopsis_thaliana_Chr1_004804_1438832	sp|Q0UWT7|PNO1_PHANO	47.222	36	77	1.88e-07	47.4
Arabidopsis_thaliana_Chr3_004454_1406638	sp|Q6AVI0|RSLE2_ORYSJ	23.684	532	89	4.17e-43	161
Arabidopsis_thaliana_Chr3_004454_1406638	sp|B9FJG3|RSLE1_ORYSJ	24.060	532	89	7.36e-43	161
Arabidopsis_thaliana_Chr3_004454_1406638	sp|Q75HY5|RSLE3_ORYSJ	23.596	534	89	5.28e-39	150
Arabidopsis_thaliana_Chr3_004454_1406638	sp|Q9M2N5|DSLE_ARATH	24.096	498	84	5.17e-34	136
Arabidopsis_thaliana_Chr3_004454_1406638	sp|P08770|TRA1_MAIZE	22.388	536	90	2.06e-28	121
Arabidopsis_thaliana_Chr1_004636_1438496	sp|Q9ZP55|DRP4C_ARATH	79.114	158	96	5.69e-91	276
Arabidopsis_thaliana_ChrM_000019_1416786	sp|P92547|ATP62_ARATH	99.713	349	99	0.0	704
Arabidopsis_thaliana_ChrM_000019_1416786	sp|P93298|ATP61_ARATH	99.603	252	72	5.41e-179	500
Arabidopsis_thaliana_ChrM_000019_1416786	sp|Q31720|ATP6_BRANA	98.413	252	72	3.07e-167	466
Arabidopsis_thaliana_ChrM_000019_1416786	sp|P05500|ATP6_OENBE	90.000	260	74	3.60e-159	446
Arabidopsis_thaliana_ChrM_000019_1416786	sp|Q04654|ATP6_VICFA	87.160	257	73	8.02e-153	430
Arabidopsis_thaliana_ChrM_000012_1416772	sp|P93314|M590_ARATH	91.054	313	99	0.0	520
Arabidopsis_thaliana_ChrM_000012_1416772	sp|P49390|CYB_BRANA	68.116	69	24	2.65e-25	97.5
Arabidopsis_thaliana_ChrM_000012_1416772	sp|P92528|M910_ARATH	39.333	150	51	6.52e-22	91.3
Arabidopsis_thaliana_ChrM_000012_1416772	sp|P42792|CYB_ARATH	66.667	69	24	1.15e-21	93.6
Arabidopsis_thaliana_ChrM_000012_1416772	sp|P0C524|CYB_ORYSJ	63.768	69	24	9.91e-21	91.1
Arabidopsis_thaliana_Chr3_003782_1405294	sp|Q56X72|RTNLS_ARATH	85.455	55	31	1.59e-24	99.5
Arabidopsis_thaliana_Chr3_003782_1405294	sp|Q6J9N8|AIL7_ARATH	53.012	83	42	1.30e-17	80.6
Arabidopsis_thaliana_Chr3_003782_1405294	sp|Q6PQQ3|AIL5_ARATH	45.192	104	54	8.88e-16	75.9
Arabidopsis_thaliana_Chr3_003782_1405294	sp|Q5YGP8|PLET1_ARATH	37.500	144	77	1.32e-15	75.3
Arabidopsis_thaliana_Chr3_003782_1405294	sp|Q38914|ANT_ARATH	38.760	129	64	1.42e-15	75.3
Arabidopsis_thaliana_Chr3_001098_1399926	sp|P10978|POLX_TOBAC	23.669	338	76	3.29e-06	52.5
Arabidopsis_thaliana_Chr4_000248_1408994	sp|O04244|Y4200_ARATH	58.861	316	79	2.66e-109	321
Arabidopsis_thaliana_Chr2_003876_1397154	sp|P60498|NU6M_BRACM	100.000	48	96	3.04e-27	98.1
Arabidopsis_thaliana_Chr2_003876_1397154	sp|Q02500|NU6M_WHEAT	95.833	48	96	1.61e-24	91.9
Arabidopsis_thaliana_Chr2_003876_1397154	sp|P60497|NU6M_ARATH	93.750	48	96	1.34e-23	88.8
Arabidopsis_thaliana_Chr2_003876_1397154	sp|P26850|NU6M_MARPO	80.851	47	94	3.84e-18	74.7
Arabidopsis_thaliana_Chr2_003876_1397154	sp|Q37626|NU6M_PROWI	63.830	47	94	9.04e-14	63.5
Arabidopsis_thaliana_Chr1_004567_1438358	sp|Q8BR93|HARB1_MOUSE	28.488	172	24	7.21e-09	60.7
Arabidopsis_thaliana_Chr1_004567_1438358	sp|B0BN95|HARB1_RAT	27.381	168	23	1.88e-08	59.3
Arabidopsis_thaliana_Chr1_004567_1438358	sp|Q96MB7|HARB1_HUMAN	24.215	223	30	1.09e-06	54.2
Arabidopsis_thaliana_Chr1_004567_1438358	sp|Q17QR8|HARB1_BOVIN	26.627	169	23	1.43e-06	53.6
Arabidopsis_thaliana_Chr1_006831_1442886	sp|Q94A15|APTG1_ARATH	70.270	74	66	5.89e-20	85.1
Arabidopsis_thaliana_Chr2_003929_1397260	sp|Q65XV7|RFA1C_ORYSJ	20.200	401	67	3.13e-13	75.6
Arabidopsis_thaliana_Chr2_003929_1397260	sp|Q9SD82|RFA1B_ARATH	20.244	410	69	2.74e-11	69.1
Arabidopsis_thaliana_Chr2_003929_1397260	sp|Q10Q08|RFA1B_ORYSJ	20.398	402	67	2.92e-11	69.1
Arabidopsis_thaliana_Chr2_003929_1397260	sp|Q9FME0|RFA1D_ARATH	21.581	468	79	1.15e-08	60.9
Arabidopsis_thaliana_Chr2_003929_1397260	sp|Q01588|RFA1_XENLA	22.749	211	35	2.10e-07	57.0
Arabidopsis_thaliana_Chr5_005615_1428042	sp|P0C2F6|RNHX1_ARATH	22.527	364	63	2.88e-24	107
Arabidopsis_thaliana_Chr5_005615_1428042	sp|O00370|LORF2_HUMAN	22.000	200	35	1.39e-08	61.2
Arabidopsis_thaliana_Chr5_005615_1428042	sp|P93295|M310_ARATH	27.273	143	25	7.54e-06	48.6
Arabidopsis_thaliana_Chr2_000975_1391352	sp|Q6NKT5|RGAP5_ARATH	86.624	157	94	1.36e-102	297
Arabidopsis_thaliana_Chr2_000975_1391352	sp|Q9FMR1|RGAP1_ARATH	73.418	158	95	8.02e-86	258
Arabidopsis_thaliana_Chr2_000975_1391352	sp|Q9CAX8|RGAP4_ARATH	70.886	158	95	2.63e-81	246
Arabidopsis_thaliana_Chr2_000975_1391352	sp|Q8GYY5|RGAP3_ARATH	65.190	158	95	6.69e-73	224
Arabidopsis_thaliana_Chr2_000975_1391352	sp|F4JI46|RGAP2_ARATH	59.119	159	95	4.30e-70	217
Arabidopsis_thaliana_Chr5_004593_1425998	sp|Q94HW2|POLR1_ARATH	52.830	53	87	2.29e-07	48.3
Arabidopsis_thaliana_Chr5_004593_1425998	sp|Q9ZT94|POLR2_ARATH	50.943	53	87	5.26e-07	47.2
Arabidopsis_thaliana_Chr5_003737_1424286	sp|Q9FM92|FBD22_ARATH	54.545	55	96	3.69e-12	61.5
Arabidopsis_thaliana_Chr5_003737_1424286	sp|Q9LQM1|FBD39_ARATH	59.259	54	95	1.21e-11	60.1
Arabidopsis_thaliana_Chr5_004355_1425522	sp|Q9FI21|BBE28_ARATH	78.758	499	99	0.0	777
Arabidopsis_thaliana_Chr5_004355_1425522	sp|Q9FI25|BBE27_ARATH	68.986	503	99	0.0	679
Arabidopsis_thaliana_Chr5_004355_1425522	sp|Q9SVG5|BBE18_ARATH	59.562	502	99	0.0	578
Arabidopsis_thaliana_Chr5_004355_1425522	sp|F1BVB6|STOX_BERWI	44.603	491	95	3.10e-146	423
Arabidopsis_thaliana_Chr5_004355_1425522	sp|A0A2S1XB67|ASO_CATRO	41.551	503	98	2.66e-129	380
Arabidopsis_thaliana_Chr4_000535_1409568	sp|P10978|POLX_TOBAC	35.789	95	75	6.14e-14	69.4
Arabidopsis_thaliana_Chr1_006248_1441720	sp|Q9LP10|Y1920_ARATH	42.857	154	87	1.34e-24	93.9
Arabidopsis_thaliana_Chr1_006248_1441720	sp|Q9ZS96|Y4478_ARATH	44.444	54	30	4.56e-11	59.3
Arabidopsis_thaliana_Chr3_001140_1400010	sp|Q9LRL9|CRR20_ARATH	100.000	113	99	5.79e-81	239
Arabidopsis_thaliana_Chr3_001140_1400010	sp|Q9LRK9|CRR28_ARATH	59.091	110	96	6.42e-41	136
Arabidopsis_thaliana_Chr3_001140_1400010	sp|P0CJ61|CRR54_ARATH	54.545	110	96	1.27e-35	122
Arabidopsis_thaliana_Chr3_001140_1400010	sp|P0CJ60|CRR53_ARATH	54.545	110	96	1.27e-35	122
Arabidopsis_thaliana_Chr3_001140_1400010	sp|P0CJ59|CRR52_ARATH	54.545	110	96	1.27e-35	122
Arabidopsis_thaliana_Chr3_003634_1404998	sp|Q9M237|Y3353_ARATH	31.250	336	48	5.94e-38	148
Arabidopsis_thaliana_Chr4_003271_1415040	sp|Q8GWE1|UCH3_ARATH	81.633	49	86	6.51e-17	72.2
Arabidopsis_thaliana_Chr4_003271_1415040	sp|P50103|UCHL1_MONDO	46.667	45	79	8.04e-09	51.1
Arabidopsis_thaliana_Chr4_003271_1415040	sp|Q06AB3|UCHL3_PIG	46.939	49	86	7.98e-08	48.6
Arabidopsis_thaliana_Chr4_003271_1415040	sp|Q2TBG8|UCHL3_BOVIN	46.939	49	86	1.24e-07	48.0
Arabidopsis_thaliana_Chr4_003271_1415040	sp|P15374|UCHL3_HUMAN	44.898	49	86	3.57e-07	46.6
Arabidopsis_thaliana_Chr1_004536_1438296	sp|C0LGD9|Y1756_ARATH	53.571	672	99	0.0	712
Arabidopsis_thaliana_Chr1_004536_1438296	sp|Q9ZQR3|Y2451_ARATH	55.793	656	97	0.0	696
Arabidopsis_thaliana_Chr1_004536_1438296	sp|Q9LIG2|RLK6_ARATH	52.237	693	99	0.0	692
Arabidopsis_thaliana_Chr1_004536_1438296	sp|O81069|Y2899_ARATH	53.363	684	99	0.0	689
Arabidopsis_thaliana_Chr1_004536_1438296	sp|Q9SI06|Y5573_ARATH	52.993	685	99	0.0	688
Arabidopsis_thaliana_Chr1_000513_1430250	sp|Q9SAF4|FBK3_ARATH	70.501	339	99	6.96e-179	500
Arabidopsis_thaliana_Chr1_000513_1430250	sp|Q9LPW4|FB7_ARATH	68.421	342	99	2.76e-165	466
Arabidopsis_thaliana_Chr1_000513_1430250	sp|Q9LPW2|FBK2_ARATH	53.488	344	99	4.52e-116	339
Arabidopsis_thaliana_Chr1_000513_1430250	sp|Q9LX89|FB255_ARATH	31.085	341	99	2.85e-33	126
Arabidopsis_thaliana_Chr1_000513_1430250	sp|Q7X7A9|FB4_ARATH	40.306	196	57	2.74e-31	118
Arabidopsis_thaliana_Chr2_000852_1391106	sp|Q0E3C8|CLPB3_ORYSJ	80.702	57	98	3.42e-26	101
Arabidopsis_thaliana_Chr2_000852_1391106	sp|Q75GT3|CLPB2_ORYSJ	78.947	57	98	2.14e-25	99.5
Arabidopsis_thaliana_Chr2_000852_1391106	sp|Q74FF1|CLPB_GEOSL	73.684	57	98	3.31e-23	93.3
Arabidopsis_thaliana_Chr2_000852_1391106	sp|Q7NWN7|CLPB_CHRVO	75.000	56	97	1.16e-22	91.6
Arabidopsis_thaliana_Chr2_000852_1391106	sp|Q7NFE9|CLPB_GLOVI	71.930	57	98	2.00e-22	91.1
Arabidopsis_thaliana_Chr1_004359_1437942	sp|Q9C9L5|WAKLH_ARATH	83.824	136	96	7.55e-70	222
Arabidopsis_thaliana_Chr1_004359_1437942	sp|Q9S9M5|WAKLA_ARATH	70.149	134	94	1.01e-60	197
Arabidopsis_thaliana_Chr1_004359_1437942	sp|Q9SA25|WAKLG_ARATH	67.176	131	92	1.69e-53	178
Arabidopsis_thaliana_Chr1_004359_1437942	sp|Q8VYA3|WAKLJ_ARATH	85.075	134	94	3.77e-51	172
Arabidopsis_thaliana_Chr1_004359_1437942	sp|Q9LMT9|WAKLL_ARATH	74.627	134	94	6.98e-51	172
Arabidopsis_thaliana_Chr3_000952_1399634	sp|Q6NQG7|ATL78_ARATH	68.981	216	95	4.26e-96	280
Arabidopsis_thaliana_Chr3_000952_1399634	sp|P0C034|ATL10_ARATH	48.095	210	91	1.13e-62	195
Arabidopsis_thaliana_Chr3_000952_1399634	sp|Q94BY6|ATL75_ARATH	48.039	204	89	2.46e-61	191
Arabidopsis_thaliana_Chr3_000952_1399634	sp|Q6NML0|ATL76_ARATH	46.377	207	90	3.80e-60	188
Arabidopsis_thaliana_Chr3_000952_1399634	sp|Q9LS99|ATL77_ARATH	41.553	219	94	4.58e-54	172
Arabidopsis_thaliana_Chr3_001599_1400928	sp|Q8VYJ7|CLPB4_ARATH	64.315	496	99	0.0	605
Arabidopsis_thaliana_Chr3_001599_1400928	sp|Q0E3C8|CLPB3_ORYSJ	55.894	492	97	6.19e-179	519
Arabidopsis_thaliana_Chr3_001599_1400928	sp|Q9LF37|CLPB3_ARATH	50.794	504	99	1.44e-156	461
Arabidopsis_thaliana_Chr3_001599_1400928	sp|Q75GT3|CLPB2_ORYSJ	50.000	498	98	6.02e-152	449
Arabidopsis_thaliana_Chr3_001599_1400928	sp|Q8YM56|CLPB2_NOSS1	47.143	490	98	3.03e-144	427
Arabidopsis_thaliana_ChrM_000030_1416808	sp|P93285|COX2_ARATH	96.552	232	73	1.70e-165	460
Arabidopsis_thaliana_ChrM_000030_1416808	sp|P05491|COX2_SOYBN	93.913	230	73	1.27e-160	448
Arabidopsis_thaliana_ChrM_000030_1416808	sp|P98012|COX2_BETVU	92.241	232	73	1.46e-160	448
Arabidopsis_thaliana_ChrM_000030_1416808	sp|P27168|COX2_DAUCA	94.248	226	72	9.65e-158	441
Arabidopsis_thaliana_ChrM_000030_1416808	sp|P08744|COX2_PEA	92.576	229	72	3.56e-157	439
Arabidopsis_thaliana_Chr5_003095_1423002	sp|P0DN96|PCEP7_ARATH	100.000	76	99	1.60e-41	132
Arabidopsis_thaliana_Chr5_003095_1423002	sp|O80460|PCEP3_ARATH	40.506	79	95	4.46e-09	50.3
Arabidopsis_thaliana_Chr5_003095_1423002	sp|P0DN97|PCEP8_ARATH	34.483	87	99	3.85e-08	48.0
Arabidopsis_thaliana_Chr1_005860_1440944	sp|Q6E244|Y3258_ARATH	56.410	117	21	1.79e-27	109
Arabidopsis_thaliana_Chr1_005860_1440944	sp|Q5BPN1|Y3572_ARATH	41.667	120	21	1.74e-18	84.3
Arabidopsis_thaliana_Chr1_005860_1440944	sp|Q9LM50|E2204_ARATH	37.857	140	25	2.30e-16	81.8
Arabidopsis_thaliana_Chr1_005860_1440944	sp|Q9T0D7|Y4170_ARATH	48.000	100	18	3.27e-16	78.7
Arabidopsis_thaliana_Chr1_005860_1440944	sp|Q9LH42|Y3195_ARATH	39.837	123	21	7.75e-12	68.5
Arabidopsis_thaliana_Chr2_000848_1391098	sp|Q9SIW2|CHR35_ARATH	38.400	375	72	7.89e-85	273
Arabidopsis_thaliana_Chr2_000848_1391098	sp|Q9LK10|CLSY4_ARATH	28.462	260	48	4.47e-22	101
Arabidopsis_thaliana_Chr2_000848_1391098	sp|Q9M297|CLSY1_ARATH	25.166	302	55	1.69e-19	93.9
Arabidopsis_thaliana_Chr2_000848_1391098	sp|F4K493|CLSY2_ARATH	26.316	266	50	2.17e-19	93.6
Arabidopsis_thaliana_Chr2_000848_1391098	sp|F4I8S3|CLSY3_ARATH	27.626	257	44	6.26e-18	89.4
Arabidopsis_thaliana_Chr4_004088_1416674	sp|O65271|FOLD4_ARATH	46.552	116	96	6.60e-15	70.2
Arabidopsis_thaliana_Chr4_004088_1416674	sp|O65269|FOLD3_ARATH	46.429	84	77	3.61e-11	59.8
Arabidopsis_thaliana_Chr5_001532_1419876	sp|Q9LS21|U76E9_ARATH	75.610	41	98	8.32e-14	65.5
Arabidopsis_thaliana_Chr5_001532_1419876	sp|Q9LS16|U76E7_ARATH	78.049	41	98	1.19e-12	62.4
Arabidopsis_thaliana_Chr5_001532_1419876	sp|Q9LTH3|U76E1_ARATH	56.098	41	98	2.77e-08	50.0
Arabidopsis_thaliana_Chr5_001532_1419876	sp|Q9STE3|U76E4_ARATH	58.537	41	98	9.57e-07	45.8
Arabidopsis_thaliana_Chr5_001532_1419876	sp|Q94AB5|U7E12_ARATH	58.537	41	98	1.16e-06	45.5
Arabidopsis_thaliana_Chr3_003626_1404982	sp|Q99315|YG31B_YEAST	42.241	116	16	2.85e-23	108
Arabidopsis_thaliana_Chr3_003626_1404982	sp|Q7LHG5|YI31B_YEAST	42.241	116	16	3.03e-23	108
Arabidopsis_thaliana_Chr3_003626_1404982	sp|P10394|POL4_DROME	35.762	151	20	6.09e-19	94.7
Arabidopsis_thaliana_Chr3_003626_1404982	sp|Q8I7P9|POL5_DROME	30.519	154	21	2.88e-18	92.5
Arabidopsis_thaliana_Chr3_003626_1404982	sp|P20825|POL2_DROME	37.037	108	14	7.03e-16	84.9
Arabidopsis_thaliana_Chr2_003485_1396372	sp|Q9C6T0|NIP31_ARATH	94.690	113	95	1.61e-75	230
Arabidopsis_thaliana_Chr2_003485_1396372	sp|Q9C6T0|NIP31_ARATH	94.118	119	95	1.18e-72	223
Arabidopsis_thaliana_Chr2_003485_1396372	sp|P08995|NO26_SOYBN	52.101	119	73	3.33e-36	128
Arabidopsis_thaliana_Chr2_003485_1396372	sp|P08995|NO26_SOYBN	32.192	146	73	3.41e-15	73.6
Arabidopsis_thaliana_Chr2_003485_1396372	sp|Q8VZW1|NIP11_ARATH	52.101	119	73	2.21e-33	121
Arabidopsis_thaliana_Chr2_003485_1396372	sp|Q8VZW1|NIP11_ARATH	56.897	58	73	3.15e-17	79.2
Arabidopsis_thaliana_Chr2_003485_1396372	sp|Q8LFP7|NIP12_ARATH	60.870	92	62	5.75e-33	120
Arabidopsis_thaliana_Chr2_003485_1396372	sp|Q8LFP7|NIP12_ARATH	60.345	58	62	1.77e-18	82.6
Arabidopsis_thaliana_Chr2_003485_1396372	sp|Q0DK16|NIP13_ORYSJ	52.475	101	65	8.06e-32	117
Arabidopsis_thaliana_Chr2_003485_1396372	sp|Q0DK16|NIP13_ORYSJ	57.627	59	65	2.74e-15	73.9
Arabidopsis_thaliana_Chr4_000398_1409294	sp|B3CRZ0|RL20_ORITI	63.514	74	84	1.02e-28	101
Arabidopsis_thaliana_Chr4_000398_1409294	sp|A5CCZ4|RL20_ORITB	63.514	74	84	2.11e-28	100
Arabidopsis_thaliana_Chr4_000398_1409294	sp|B6IPJ8|RL20_RHOCS	55.263	76	86	3.12e-27	97.5
Arabidopsis_thaliana_Chr4_000398_1409294	sp|Q3YSX0|RL20_EHRCJ	60.526	76	86	4.03e-27	97.5
Arabidopsis_thaliana_Chr4_000398_1409294	sp|Q2GHR2|RL20_EHRCR	59.211	76	86	1.44e-26	96.1
Arabidopsis_thaliana_Chr4_004069_1416636	sp|Q9LRZ3|PUM24_ARATH	59.375	64	41	3.00e-14	70.2
Arabidopsis_thaliana_Chr4_002097_1412692	sp|Q9FI71|FK121_ARATH	65.116	86	98	1.23e-34	121
Arabidopsis_thaliana_Chr4_002097_1412692	sp|Q9FI72|FK120_ARATH	59.302	86	98	1.07e-31	114
Arabidopsis_thaliana_Chr4_002097_1412692	sp|Q3ED92|FK127_ARATH	61.538	78	90	6.06e-29	106
Arabidopsis_thaliana_Chr4_002097_1412692	sp|Q9SV98|FK103_ARATH	59.302	86	97	6.89e-27	101
Arabidopsis_thaliana_Chr4_002097_1412692	sp|Q9SK64|FB114_ARATH	60.000	85	97	1.79e-24	95.0
